id,name,host_id,host_profile_id,host_name,neighbourhood_group,neighbourhood,latitude,longitude,room_type,price,minimum_nights,number_of_reviews,last_review,reviews_per_month,calculated_host_listings_count,availability_365,number_of_reviews_ltm,license
90676,Short North - Italianate Cottage,483306,1462512110464264381,Lacey,,Near North/University,39.98366,-83.00252,Entire home/apt,179,1,939,2026-06-21,5.24,3,68,95,STRP26000269
591101,Bellows Studio Loft  Apartment,2889677,1462611607632786871,Gail,,Near East,39.96041,-82.98005,Private room,126,2,365,2026-06-28,2.16,1,337,31,2019-1230
927867,Full Private Room at the Hostel,4965048,1462669564327589947,Mathew,,Near North/University,40.01259,-83.00164,Private room,70,1,84,2026-04-26,0.54,4,361,2,STRP26000385
1183297,Hannah's Haus-Historic German Village 3BR Home,6473080,1462707308197913262,Samuel,,Near South,39.95164,-82.99434,Entire home/apt,221,30,89,2026-03-23,1.55,4,338,3,
1217678,Comfortable rooms in Clintonville 1,5707733,1462687462679715933,Russell & Douglas Arguemiller,,Clintonville,40.03869,-83.01728,Private room,120,1,306,2026-06-27,1.93,2,329,33,2025-2824
1286887,"The Red Stable German Village Airbnb, entire home!",78761,1462508610983766971,Jeffery,,Near South,39.94548,-82.99245,Entire home/apt,311,3,205,2026-06-21,1.31,1,208,10,2019-1888
1321192,Downtown! Beautiful Historic Old Oaks Home!,5856018,1462542668295510917,Luke,,Near South,39.95288,-82.96715,Entire home/apt,800,1,69,2026-05-10,0.45,2,358,1,
1336145,Comfortable rooms in Clintonville 2,5707733,1462687462679715933,Russell & Douglas Arguemiller,,Clintonville,40.0369,-83.01677,Private room,120,1,243,2026-06-26,1.55,2,321,25,2023-4020
2134901,Terrific Apt just south of OSU,6466841,1462707162561511000,Linda,,Near North/University,39.98744,-83.01632,Entire home/apt,,30,37,2026-05-31,0.24,3,22,2,2019-1846
2172026,Mid-Century Sweet Little Apartment,6466841,1462707162561511000,Linda,,Near North/University,39.98576,-83.01092,Entire home/apt,70,30,42,2024-10-27,0.28,3,300,0,2019-1847
2262958,Great apartment with extra rooms,6466841,1462707162561511000,Linda,,Near North/University,39.98675,-83.01279,Entire home/apt,103,30,46,2025-05-30,0.31,3,321,0,2019-1848
2349920,Eclectic Short North Escape. FREE Parking!,10776491,1462849333983590022,Catherine,,Near North/University,39.98596,-83.00282,Entire home/apt,285,2,242,2026-05-31,1.61,1,302,15,2019-2361
3193181,LUXURY LIVING on a budget,16184897,1462596930313809844,Toya,,South Linden,40.00681,-82.9734,Entire home/apt,,30,167,2026-04-04,1.14,6,177,5,2019-2084
3731977,Relaxation Near Easton + Theater Room!,18986310,1463067026729497797,Alissa,,Rocky Fork-Blacklick,40.08947,-82.88701,Private room,,30,60,2024-08-10,0.45,1,27,0,2019-1826
3750603,Private bedroom downtown! Historic Old Oaks,5856018,1462542668295510917,Luke,,Near South,39.95175,-82.96688,Private room,,1,21,2020-07-16,0.14,2,0,0,
3940646,Private Loft Retreat • Sleeps 6 • Near Downtown,19532241,1463080594298041622,Michelle,,Near East,39.9659,-82.97557,Entire home/apt,155,1,605,2026-06-12,5.41,3,213,55,STRP25000212
3975468,"Serial Entrepreneur-Ship (""S.E.S"")",16184897,1462596930313809844,Toya,,South Linden,40.00709,-82.97442,Private room,50,30,69,2025-11-08,0.49,6,179,1,2019-2083
4679761,King Private Room at the Hostel,4965048,1462669564327589947,Mathew,,Near North/University,40.01257,-83.00159,Private room,87,1,92,2026-05-06,0.75,4,342,6,STRP26000385
5297763,Pet-Friendly Gem Near OSU Expo| Historic Townhome,27439453,1462641017440159043,Ingrid & Mike,,Near North/University,39.98849,-83.00129,Entire home/apt,228,2,522,2026-05-18,3.88,15,239,40,2021-3068
5854666,Nice BD/ off street parking/Shabat,25144683,1465336896161994748,Yizhar Joe,,Eastmoor/Walnut Ridge,39.9679,-82.92291,Private room,109,2,10,2026-04-26,0.08,1,365,2,
6214751,1 Bedroom Lower Level Apartment,31349526,1465461120135245737,Bill,,Near East,39.96606,-82.96446,Entire home/apt,,30,137,2019-05-26,1.01,1,152,0,2019-1524
6391158,"Your  Home in Columbus ,Ohio 43230",33321292,1462661500840830527,Figen,,Rocky Fork-Blacklick,40.0636,-82.8546,Private room,103,1,277,2026-06-07,2.05,2,354,22,2019-2706
6416756,Your home in Columbus 43230,33321292,1462661500840830527,Figen,,Rocky Fork-Blacklick,40.06335,-82.85319,Private room,115,1,232,2026-06-12,1.72,2,360,26,2019-2706
6624355,Artist paradise by the River,28808319,1465424915418601087,Heidi,,Clintonville,40.02752,-83.02348,Entire home/apt,146,1,145,2026-06-19,1.15,1,258,47,
6805322,The Short S.T.O.P.P,16184897,1462596930313809844,Toya,,South Linden,40.00632,-82.97504,Shared room,37,30,47,2020-03-01,0.35,6,179,0,2019-2083
6883920,SERENITY in NW Columbus!,11363908,1462863141308363335,Brenda And Steven,,Hayden Run,40.06479,-83.12121,Entire home/apt,325,2,90,2026-06-08,0.67,1,329,6,
6924472,Private 3rd Floor Room Near OSU Campus/Short North,24519205,1462629664612660834,Darrin,,Near North/University,39.99223,-83.01182,Private room,65,1,510,2026-06-13,3.96,6,240,68,STRP26000531
7061726,Fairground/OSU + K9s Welcome | Family Friendly,27439453,1462641017440159043,Ingrid & Mike,,Near North/University,39.9883,-83.00101,Entire home/apt,139,2,517,2026-06-25,3.88,15,244,27,2021-3069
7474783,Private Bedroom/Bathroom Close to Downtown,39147286,1462680610987254460,David,,Near East,39.96348,-82.9519,Private room,100,1,222,2026-06-14,4.30,1,133,60,2021-3126
7564891,Tulsa #3 Nicely Priced Bedroom,39662644,1462682190609064553,Paul,,Northland,40.06467,-82.98839,Private room,32,30,16,2023-10-01,0.12,15,115,0,
7617016,Tulsa #1 Shared House Master Bedroom,39662644,1462682190609064553,Paul,,Northland,40.06467,-82.98839,Private room,,30,22,2026-06-07,0.17,15,146,1,
7637541,Tulsa #4 Nicely Priced Bedroom,39662644,1462682190609064553,Paul,,Northland,40.06466,-82.98839,Private room,33,3,21,2026-04-28,0.17,15,150,1,
7771588,1BR Apt. on Clintonville Ravine,7785489,1462741125229162960,Nancy,,Clintonville,40.0195,-83.00268,Entire home/apt,12,180,185,2026-01-16,1.42,1,363,11,2025-1366
8507146,Tulsa #6 Nicely Priced Bedroom,39662644,1462682190609064553,Paul,,Northland,40.06467,-82.98839,Private room,,30,23,2026-05-23,0.19,15,138,2,
8578379,Beautiful Olde Towne East Home close to Downtown,44880235,1462698338820892073,Regan,,Near East,39.96192,-82.97329,Private room,53,1,941,2026-06-25,7.20,2,266,68,2019-1829
8688424,Fabulous private apartment inside beautiful home,35480169,1465524237878888550,Margaret,,Northwest,40.06375,-83.10037,Entire home/apt,125,2,153,2026-06-22,1.17,2,155,20,2019-2111
9117793,Historic house in the short north,30120915,1465443544015847615,Anne,,Near North/University,39.9838,-83.00955,Entire home/apt,104,30,21,2019-03-03,0.17,1,358,0,
9169196,Victorian Home in the Short North/OSU,1815644,1462579120667372554,Amanda,,Near North/University,39.98942,-83.00859,Entire home/apt,276,2,78,2026-06-14,0.67,2,41,8,2025-2137
9561460,Map Room - Olde Towne/Franklin Park-Historic,25656963,1465348074336482190,Josh,,Near East,39.960344632283274,-82.95054054323347,Private room,85,1,857,2026-06-14,6.69,2,342,67,STRP26000247
10016466,Modern Industrial Loft Space Fully Renovated,44442395,1465660262715871460,Jeff,,Near North/University,39.98234,-83.02128,Entire home/apt,314,2,110,2026-06-14,0.86,1,90,6,STRP26000690
10057188,Unique Spacious German Village Gem,51611845,1465808463374148200,Chad,,Near South,39.94565,-82.98558,Entire home/apt,314,31,125,2020-04-01,0.99,1,263,0,
10123323,Comfy Condo Heart of Short North & Garage Parking!,2994567,1462614436633814142,Mark,,Near North/University,39.97459,-83.00314,Entire home/apt,85,30,131,2026-05-02,1.03,13,208,3,STRP26000613
10383297,East Columbus Suburbs with private bath,53450563,1465869127725173731,John,,Far East,39.9993,-82.78244,Private room,55,1,675,2026-06-17,5.33,1,328,89,STRP26000392
11047105,Garden Manor Guest House Air BnB,57330981,1465937580996039690,Al,,Near East,39.96722,-82.97345,Entire home/apt,192,1,328,2026-06-25,2.60,2,124,41,2025-1819
12631194,Walkable 1900s Townhome | Free Parking + Pets OK,27439453,1462641017440159043,Ingrid & Mike,,Near North/University,39.98713,-83.00227,Entire home/apt,128,2,530,2026-06-21,4.38,15,224,43,2021-3067
12737365,Private Bedroom and Bath in Dublin/Hilliard Ohio,3492360,1462530230048003191,Greg,,Hayden Run,40.0599,-83.11814,Private room,73,1,752,2026-06-27,6.14,1,317,78,STRP26000511
12751583,Heart of Olde Towne East Loft,68942337,1466852402907092190,Brad,,Near East,39.96298,-82.97759,Entire home/apt,400,1,389,2026-06-14,3.19,1,149,35,2025-2554
12755075,Quaint 1920s Townhouse,69289743,1466856506872548585,Sarah,,Near South,39.92877,-82.9928,Entire home/apt,170,1,198,2026-06-06,1.63,4,320,16,STRP25000005
12905935,The Little House on Lazelle,70725632,1466875444373836155,Christopher,,Near South,39.95181,-82.99407,Entire home/apt,250,1,28,2026-06-19,2.65,1,150,28,
13045810,Perfect for couples get away or singles traveling,72181837,1466891835011686876,Greg,,Northland,40.09965,-82.97282,Private room,57,1,576,2026-06-25,5.34,1,319,123,STRP26000745
13083807,OSU #B-3 Great Place!,39662644,1462682190609064553,Paul,,Near North/University,40.00381,-82.99725,Private room,34,6,8,2026-04-14,0.24,15,151,1,
13672030,Apartment,7114846,1462559380742993594,Jan,,West Olentangy,40.039116,-83.032127,Entire home/apt,57,60,350,2025-05-12,2.92,2,97,0,2019-2213
13994248,"Rustic Townhouse by Mapfre, Osu, Short North & Downtown",1395861,1462517780766746470,Happy To Host,,Near North/University,40.0186,-82.99732,Entire home/apt,291,2,339,2026-06-06,2.84,4,307,25,2019-1508
14042295,Short North Carriage House,483306,1462512110464264381,Lacey,,Near North/University,39.98457,-83.00239,Entire home/apt,137,1,1053,2026-06-21,8.83,3,73,80,STRP26000270
14245905,Stunning Creek Front Retreat - Water Views - 2BR,4114228,1462647768252762509,David,,Near East,39.97061,-82.94977,Entire home/apt,228,1,217,2026-06-28,2.06,3,86,43,2019-1821
14356430,"Cozy bedroom-Monthly welcomed, NS home",88006238,1467057300868320857,Bonnie,,Near East,39.97412,-82.94917,Private room,35,29,62,2026-05-30,0.57,4,208,9,2019-1294
14928551,Fairground/OSU | K9s Welcome • Large Group Stay,27439453,1462641017440159043,Ingrid & Mike,,Near North/University,40.0048,-82.99963,Entire home/apt,295,2,258,2026-06-05,2.19,15,255,18,2019-1706
14949691,Beautiful spacious suite with gym.,42144583,1465626993365543030,Jason,,Near North/University,39.98189,-82.99833,Private room,99,2,288,2026-06-07,2.42,1,299,25,2019-1284
15008883,High St .2mi | King Ste • 3Q • Chef Kitchen +Park,27439453,1462641017440159043,Ingrid & Mike,,Near North/University,39.97896,-83.00106,Entire home/apt,229,2,370,2026-06-07,3.11,15,227,29,2021-3073
15017759,"Sweet Suite in Historic Woodland Park, downtown",28929522,1465426496612556579,Annette And TJ,,Near East,39.97084,-82.96018,Entire home/apt,55,30,62,2026-05-09,0.54,1,140,6,2019-2049
15393760,"Private clean, quite room and bath in a safe area.",98453972,1467184023273334373,Johnny & Lisa,,Far North,40.11526,-82.97525,Private room,50,3,46,2021-08-07,0.41,1,179,0,
15552200,Short North Apartment just steps from ~EVERYTHING!,4418841,1462656975261543681,Anton,,Near North/University,39.98721,-83.0074,Entire home/apt,56,30,138,2025-03-15,1.18,2,204,0,2019-1892
15929897,Guest Suite @ OSU & Short North Arts District,52174539,1465836807997101830,Kate & Nat,,Near North/University,39.98976,-83.0109,Entire home/apt,100,1,613,2026-06-18,5.35,21,253,47,STRP26000535
16037230,Home great for relaxing,104357124,1467254427223041891,David,,Northeast,40.0306,-82.93218,Entire home/apt,,1,26,2024-12-01,0.55,1,0,0,
16352852,Conveniently located studio apartment,107079813,1467297973698477690,Andrew,,Far Northwest,40.09141,-83.06752,Entire home/apt,109,2,330,2026-06-14,2.87,1,322,26,
16553536,Taste the REIGNbow,16184897,1462596930313809844,Toya,,South Linden,40.00842,-82.97403,Entire home/apt,90,30,52,2021-09-17,0.45,6,180,0,2019-2083
16754197,The Gallery (Short North/OSU/Downtown),39185455,1465585324805666475,Deanna,,Near North/University,39.98846,-83.0073,Entire home/apt,130,1,715,2026-06-28,6.42,1,316,66,STRP26000295
17039553,Enjoyable relaxed stay Room 1 with own bathroom.,114325185,1462904965614537506,Collin,,Far South,39.88474,-82.99014,Private room,60,2,31,2026-06-19,1.10,1,62,13,
17071735,Suite in an Historic Home overlooking Goodale Park,114502307,1468179618457979706,Jeff Smith,,Near North/University,39.97792,-83.00915,Entire home/apt,,2,231,2026-05-17,2.04,2,157,13,STRP26000239
17265759,Loft Carriage House—Short North/Convention Center,116400313,1468193597600247100,Nate,,Near North/University,39.97706,-83.00775,Entire home/apt,236,2,169,2026-06-07,1.49,26,254,14,STRP26000494
17365804,Pet-Friendly Gem | Near OSU & Expo + Free Parking,27439453,1462641017440159043,Ingrid & Mike,,Near North/University,39.98807,-83.00207,Entire home/apt,128,1,478,2026-06-22,4.21,15,189,30,2021-3066
18155378,Private Room w/ Workspace in the Heart of Columbus,77724716,1466952763960079342,Katie,,Near North/University,39.98181,-83.01353,Private room,79,2,96,2026-06-14,0.86,2,336,35,STRP26000516
18577026,Cozy Townhome Next to OSU and Short North (B),52670347,1465853444992420757,Patrick,,Near North/University,39.99076,-83.00652,Entire home/apt,115,30,195,2026-05-18,1.76,8,360,2,2020-1283
18631993,Short North Studio Apt. w/Off-street Parking,71666929,1466886067868576893,August,,Near North/University,39.98346,-83.0065,Entire home/apt,108,7,438,2025-12-28,4.13,3,239,6,2019-1961
18754945,Grandview Post-War Charmer,106768476,1467294491695976200,Thomas Lawrence,,West Olentangy,39.99031,-83.03687,Entire home/apt,158,2,395,2026-06-07,3.57,1,174,38,2025-1425
18930516,Short North Carriage House next to Goodale Park,114502307,1468179618457979706,Jeff Smith,,Near North/University,39.978,-83.00951,Entire home/apt,189,1,645,2026-06-18,5.87,2,135,93,STRP26000240
19177571,Cozy Room in Victorian Village Home,53772169,1465873698849154168,Jami,,Near North/University,39.98357,-83.01179,Private room,91,2,93,2026-05-31,0.85,3,243,19,
19183032,Triple Private Room at the Hostel,4965048,1462669564327589947,Mathew,,Near North/University,40.01257,-83.00159,Private room,107,1,23,2026-03-01,0.22,4,253,1,STRP26000385
19183954,Family Room at the Hostel,4965048,1462669564327589947,Mathew,,Near North/University,40.01257,-83.00159,Private room,303,1,19,2026-05-25,0.18,4,263,2,STRP26000385
19291780,Airport /Easton/Bedroom Suite,80058118,1462825902401754685,Vickie,,Northeast,40.03322,-82.92499,Private room,84,1,42,2026-06-06,0.38,1,90,16,
19365515,Bright and airy 1 BDR Apartment close to Downtown,19532241,1463080594298041622,Michelle,,Near East,39.96496,-82.97713,Entire home/apt,,1,10,2019-05-20,0.10,3,0,0,2019-2246
19469926,Short North/Central Italian Village Home,35241426,1462668045020532385,Kevin,,Near North/University,39.98146,-82.99968,Entire home/apt,571,2,205,2026-06-21,1.90,1,225,21,2019-1494
19700416,Peaceful room in a quiet court,93547897,1467129351872183959,Masa Masuda,,Northland,40.10234,-82.98126,Private room,35,30,131,2026-01-23,1.21,3,31,7,2025-1261
19768209,Almost Bexley Near Airport Cozy Guest Room,25476736,1462633668437292394,Sara,,Eastmoor/Walnut Ridge,39.96605,-82.92349,Private room,40,30,28,2026-06-07,0.48,3,83,4,2021-2356
19840029,Historic Studio Loft - Primo Location,31798233,1465467172497365835,Sam,,Near North/University,39.97467,-83.00347,Entire home/apt,196,2,486,2026-05-31,4.54,6,276,42,2025-1793
19861283,Bright Modern Flat,31798233,1465467172497365835,Sam,,Downtown,39.96433,-82.9978,Entire home/apt,97,30,102,2025-09-22,0.96,6,331,1,2019-1394
19923750,Private-Bedroom /ensuite. Monthly welcome NS Home,88006238,1467057300868320857,Bonnie,,Near East,39.97546,-82.94796,Private room,36,30,90,2026-05-17,0.83,4,228,9,2019-1294
19961055,Spacious home close to OSU ft. off street parking,72162010,1466891645531658750,Myles,,Near North/University,40.01396,-83.00991,Entire home/apt,543,2,62,2026-06-14,0.58,1,202,9,2021-2473
20015830,"Comfort bedroom monthly welcomed, NS home",88006238,1467057300868320857,Bonnie,,Near East,39.97615,-82.94897,Private room,31,30,109,2026-02-01,1.00,4,148,2,2019-1294
20047598,Beechwold Bungalow - Clean & Conveniently Located,142420946,1468406199343790091,Steve,,Clintonville,40.05389,-83.01478,Entire home/apt,,1,213,2026-06-22,4.37,2,135,46,STRP25000209
20469877,OSU/Fairgrounds | K9 Welcome • Sleeps Large Groups,27439453,1462641017440159043,Ingrid & Mike,,Near North/University,40.00672,-82.99916,Entire home/apt,207,2,260,2026-06-24,2.42,15,250,18,2021-3070
20754302,Art at 185 German Village,22063803,1462619608393822661,Marty,,Near South,39.94747,-82.99168,Entire home/apt,145,1,824,2026-06-21,7.71,1,115,91,2019-2013
20871689,Short North 4BR 2 Bath FREE PARKING + WiFi,10210173,1462834461095114382,Justin,,Near North/University,39.98072,-83.01231,Entire home/apt,159,30,262,2026-06-14,2.48,1,339,24,2019-2726
21028711,Townhouse in University District,151454355,1468487603246247592,Christopher,,Near North/University,40.00779,-83.002296,Entire home/apt,119,2,38,2026-06-07,1.13,1,223,11,2025-2134
21028916,Sophia's Sunny Place Columbus Ohio,151456682,1468487609720268940,Sophia,,West Olentangy,40.01904,-83.04461,Entire home/apt,426,2,244,2026-05-18,2.30,1,322,22,2019-1993
21071138,Huge Downtown Apartment +Free Parking +300MB Wifi,22992627,1462623455172967796,Joseph,,Downtown,39.9561,-82.99804,Entire home/apt,69,30,174,2026-05-10,1.64,2,291,3,2023-2448
21186596,Luxury three story apartment in SHORT NORTH,152060241,1468492427228294939,Milana,,Near North/University,39.97945,-83.00499,Entire home/apt,189,30,99,2025-05-05,0.93,2,363,0,2022-3589
21475354,Newly Renovated Space,17314325,1463007263422845863,Terry,,Near South,39.93208,-82.99704,Private room,47,30,30,2019-11-09,0.28,1,180,0,
21477953,Comfy & Cozy 1 Bedroom,155992052,1468522716003541081,Robert,,Northland,40.07625,-82.97169,Private room,,30,178,2025-05-12,1.91,3,69,0,2019-1889
21526768,harrison haus,11930197,1462580502745005985,Scott,,Near North/University,39.98022,-83.01461,Entire home/apt,745,1,449,2026-06-21,4.26,1,244,35,2025-2110
21625739,"Comfy room mins from downtown, stadium, conv ctr",76628675,1466939556129483696,Jake,,Franklinton,39.95618,-83.03119,Private room,53,2,54,2026-06-25,0.52,2,132,8,2019-1484
21649433,3 BR Home- Close to Everything,2994567,1462614436633814142,Mark,,Near North/University,40.00943,-82.99945,Entire home/apt,43,60,20,2026-03-31,0.19,13,212,1,STRP26000611
21864282,*THE* Closest Room to OSU Campus/Stadium/Hospital!,24519205,1462629664612660834,Darrin,,Near North/University,39.991634,-83.011284,Private room,62,1,204,2026-06-13,1.95,6,239,17,2025-1220
21922183,Sone's Place  Room C,141210967,1468395607330378263,Grace,,Northland,40.09728,-82.95091,Private room,89,30,27,2023-07-25,0.26,3,79,0,
22016352,Weinland/Short North Modern & Rustic Townhome,160768602,1463009078387410703,Benjamin,,Near North/University,39.98926,-82.99649,Entire home/apt,189,1,985,2026-06-14,9.51,2,350,99,2024-2992
22060949,"Cozy, Convenient Short North 2BR/1.5B Free Parking",14037717,1462929055892070658,Brandy,,Near North/University,39.98212,-82.99892,Entire home/apt,188,2,372,2026-06-14,3.60,3,160,29,2021-2410
22120473,Spacious bedroom Monthly welcomed. NS home,88006238,1467057300868320857,Bonnie,,Near East,39.97467,-82.94923,Private room,37,30,66,2026-06-20,0.65,4,176,6,2019-1294
22308103,Sunbury home,62853442,1462751621437434992,Thierry,,Northeast,40.01416,-82.93515,Entire home/apt,117,30,10,2019-03-03,0.10,1,83,0,
22646137,Beautiful renovated ranch in quiet neighborhood.,33532441,1465490525925365067,Alex,,Eastmoor/Walnut Ridge,39.93952,-82.91378,Entire home/apt,,2,177,2025-12-07,1.72,2,0,14,2025-2256
22829374,Grandview Heights | Pet Friendly |Easy Parking,8963103,1462791412955111071,Sarah,,West Olentangy,39.98578,-83.03515,Entire home/apt,168,1,463,2026-06-22,4.52,7,356,36,STRP25000441
22920809,Private Carriage House - Garage Parking,31798233,1465467172497365835,Sam,,Near North/University,39.98522,-83.00095,Entire home/apt,151,2,399,2026-05-25,3.96,6,315,30,2025-1794
23004939,Colorful Restored Red Brick with Backyard Patio,14725198,1462945466954946538,Rachael,,Clintonville,40.03151,-83.01084,Entire home/apt,229,30,217,2025-12-27,2.13,1,313,7,2019-1565
23005234,Tiny Blue House! Close to Short North & Downtown!,119188865,1462915589572879198,Bridgid,,Near North/University,39.98345,-82.99742,Entire home/apt,120,30,155,2024-11-22,1.53,1,365,0,2019-2087
23145906,Italian Village Carriage House + Parking,52646849,1465852852060390949,Rob,,Near North/University,39.98264,-82.99845,Entire home/apt,176,2,368,2026-06-21,4.18,1,225,37,2019-1176
23325292,Short North One Bed w/Off-street Parking,71666929,1466886067868576893,August,,Near North/University,39.98371,-83.00523,Entire home/apt,,7,360,2025-05-12,3.54,3,0,0,2019-1961
23371418,Olde Towne East/Children's Hospital Historic House,171668685,1529324216755577705,Brent,,Near East,39.95526,-82.97619,Entire home/apt,213,1,355,2026-06-14,3.76,1,324,18,2019-1809
23379800,Short North Guesthouse w/ Parking,28782068,1465424557584510812,Scott,,Near North/University,39.98316,-83.002,Entire home/apt,116,1,515,2026-06-28,5.08,1,146,39,2023-2030
23469529,The White Brick Studio @ OSU & Short North,52174539,1465836807997101830,Kate & Nat,,Near North/University,39.9907,-83.01131,Entire home/apt,108,1,554,2026-06-23,5.50,21,261,43,STRP26000536
23521285,SOHUD Treetop Townhouse (C),4723137,1462664136817343440,David,,Near North/University,40.01454,-83.00235,Entire home/apt,21,90,111,2025-04-26,1.10,3,140,0,2019-3030
23582919,Brewery District Homestead,60592073,1466746230958291694,Hilary,,Near South,39.9474,-82.99925,Entire home/apt,245,1,475,2026-06-22,4.71,1,191,52,2019-1811
23822283,Artistic Olde Towne East Efficiency Apartment,45680657,1465680674852267072,Kendric,,Near East,39.96132,-82.97742,Entire home/apt,100,1,898,2026-06-14,8.94,2,53,58,2019-1317
24036884,Valleyview Suite,180917362,1468746216036778692,Rebecca,,Hilltop,39.95993,-83.08797,Entire home/apt,69,1,319,2026-06-28,3.18,1,212,50,STRP26000204
24039394,Oasis in the City (Near Bexley),117004922,1468198391099071147,Nick And Sonja,,Eastmoor/Walnut Ridge,39.94292,-82.91537,Entire home/apt,94,30,120,2025-11-02,1.27,1,34,5,2019-1486
24156011,The Short North Nest,30241348,1465445153154444963,David Z,,Near North/University,39.974667,-83.003471,Entire home/apt,169,2,339,2026-06-14,3.43,2,147,38,STRP25000267
24306117,Short North Modern & Rustic Downtown Townhome,160768602,1463009078387410703,Benjamin,,Near North/University,39.98953,-82.99696,Entire home/apt,181,1,973,2026-06-14,9.95,2,335,94,2024-2993
24599205,Michaelangelo's,54100341,1465880076514323477,Christopher,,Near North/University,40.01385,-83.00122,Entire home/apt,46,30,19,2025-01-01,0.19,13,117,0,
24678009,Flowing King Lincoln Home Close to Downtown,165232727,1468604650893700032,Marshela Nicole,,Near East,39.96952,-82.9685,Entire home/apt,438,30,206,2024-10-27,2.11,2,202,0,2021-2858
24852614,Charm and character-free parking-1 block from High,4114228,1462647768252762509,David,,Downtown,39.97513269301328,-83.00098799633497,Entire home/apt,165,32,50,2024-07-28,0.51,3,269,0,2019-1824
24943318,Cozy Grandview Hideaway Near OSU | Free Parking,8963103,1462791412955111071,Sarah,,West Olentangy,39.98602,-83.03505,Entire home/apt,174,1,296,2026-06-16,2.99,7,361,9,STRP25000440
24969919,German Village Getaway!,89696876,1467086494782674382,Eric,,Near South,39.95126,-82.98792,Entire home/apt,172,1,432,2026-06-14,4.37,3,159,22,strp26000576
25801573,"Lots of light! Walk to OSU, Short North (A)",52670347,1465853444992420757,Patrick,,Near North/University,39.9906,-83.00828,Entire home/apt,115,30,72,2024-09-25,0.74,8,214,0,2020-1281
25858734,Eclectic Carriage House in a Vibrant Neighborhood,194281106,1463106943901266179,Nicole,,Near North/University,39.9823,-83.00838,Entire home/apt,201,3,243,2026-06-22,2.48,59,30,10,2024-0895
25917984,The Level Two Studio @ OSU & Short North,52174539,1465836807997101830,Kate & Nat,,Near North/University,39.98948,-83.01094,Entire home/apt,,1,434,2026-06-14,4.44,21,260,12,STRP26000535
26336993,Entire House with Backyard 5 min to Easton Mall,90522286,1467095488855078539,Wannie,,Northland,40.06254,-82.94018,Entire home/apt,213,2,108,2026-06-22,1.11,1,146,13,STRP26000702
26368947,Private Room with Fireplace; Free Parking Near OSU,37425943,1465560173742088809,Steve,,Near North/University,39.98744,-83.01339,Private room,143,1,96,2026-06-21,1.00,2,338,23,2024-3511
26428080,Private Room; Short North/OSU; Free Parking,37425943,1465560173742088809,Steve,,Near North/University,39.98884,-83.01142,Private room,133,1,104,2026-06-21,1.08,2,350,16,2021-3511
26717456,Columbus Clean  Cozy Close to Everything sleeps 12,178521644,1463070326590058742,Calvin,,North Linden,40.01673,-82.98686,Entire home/apt,,30,154,2026-06-14,1.64,1,354,14,2026-1854
27223749,Upland Bedroom #1,39662644,1462682190609064553,Paul,,Northland,40.06477,-82.98805,Private room,,30,16,2026-05-29,0.18,15,28,3,2019-2168
27252097,Grandview Plant Loft- Close to OSU,205256572,1469070724870923001,Stephanie,,West Olentangy,39.98888,-83.04357,Entire home/apt,226,1,336,2026-06-07,3.52,2,172,57,2019-1844
27341208,Gem of German Village,89696876,1467086494782674382,Eric,,Near South,39.95178,-82.98712,Entire home/apt,179,1,469,2026-06-14,4.87,3,136,44,STRP26000577
27370485,Terry's Private Rustic Home/ Airport/City & Easton,125418001,1468264238579999268,Terry,,Northeast,39.992,-82.93106,Entire home/apt,131,1,534,2026-06-14,5.63,5,226,39,2019-2985
27524416,Mike & Allen's Place on the Park,197936864,1469031353296996187,Mike,,Near East,39.96269,-82.95391,Private room,302,1,109,2026-06-13,1.16,3,354,5,STRP25000731
27720723,Mike & Allen's Place on the Park-Too,197936864,1469031353296996187,Mike,,Near East,39.96375,-82.95444,Private room,297,1,206,2026-06-20,2.16,3,352,18,STRP25000731
27786833,Historic Comfy German Village Haus sleeps6/petsOK,139332037,1468381177495557943,Jenny,,Near South,39.94562,-82.99091,Entire home/apt,247,1,627,2026-06-27,6.70,7,131,76,2021-2322
27824789,Clean quiet bedroom in Powell townhouse,210114939,1469096345484852517,Felecia,,Far Northwest,40.13573,-83.07044,Private room,46,30,2,2025-08-30,0.20,1,251,2,
27831822,Beachfront Property! - SNO,123460291,1462924916679527648,Amanda,,Near North/University,39.98408,-83.00328,Entire home/apt,206,1,22,2026-06-07,0.23,1,131,4,
27907197,Welcome! | Shared Home | Private room |,74207205,1462812193347241104,Katy,,Far West,40.00983,-83.14671,Private room,64,5,101,2026-05-18,1.06,1,229,11,STRP26000906
27927319,Vic Village Gem | 3 Queens • OSU ½ mi • Parking,27439453,1462641017440159043,Ingrid & Mike,,Near North/University,39.98791,-83.01242,Entire home/apt,240,2,388,2026-05-31,4.21,15,85,36,2019-1708
28008219,Chic Urban Living near OSU and the Short North (D),52670347,1465853444992420757,Patrick,,Near North/University,39.99053,-83.00877,Entire home/apt,115,30,94,2025-12-02,0.99,8,146,2,2020-1285
28310651,The Short North Retreat - Private Parking!!!,194281106,1463106943901266179,Nicole,,Near North/University,39.98173,-83.00412,Entire home/apt,152,1,537,2026-06-25,5.65,59,286,70,2024-0894
28353911,The Clintonville Red House,214084121,1469120167583164674,Lesley,,Clintonville,40.05273,-83.01658,Entire home/apt,232,2,251,2026-06-14,2.67,1,43,32,20191433
28401098,Private Townhouse in SOHUD (B),4723137,1462664136817343440,David,,Near North/University,40.01301,-83.00126,Entire home/apt,,60,31,2025-08-10,0.33,3,30,1,2019-3030
28506061,Gray Room - Olde Towne/Franklin Park-Historic,25656963,1465348074336482190,Josh,,Near East,39.96031,-82.95052,Private room,83,1,457,2026-06-15,4.89,2,333,69,STRP26000247
28540036,"Comfy near downtown, stadium, convention ctr",76628675,1466939556129483696,Jake,,Franklinton,39.955322265625,-83.03162384033203,Entire home/apt,128,2,65,2026-06-21,0.69,2,264,29,2019-1485
28544932,Wincott Place - A Clintonville Gem,128025266,1468286188061335965,Sonia And Angie,,Clintonville,40.0605,-83.00787,Entire home/apt,226,1,283,2026-06-27,2.99,1,286,32,2019-1309
28563372,Refurbished Duplex Apartment in Historic Italian Village,215572429,1469130228468287782,Zach & Cathleen,,Near North/University,39.98007,-83.00102,Entire home/apt,172,1,539,2026-06-14,5.73,1,196,72,2019-1891
28640445,Spacious 1BR - Great Location @ Grandview & OSU!,181661236,1468753247619882720,Chris,,West Olentangy,39.98985,-83.03976,Entire home/apt,115,2,371,2026-06-18,3.94,1,255,29,2025-1614
28960931,Cozy Short North Brick Condo - 1 block off High St,218295417,1469148593777345763,John,,Near North/University,39.98042,-83.00834,Entire home/apt,354,2,110,2026-06-21,1.20,1,137,14,2019-1204
29030170,Cozy place nestled in the heart of short north,218781688,1469151902856788904,Mark,,Near North/University,39.98229,-83.00763,Private room,142,30,69,2026-05-18,0.84,2,178,5,2019-2758
29059682,"Remodel+ 2 King Beds, 3 Min to OSU, Great Kitchen",16507907,1462988349138561518,Brian,,Clintonville,40.03078,-83.02186,Entire home/apt,215,2,143,2026-06-08,1.52,2,323,11,2024-1796
29127692,The Architect and Baker House,79004963,1466966387301942934,Amy,,Near East,39.96169,-82.95533,Entire home/apt,219,2,139,2026-06-14,1.49,2,48,16,2024-0729
29130681,Carriage House Style / heart of German Village,16967531,1462999149561820805,Philip,,Near South,39.94731,-82.99498,Entire home/apt,,1,478,2026-06-21,8.77,1,0,71,
29213687,"4 bedrooms, walk to OSU and downtown (E)",52670347,1465853444992420757,Patrick,,Near North/University,39.9894,-83.0066,Entire home/apt,157,14,146,2026-05-05,1.56,8,137,2,2022-1033
29752166,Fantastic Hidden Gem In Quiet Neighborhood,83430852,1467010010354387926,Chase,,Clintonville,40.06501,-83.01242,Entire home/apt,220,2,435,2026-06-14,4.76,6,324,39,STRP25000695
29801073,Spacious 3 BR | Walk to OSU | Good for Families!,11607037,1462579243003671340,Stephanie,,Near North/University,40.00833,-83.00288,Entire home/apt,201,2,143,2026-06-21,1.65,1,164,17,2019-1570
29900406,The Short North Carriage House-Private Parking!!!,194281106,1463106943901266179,Nicole,,Near North/University,39.97854,-83.00968,Entire home/apt,111,2,514,2026-06-26,5.53,59,284,69,2024-0890
29906924,Renovated Old Oaks Home Near Nationwide & Downtown,119659878,1468219296275628525,Kay,,Near South,39.94856,-82.96987,Entire home/apt,398,1,34,2026-05-31,0.38,6,360,3,2023-2488
29907600,Cozy Rear Single Room Near Nationwide & Downtown,119659878,1468219296275628525,Kay,,Near South,39.95,-82.96854,Private room,137,1,97,2026-06-14,1.06,6,361,8,2023-2488
29941638,"Bed & Breakfast, Queen Suite, Desk, Privacy",175078890,1468698058414220878,Robert,,Near North/University,39.97718,-83.00202,Private room,141,1,7,2025-12-28,0.15,8,334,2,Exempt
29993076,Cozy and stylish getaway centrally located!!!!,131645635,1468317529588993197,Leese,,Northland,40.08143,-82.9174,Entire home/apt,,30,15,2023-12-21,0.28,1,159,0,
30013525,Cozy & Comfy 1 Bedroom,155992052,1468522716003541081,Robert,,Northland,40.07431,-82.97179,Private room,61,30,196,2025-05-12,2.17,3,69,0,2019-1889
30122014,SOHUD townhouse close to OSU/Downtown,4723137,1462664136817343440,David,,Near North/University,40.01275,-83.00162,Entire home/apt,26,90,15,2026-05-31,0.16,3,103,1,2019-3030
30310415,1stFL Suite | 5BR • Game Room • Parking • High St,27439453,1462641017440159043,Ingrid & Mike,,Near North/University,39.97794,-83.0004,Entire home/apt,373,1,240,2026-06-14,2.85,15,198,45,2021-3065
30338017,Spacious Stay | 1stFL Suite • GameRm • OSU ½ mi,27439453,1462641017440159043,Ingrid & Mike,,Near North/University,39.98745,-83.01163,Entire home/apt,519,1,246,2026-05-25,2.68,15,189,22,2021-3072
30676426,Spacious Front Bedroom Near Nationwide & Downtown,119659878,1468219296275628525,Kay,,Near South,39.9502,-82.96843,Private room,153,1,67,2026-05-13,0.75,6,361,5,2023-2488
30760809,Lovely room in a quiet court,93547897,1467129351872183959,Masa Masuda,,Northland,40.10151,-82.98104,Private room,35,30,96,2026-05-27,1.07,3,31,8,2025-1261
30786971,"Livingston Hideaway - Off Street Parking, 3 BR",33532725,1465490575545440662,Brandon,,Near South,39.95005,-82.97323,Entire home/apt,155,2,540,2026-06-15,5.92,5,110,52,STRP25000465
31058112,Comfortable Middle Room Near Nationwide & Downtown,119659878,1468219296275628525,Kay,,Near South,39.94936,-82.97075,Private room,99,2,68,2026-06-13,0.75,6,361,4,2023-2488
31339875,"“Exclusive 3 Bedroom”
Historical Columbus Home",191916098,1468997543561250074,Jami,,Near East,39.96831,-82.96539,Entire home/apt,191,2,324,2026-06-21,3.58,6,9,56,STRP26000029
31708577,2 Bedroom House - Short North / Italian Village,112084007,1467353790085605058,Jay,,Near North/University,39.98119,-83.00052,Entire home/apt,318,2,76,2026-06-21,1.47,1,332,13,
31858701,"Newly renovated, spacious home in Central Columbus",238769852,1469270505287060244,Carolyn,,Northwest,40.07132,-83.06675,Entire home/apt,662,2,228,2026-06-22,2.54,1,323,21,2019-3505
31883821,XL Home Near Campus- 3 Large Bedrooms (30 day min),2994567,1462614436633814142,Mark,,Near North/University,40.01788,-83.00825,Entire home/apt,,30,8,2023-05-15,0.09,13,28,0,2019-1496
31900971,Beautifully Decorated Apartment in Columbus,8963103,1462791412955111071,Sarah,,West Olentangy,39.9858,-83.03649,Entire home/apt,178,1,162,2026-06-14,1.82,7,327,21,STRP25000439
31958704,Cozy comfort 3 BR +loft  Children's Hosp& Downtown,53884276,1465875428250752591,Theresa,,Near South,39.94885,-82.97799,Entire home/apt,,30,156,2026-05-17,1.73,8,0,1,2019-2243
32015969,Grab a Slice of History at industrial studio,194281106,1463106943901266179,Nicole,,Near North/University,39.98497,-83.00011,Entire home/apt,178,1,440,2026-06-07,4.88,59,301,68,2024-0886
32041307,Industrial Chic Apartment in Re-Purposed Factory,194281106,1463106943901266179,Nicole,,Near North/University,39.98481,-83.00012,Entire home/apt,152,1,386,2026-06-15,4.29,59,308,62,2024-0885
32224329,Long Street White house,217319476,1469141909362927591,Karen,,Near East,39.96881,-82.96832,Entire home/apt,,1,64,2025-09-26,0.72,2,0,4,2025-2457
32257230,Grove City Private Room for Two!,1596846,1462562675881018203,Erika,,Westland,39.93662,-83.1463,Entire home/apt,150,1,0,,,1,267,0,
32338404,Free Garage Parking | Walk Short North & Downtown,487020630,1463817950400730559,Sara Beth,,Near North/University,39.98302,-83.01316,Entire home/apt,108,30,359,2026-06-15,4.15,7,336,50,2025-1225
32406632,Nice home near downtown Columbus,243362321,1469291669121672116,Matthew Lee,,Near South,39.94709,-82.98642,Entire home/apt,249,2,269,2026-06-15,3.02,1,206,51,2019-1170
32649607,Technology Meets Design in this Stunning SmartHome,89422445,1467083728481280972,Jeremy,,Northwest,40.05522,-83.04895,Entire home/apt,,1,138,2026-04-01,1.54,1,0,5,2019-1832
32814973,The Aerie,45680657,1465680674852267072,Kendric,,Near East,39.9604,-82.97671,Entire home/apt,103,1,370,2026-06-11,4.18,2,52,33,2019-1317
33196934,Spacious 3BR Near OSU | New Kitchen & Luxe Showers,175883174,1468705028249288964,Michael,,Near North/University,40.0139,-83.00074,Entire home/apt,184,2,267,2026-06-04,3.20,8,126,24,2019-2481
33290325,The Little Yellow House,157118596,1468532237530549843,Delene,,Northwest,40.06892,-83.07445,Entire home/apt,237,2,210,2026-06-20,2.45,1,28,28,2019-1816
33544946,Small & Cozy Two Bedroom Urban Home,252765141,1469338896342028029,Phil,,Near South,39.94703,-82.95486,Entire home/apt,127,2,143,2026-06-12,2.52,1,249,18,
33688809,TRENDY 3 Bd in German/Merion Village,45223436,1465671215399589256,Arleigh,,Near South,39.93729,-82.99499,Entire home/apt,258,1,511,2026-06-13,5.83,1,165,63,2023-2297
33922710,Comer house,256171103,1469353687664816431,Jim,,Far North,40.13624,-83.02197,Private room,,1,20,2025-02-12,0.23,1,0,0,
33957259,Victorian Downtown home in Olde Towne East,40026410,1465597227757038622,Jamie,,Near East,39.96068,-82.96569,Entire home/apt,270,2,193,2026-06-14,2.21,3,314,22,2022-1479
33965806,Renovated Historic House on Quiet Brick Street,256475365,1463314147074603420,Allan,,Near North/University,39.98071,-82.99893,Entire home/apt,287,2,79,2026-06-28,1.70,1,320,20,2022-2103
34055994,★King’s Landing Duplex close to OSU/Short North ★,90062227,1467090237542466069,Sam,,Near North/University,39.99434,-82.99741,Entire home/apt,212,2,266,2026-06-20,3.27,19,314,36,2026-0691
34180725,Quaint gem in the heart of a vibrant hip community,256012634,1469352896255960985,Catherine,,Near South,39.93502,-82.98823,Private room,35,30,65,2025-06-22,0.78,2,232,0,2024-1026
34338841,Tulsa #2 Nicely Priced Bedroom,39662644,1462682190609064553,Paul,,Northland,40.06441,-82.98791,Private room,33,30,8,2026-05-04,0.10,15,118,1,
34349508,Huge 4 BED/2.5 BA home w/ big back yard and deck!!,67826667,1466838151405291597,Jordan,,Northland,40.06373,-82.98746,Entire home/apt,225,2,338,2026-06-23,3.90,8,291,16,2022-2839
34442208,Lovely Lower Level within our home,251828862,1469334505645329809,Katherine,,Northland,40.09987,-82.96752,Entire home/apt,171,2,102,2026-06-20,1.19,1,215,8,2019-2043
34445753,Regan's Place: (Very Near Downtown),44880235,1462698338820892073,Regan,,Near East,39.96301,-82.97408,Private room,54,1,574,2026-06-22,6.62,2,269,61,2019-1829
34468537,3 Suites • 5 Queens • OSU ½ mi • Parking for 4,27439453,1462641017440159043,Ingrid & Mike,,Near North/University,39.98584,-83.01156,Entire home/apt,426,1,169,2026-06-16,2.42,15,256,27,2021-3074
34817039,Cozy SOHUD Second Floor Apartment With Parking Lot,58022914,1466695483858750374,Matthew,,Near North/University,40.01317,-83.00301,Entire home/apt,92,2,216,2026-06-09,2.50,3,10,41,STRP26000537
35223461,Private Parking_OSU/ExpoCenter Renovated 2story 6C,249951812,1469325022709321142,Jessie,,Near North/University,39.99577,-82.99798,Entire home/apt,190,1,450,2026-06-14,5.25,20,185,53,STRP26000827
35321049,Rare Downtown Apartment +Free Parking +300MB Wifi,22992627,1462623455172967796,Joseph,,Downtown,39.9542,-82.99822,Entire home/apt,129,2,133,2026-06-21,1.55,2,289,25,STRP26000397
35634056,Spacious Home Away From Home,268076810,1469417113541400411,Derek,,Northland,40.07081,-82.97055,Entire home/apt,348,2,154,2026-05-24,1.80,1,53,16,Strp25000585
35687139,Stylish Apartment in Grandview Heights,8963103,1462791412955111071,Sarah,,West Olentangy,39.98757,-83.03596,Entire home/apt,183,1,217,2026-06-14,2.55,7,178,14,STRP25000438
35916240,Luxe 4BR w/ Outdoor Living!,107290958,1467300359542408670,Joel,,Near North/University,39.98035,-83.01565,Entire home/apt,255,2,234,2026-06-07,2.74,9,349,32,2023-3852
36002884,"A Downtown, Hospitals & More Private 1 bed/1bath",50481146,1465773600754144749,Gina,,Near South,39.95333,-82.97448,Entire home/apt,,30,14,2025-11-23,0.42,2,0,8,Exempt
36174639,Mohawk Masterpiece - German Village!,31798233,1465467172497365835,Sam,,Near South,39.945297,-82.992607,Entire home/apt,188,2,208,2026-06-06,2.45,6,246,6,2024-1051
36302483,★ Caesar’s Palace ★ Old North Duplex near OSU★,90062227,1467090237542466069,Sam,,Near North/University,40.01369,-82.99857,Entire home/apt,322,2,87,2026-06-07,1.54,19,325,19,2026-0685
36302698,"★Easton Waterfront: Boat, Fish, Theatre, Barcade★",90062227,1467090237542466069,Sam,,North Linden,40.02605,-82.94229,Entire home/apt,700,2,316,2026-06-13,3.74,19,328,28,2026-0693
36346074,LUXELOFT High St ShortNorth Free Park RooftopPatio,160931077,1468565481153840409,Joy,,Near North/University,39.97467,-83.00347,Entire home/apt,232,1,418,2026-06-28,4.96,2,261,67,STRP26000122
36409437,Two Bedroom Modern Apartment with Parking,58022914,1466695483858750374,Matthew,,Near North/University,40.01284,-83.00197,Entire home/apt,173,2,195,2026-06-14,2.31,3,5,57,STRP25000248
36596947,"Valley R- A
private attached bathroom",275084618,1463361903759557367,Judy,,Northland,40.06525,-82.98132,Private room,,5,90,2026-05-18,1.06,21,0,4,2019-2310
36626866,Luxury Home @ Easton Town Center~2BR/2BA.,68145274,1462786857279813790,J & L,,Northeast,40.0471,-82.91477,Entire home/apt,198,2,73,2022-06-24,0.90,1,318,0,2019-3094
36811312,Majestic Mohawk I | German Village | Parking!,10620281,1462575061375127071,Robert,,Near South,39.94622,-82.99295,Entire home/apt,272,1,225,2026-06-13,2.68,7,245,22,2023-2082
36945757,Valley R - B,275084618,1463361903759557367,Judy,,Northland,40.06629,-82.98178,Private room,49,7,103,2026-06-01,1.22,21,185,4,2019-2310
36946349,Valley R-C,275084618,1463361903759557367,Judy,,Northland,40.06589,-82.98356,Private room,,30,79,2025-11-26,0.94,21,49,4,2019-2310
36977254,Paradise R 1,275084618,1463361903759557367,Judy,,Northland,40.06477,-82.98166,Private room,58,4,69,2025-03-15,0.82,21,118,0,2019-2310
37053393,Wonderbread Factory Loft- Short North-Free Parking,194281106,1463106943901266179,Nicole,,Near North/University,39.97762,-82.99849,Entire home/apt,131,2,475,2026-06-21,5.66,59,288,53,2023-2214
37053655,Wonderbread Loft - Short North - Free Parking!,194281106,1463106943901266179,Nicole,,Near North/University,39.97762,-82.99849,Entire home/apt,140,2,486,2026-06-17,5.77,59,275,55,2023-2215
37053853,Short North Industrial  Loft - Free Parking!,194281106,1463106943901266179,Nicole,,Near North/University,39.97762,-82.99849,Entire home/apt,140,2,421,2026-06-26,5.00,59,290,51,2023-2213
37079534,"Gorgeous 2005 ranch, high end finishes and decor.",33532441,1465490525925365067,Alex,,Eastmoor/Walnut Ridge,39.94346,-82.92314,Entire home/apt,353,2,75,2025-12-30,0.90,2,5,10,2025-2257
37154893,Italian Village Flat - Short North - Free Parking,194281106,1463106943901266179,Nicole,,Near North/University,39.98554,-82.99921,Entire home/apt,152,1,493,2026-06-27,5.91,59,269,64,2024-0888
37155054,Modern Flat - Short North - Free Parking,194281106,1463106943901266179,Nicole,,Near North/University,39.98502,-82.99915,Entire home/apt,152,1,441,2026-06-25,5.30,59,281,66,2024-0887
37159760,PrivateParking/Entrance_OSU/ExpoCentr 7D Renovated,249951812,1469325022709321142,Jessie,,Near North/University,39.9968,-82.99748,Entire home/apt,195,1,293,2026-06-14,3.48,20,176,23,STRP26000833
37210104,Quite Stay near 270 and 670 to Downtown and OSU,280093184,1463372969035577458,Apryl,,Rocky Fork-Blacklick,40.06098,-82.88304,Entire home/apt,270,30,27,2023-06-17,0.32,1,263,0,
37347972,Fincastle,54100341,1465880076514323477,Christopher,,Clintonville,40.02181,-83.00858,Entire home/apt,38,30,7,2025-03-27,0.09,13,211,0,
37357516,"Glenmont Inn-Whole House! Outdoor oasis-Pool,Fire",281456685,1469478870603196611,Pete,,Clintonville,40.04479,-83.01173,Entire home/apt,1673,2,138,2026-06-15,1.71,1,263,15,2023-4702
37394149,German Village Point,89696876,1467086494782674382,Eric,,Near South,39.95105,-82.98659,Entire home/apt,177,1,332,2026-06-11,3.95,3,163,31,strp26000575
37857760,Charming Short North Flat~King Bed  & Parking,235497311,1469253643263290319,⁨Marc (TailwindSTR)⁩,,Near North/University,39.98428,-83.0073,Entire home/apt,140,2,402,2026-06-08,4.81,19,146,27,2019-2091
37928558,Historic North Market Loft—CONVENTION CENTER/ARENA,116400313,1468193597600247100,Nate,,Downtown,39.97153,-83.00321,Entire home/apt,196,2,172,2026-05-31,2.08,26,240,29,STRP25000350
37929298,"OSU #D Small, great deal apartment!",39662644,1462682190609064553,Paul,,Near North/University,40.00405,-82.99788,Entire home/apt,36,30,5,2025-12-20,0.15,15,246,1,
37929358,OSU #B-2 Great Place!,39662644,1462682190609064553,Paul,,Near North/University,40.00553,-82.99848,Private room,34,30,11,2026-02-28,0.21,15,132,2,
37965217,Perfect For Groups & Families-5 Bedroom Cozy Home,287830717,1469500769564407201,Boris,,Near North/University,40.01139,-83.00155,Entire home/apt,472,2,42,2026-06-07,0.50,13,93,4,2019-2589
37965261,Beautiful & Large 5 Bed/2 Bath-Great For Families,287830717,1469500769564407201,Boris,,Near North/University,40.01278,-83.00024,Entire home/apt,456,2,39,2026-04-26,0.47,13,93,1,2019-2588
37985676,Charming Studio - Walk To Ohio State and High St!,235497311,1469253643263290319,⁨Marc (TailwindSTR)⁩,,Near North/University,39.99727,-83.00578,Entire home/apt,82,2,128,2026-05-22,1.54,19,14,14,2022-2172
37985908,"Comfy Studio Walk to OSU w Free Parking, TV & Desk",235497311,1469253643263290319,⁨Marc (TailwindSTR)⁩,,Near North/University,39.99594,-83.00413,Entire home/apt,107,2,327,2026-06-21,3.93,19,11,11,2022-2178
38000925,PrivateParking/Entrance_OSU/ExpoCentr 7A Renovated,249951812,1469325022709321142,Jessie,,Near North/University,39.99653,-82.99694,Entire home/apt,200,1,302,2026-06-26,3.62,20,191,43,STRP26000831
38047463,"Pristine Clean and Sanitized, 4beds, 3 bath home",120455802,1462918465382224777,Norma,,Northland,40.08434,-82.93162,Entire home/apt,331,3,96,2025-10-25,1.15,15,3,2,2019-2731
38064211,"Cozy, clean, and quiet; easy access to everything!",75181106,1466924296775422397,Michelle,,Clintonville,40.07288,-83.0276,Entire home/apt,173,2,225,2026-06-15,2.76,1,319,27,
38071523,Modern & Large ❤️ 10 Bed / 4 Bath | Host 26 Guests,287830717,1469500769564407201,Boris,,Near North/University,40.01119,-83.00066,Entire home/apt,948,2,73,2026-06-14,1.17,13,338,5,2019-2588
38073577,ARENA ROOM ★ Modern & Comfy - with free PARKING ★,287830717,1469500769564407201,Boris,,Near North/University,40.01323,-83.00082,Private room,73,1,363,2026-06-26,4.38,13,21,71,2019-2588
38099681,Quaint gem 2 bed heart of a vibrant hip community,256012634,1469352896255960985,Catherine,,Near South,39.93475,-82.99027,Private room,95,30,14,2024-12-22,0.17,2,52,0,2024-1026
38104535,★ Bright & Relaxing - Cleaned & Sanitized ❤️,287830717,1469500769564407201,Boris,,Near North/University,40.01109,-83.00073,Private room,74,1,211,2026-06-05,2.55,13,15,43,2019-2588
38104611,"★ Large, Modern & Bright ❤️ CLEANED & SANITIZED!",287830717,1469500769564407201,Boris,,Near North/University,40.01319,-83.0008,Private room,69,1,322,2026-06-24,3.88,13,21,35,2019-2588
38104632,★ Cozy & Comfortable Private Room ❤️ Stay Here!,287830717,1469500769564407201,Boris,,Near North/University,40.01185,-83.00223,Private room,71,1,257,2026-06-12,3.10,13,22,36,2019-2588
38104661,EDGEWOOD ROOM ★ 2 Beds ★ Comfortable Private Room,287830717,1469500769564407201,Boris,,Near North/University,40.01185,-83.00169,Private room,70,1,186,2026-06-22,2.25,13,20,39,2019-2588
38105884,Amherst Room - Modern and Spacious,287830717,1469500769564407201,Boris,,Near North/University,40.01197,-83.00049,Private room,71,1,351,2026-06-21,4.24,13,22,41,2019-2589
38105885,"★Bright, Modern & Stylish-Great Value-Ultra Clean!",287830717,1469500769564407201,Boris,,Near North/University,40.01259,-83.00149,Private room,69,1,252,2026-06-12,3.05,13,21,39,2019-2589
38105887,"CELINA ROOM ★Spacious, Bright & Private Room ❤️",287830717,1469500769564407201,Boris,,Near North/University,40.01142,-83.00014,Private room,69,1,283,2026-06-26,3.42,13,21,22,2019-2589
38105890,★Comfortable & Cozy Room ❤️ Professionally Cleaned,287830717,1469500769564407201,Boris,,Near North/University,40.01188,-83.00051,Private room,71,1,203,2026-06-25,2.46,13,22,31,2019-2589
38105891,"EATON ROOM ★ 2 Beds, Great For 2 People ★ Comfy",287830717,1469500769564407201,Boris,,Near North/University,40.01269,-83.00237,Private room,69,1,181,2026-06-23,2.18,13,21,21,2019-2589
38352416,Ideally Located 1 Bdrm Stay | Parking & Laundry,291861093,1463396967047021155,Corey,,Near North/University,39.98627,-83.00453,Entire home/apt,121,2,320,2026-06-26,3.87,2,317,50,STRP25000250
38359601,Cozy south campus apartment!,141615095,1468399691881141478,Stacey,,Near North/University,39.98871,-83.01581,Entire home/apt,118,1,581,2026-06-11,7.03,1,34,84,2019-2853
38413815,"<Fantastic Space 1> Close to OSU, Downtown, etc",217660325,1463200571785010328,Jin,,Near North/University,39.9922,-83.01005,Entire home/apt,774,2,27,2025-11-02,0.33,27,106,2,STRP26000139
38437430,The SoHo Patio Loft—CONVENTION CENTER/SHORT NORTH,116400313,1468193597600247100,Nate,,Near North/University,39.97467,-83.00347,Entire home/apt,201,2,166,2026-06-12,2.01,26,241,28,STRP26000491
38646422,A Quaint and Quiet Retreat...,288243645,1469502056063057063,Lisa,,Northwest,40.07695,-83.09722,Private room,38,30,15,2026-06-05,0.21,3,317,3,2019-3177
38648313,Enchanting and Charming,288243645,1469502056063057063,Lisa,,Northwest,40.0781,-83.09869,Private room,37,30,17,2026-03-01,0.21,3,228,3,2019-3177
38675404,Guest Suite with private entrance on 1.5 acres.,127164334,1468278938033281992,Abbie,,Northwest,40.07025,-83.03864,Entire home/apt,101,1,673,2026-06-24,8.33,1,47,102,
38702270,SONE'S PLACE ROOM A,141210967,1468395607330378263,Grace,,Northland,40.09671,-82.94953,Private room,68,30,1,2022-10-24,0.02,3,277,0,Exempt
38868238,INDEPENDENT 4 Bdr Home Nr Downtown NO CLEANING FEE,297646569,1469531360624949123,Kirandeep,,Westland,39.95499,-83.14739,Entire home/apt,187,1,456,2026-06-15,5.56,1,187,49,2023-3324
38898749,CorbettHouse BusinessSuite NeilAveVictorianVillage,297899272,1469532416767007183,Randall,,Near North/University,39.98501,-83.01291,Private room,122,2,69,2026-05-28,0.84,3,122,8,2021-3369
38900550,Corbett House Green Room Neil Ave VictorianVillage,297899272,1469532416767007183,Randall,,Near North/University,39.9848,-83.01396,Private room,64,30,75,2025-10-25,0.92,3,127,2,2021-3369
38927976,"German Village Luxury, Charm and Relaxation",100563614,1467207558925140090,Abraham,,Near South,39.93983,-82.98867,Entire home/apt,232,1,373,2026-05-21,4.60,1,97,27,2023-3284
39003869,Walkable and Cozy German Village Haus/Pets OK,139332037,1468381177495557943,Jenny,,Near South,39.95061,-82.99384,Entire home/apt,197,1,434,2026-06-27,6.03,7,314,72,2021-2307
39063726,PrivateParking/Entrance_OSU/ExpoCentr 6E Renovated,249951812,1469325022709321142,Jessie,,Near North/University,39.99568,-82.99808,Entire home/apt,190,1,251,2026-06-14,3.09,20,183,25,STRP26000828
39198166,2B 1.5BA Worthington Townhome - near 270,2791366,1462526320617074815,Kristi,,Far Northwest,40.10943,-83.05672,Entire home/apt,251,1,268,2026-06-21,3.30,2,251,30,2019-3077
39338442,Gorgeous 4brm/3bath home in Old North,2006852,1462521630116987053,Jay,,Near North/University,40.01377,-83.00739,Entire home/apt,388,1,104,2026-06-11,1.28,1,345,5,2021-3020
39341198,Charming Loft in Historic German Village,58520005,1466701269245217152,Evan & Brittany,,Near South,39.9506,-82.9893,Entire home/apt,191,1,396,2026-06-19,4.87,1,125,61,STRP26000715
39369196,Cozy Home/Airport/Entire Place/contractor friendly,125418001,1468264238579999268,Terry,,Northeast,39.9913,-82.93103,Entire home/apt,151,1,487,2026-05-31,5.99,5,324,46,2019-3096
39416332,The Short North Retreat II - Free Private Parking,194281106,1463106943901266179,Nicole,,Near North/University,39.98173,-83.00412,Entire home/apt,178,1,415,2026-06-10,5.12,59,296,62,2024-0892
39420948,Apartment in the heart of the short north,218781688,1469151902856788904,Mark,,Near North/University,39.98245,-83.0059,Entire home/apt,233,2,30,2026-06-21,0.58,2,359,7,2019-2758
39548469,Columbus Corner Castle,32668461,1465479077151324816,Brian,,Near North/University,39.99123,-82.99912,Entire home/apt,740,1,81,2026-06-14,1.03,1,166,19,2019-3608
39561762,Main Street Retreat Top Level,201428246,1469051200675599107,Alexander,,Near East,39.95818,-82.95075,Entire home/apt,149,2,28,2026-06-11,2.71,2,332,28,2025-2657
39590575,PrivateParking/Entrance_OSU/ExpoCentr 6A Renovated,249951812,1469325022709321142,Jessie,,Near North/University,39.99537,-82.9975,Entire home/apt,190,1,232,2026-06-14,2.86,20,243,34,STRP26000826
39621898,COMPLETELY UPDATED 4 bed/2 bath home w/ deck+yard,67826667,1466838151405291597,Jordan,,Northland,40.09833,-82.96927,Entire home/apt,211,2,285,2026-06-11,3.54,8,317,19,2019-3185
39668530,Earthy and Sunny room - Close to OSU,78310390,1466959251525286219,Gary,,Clintonville,40.02765,-83.01806,Private room,36,30,6,2025-09-04,0.08,2,210,1,
39732080,"Sweet Home in QUIET area near Airport, CU & DWTN",305382005,1469563415694832856,Josh,,Eastmoor/Walnut Ridge,39.95883,-82.92331,Entire home/apt,114,30,78,2026-05-31,0.98,1,213,3,2019-3354
39777007,"Ashley - Spacious, 1st Flr room Near OSU Med Cntr",217660325,1463200571785010328,Jin,,Near North/University,39.99189,-83.00819,Private room,92,1,88,2026-05-18,1.10,27,21,12,2024-2284
39778119,"Ava Room - Room near OSU Med Cntr, Downtown, etc.",217660325,1463200571785010328,Jin,,Near North/University,39.99076,-83.00926,Private room,75,2,89,2026-06-14,1.13,27,29,13,STRP26000139
39778894,"Aria - Room near OSU Med Center, Downtown",217660325,1463200571785010328,Jin,,Near North/University,39.99213,-83.00976,Private room,77,2,82,2026-06-14,1.02,27,34,13,STRP26000139
39779208,"Avery - Room Near OSU Med Center, Downtown",217660325,1463200571785010328,Jin,,Near North/University,39.99226,-83.00868,Private room,93,1,72,2026-06-14,0.90,27,26,8,STRP26000139
39779670,"Amelia - Room near OSU Med Center, Downtown",217660325,1463200571785010328,Jin,,Near North/University,39.99149,-83.00848,Private room,92,1,98,2026-06-14,1.22,27,27,9,STRP26000139
39779822,"Anna - Room near OSU Med Center, Downtown",217660325,1463200571785010328,Jin,,Near North/University,39.99058,-83.00782,Private room,86,1,120,2026-05-24,1.49,27,19,22,STRP26000139
39855489,Quaint Townhouse in Merion Village #2,69289743,1466856506872548585,Sarah,,Near South,39.92986,-82.99183,Entire home/apt,214,1,109,2026-06-14,1.36,4,321,17,STRP25000006
40029093,Cozy Family Home with Garage/6 Min From Downtown!,259386526,1463322202987266368,Griffin,,Near South,39.94596,-82.95995,Entire home/apt,166,2,203,2026-06-14,2.53,19,238,24,STRP26000480
40150903,Almost Bexley Cozy Corner Room 2 Near Airport,25476736,1462633668437292394,Sara,,Eastmoor/Walnut Ridge,39.96505,-82.92275,Private room,,30,12,2024-10-23,0.21,3,179,0,2021-2356
40162695,Private Parking_OSU/ExpoCenter Renovated 2story 7C,249951812,1469325022709321142,Jessie,,Near North/University,39.99638,-82.99813,Entire home/apt,190,1,329,2026-06-27,4.09,20,179,46,STRP26000832
40175552,Sparkling 3BR/Remodeled/Walk to Campus+Short North,310208501,1469579014580634707,Adam,,Near North/University,39.99308395385742,-83.0006103515625,Entire home/apt,430,1,144,2026-06-14,1.82,1,63,25,STRP25000282
40260123,Short North Studio with off-street parking,71666929,1466886067868576893,August,,Near North/University,39.98367,-83.00466,Entire home/apt,108,7,170,2026-05-29,2.12,3,160,27,2019-3474
40275467,PrivateParking/Entrance_OSU/ExpoCentr 9D Renovated,249951812,1469325022709321142,Jessie,,Near North/University,39.9971,-82.99578,Entire home/apt,190,1,230,2026-06-14,2.86,20,192,29,STRP26000838
40347805,"#2 Near Mapfre, OSU, Hospitals, Arenas & Downtown",1395861,1462517780766746470,Happy To Host,,Near North/University,40.01772,-82.99801,Entire home/apt,263,2,110,2026-06-14,1.39,4,328,22,2019-3519
40397893,"#1 Near Mapfre, OSU, Hospitals, Arenas & Downtown",1395861,1462517780766746470,Happy To Host,,Near North/University,40.01617,-82.99976,Entire home/apt,277,2,89,2026-06-21,1.16,4,317,20,2019-3517
40430589,Private Parking_OSU/ExpoCenter Renovated 2story 9C,249951812,1469325022709321142,Jessie,,Near North/University,39.99646,-82.99689,Entire home/apt,190,1,245,2026-05-24,3.12,20,194,28,STRP26000837
40430828,PrivateParking/Entrance_OSU/ExpoCentr 9E Renovated,249951812,1469325022709321142,Jessie,,Near North/University,39.99662,-82.99675,Entire home/apt,190,1,219,2026-06-07,2.73,20,193,23,STRP26000839
40531348,The Short North Retreat III - Free Private Parking,194281106,1463106943901266179,Nicole,,Near North/University,39.98173,-83.00412,Entire home/apt,159,1,465,2026-06-10,5.84,59,288,59,2024-0893
40535387,Suite Overlooking ZEN garden,35480169,1465524237878888550,Margaret,,Northwest,40.06353,-83.09915,Private room,101,30,25,2026-06-14,1.18,2,332,7,Exempt
40565293,"Cozy, Private Room Near Dwntwn & Children’s Hosp",39227328,1465585889823878111,Chantel,,Near South,39.93119,-82.95549,Private room,,31,26,2025-07-07,0.33,2,0,1,2019-3510
40567974,Home Away from Home In Quiet Neighborhood,83430852,1467010010354387926,Chase,,Clintonville,40.06528,-83.01095,Entire home/apt,171,2,302,2026-06-24,3.93,6,314,46,STRP25000696
40568031,Perfect for Families & Work - Clean & Spacious 3BR,83430852,1467010010354387926,Chase,,Clintonville,40.06351,-83.01343,Entire home/apt,184,2,305,2026-06-19,3.94,6,324,39,STRP25000700
40690463,"Affordable Luxury in Columbus, Ohio!",120455802,1462918465382224777,Norma,,Eastmoor/Walnut Ridge,39.94303,-82.93297,Entire home/apt,,1,4,2020-03-07,0.05,15,83,0,2019-2731
40803264,Anderson Estate- Near Downtown- Fast Wi-Fi,14051607,1462929368967889362,Paul,,Near East,39.95961,-82.96454,Entire home/apt,218,4,105,2024-09-23,1.35,1,78,0,2024-1025
40859835,Overlook - Private Hot Tub! King bed in Ranch Home,139829172,1468384919409475909,Jake,,Clintonville,40.045962617578795,-83.00089546263185,Entire home/apt,330,1,74,2026-06-28,4.63,1,266,57,2025-1097
40952014,Downtown Luxury Apartment on the Columbus Commons,224493353,1469191732960951699,Dom,,Downtown,39.95923,-82.99987,Entire home/apt,213,2,179,2026-06-22,2.26,26,298,20,2023-4949
41090934,PrivateParking/Entrance_OSU/ExpoCentr 9A Renovated,249951812,1469325022709321142,Jessie,,Near North/University,39.99498,-82.99741,Entire home/apt,200,1,190,2026-05-31,2.40,20,185,23,STRP26000835
41195989,Amazing Apartment in the Heart of Downtown,224493353,1469191732960951699,Dom,,Downtown,39.95921,-82.99984,Entire home/apt,135,2,263,2026-06-18,3.33,26,323,32,2025-4935
41400755,Cozy North Columbus 10 min from Airport,216909466,1463198781810295515,Tracy,,North Linden,40.01567,-82.95243,Entire home/apt,310,1,123,2026-06-14,1.60,1,166,13,2020-3928
41791927,"Remodeled Bungalow, 2 Kings, 3 min to OSU",16507907,1462988349138561518,Brian,,Clintonville,40.03131,-83.02205,Entire home/apt,245,1,108,2026-06-14,1.39,2,299,12,2024-1796
41836651,2BR/1BA Near OSU | Historic Charm & Modern Comfort,175883174,1468705028249288964,Michael,,Near North/University,40.01512,-83.00108,Entire home/apt,199,2,206,2026-06-14,2.64,8,139,19,2020-1107
41911372,Paradise R 2,275084618,1463361903759557367,Judy,,Northland,40.06445,-82.98281,Private room,,4,55,2025-05-09,0.71,21,0,0,2019-2310
42013467,Lux Queen + Single —Short North + Convention Centr,175078890,1468698058414220878,Robert,,Near North/University,39.97696,-83.00095,Private room,141,1,8,2025-09-28,0.12,8,322,1,Exempt
42014128,"Short North King Suite + Trundle, Breakfast Incld.",175078890,1468698058414220878,Robert,,Near North/University,39.97649,-83.00142,Private room,147,1,6,2026-01-10,0.09,8,321,1,Exempt
42169704,Bexley Adjacent Master Suite,168512667,1463037433895410689,AnnE,,Eastmoor/Walnut Ridge,39.96364,-82.9216,Private room,95,2,41,2026-05-31,1.22,3,46,21,2023-3739
42203948,Modern Downtown Luxury Apartment,224493353,1469191732960951699,Dom,,Downtown,39.95923,-82.99987,Entire home/apt,145,2,173,2026-06-22,2.26,26,335,23,2023-5084
42366117,"Starling Station Historic Home Prem Garage, Locale",24083540,1462627871395592241,Aristea,,Near South,39.93819,-82.99273,Entire home/apt,121,30,10,2024-05-05,0.30,3,365,0,2019-1234
42381001,"Campus Charm  Roku TV, Walk to High St Eats!",325932974,1469621514476282909,Marc,,Near North/University,39.99746,-83.00708,Entire home/apt,79,2,249,2026-06-21,3.22,16,16,31,2022-2156
42383635,High Street OSU Retreat by Starbucks & Campus,325932974,1469621514476282909,Marc,,Near North/University,39.99925,-83.00708,Entire home/apt,79,2,310,2026-06-19,4.03,16,16,25,2022-2157
42385110,"Easy Parking, Heart of Ohio State Walk to High St",325932974,1469621514476282909,Marc,,Near North/University,39.99845,-83.00496,Entire home/apt,95,2,394,2026-06-22,5.10,16,13,41,2022-2182
42386189,Kitchen / Parking / Wifi /  Walk to High St Studio,325932974,1469621514476282909,Marc,,Near North/University,39.99677,-83.00425,Entire home/apt,120,2,153,2026-06-17,1.98,16,72,7,2020-1198
42519931,GermanVillage_Private Parking Children'sHospital D,249951812,1469325022709321142,Jessie,,Near South,39.94778,-82.98332,Entire home/apt,195,1,269,2026-05-31,3.49,20,194,29,2025-2281
42584546,GermanVillage_Private Parking Children'sHospital C,249951812,1469325022709321142,Jessie,,Near South,39.94894,-82.98468,Entire home/apt,205,1,218,2026-06-14,2.85,20,193,31,2025-2280
42635466,German Village Pied à Terre,483306,1462512110464264381,Lacey,,Near South,39.94372,-82.98988,Entire home/apt,151,1,540,2026-06-21,7.05,3,62,81,STRP26000268
42732936,The Ranch Place - Private Home Close to New Albany,188365764,1468975999583944860,Offer Solutions,,Rocky Fork-Blacklick,40.06288,-82.86723,Entire home/apt,142,30,16,2024-10-28,0.21,2,320,0,
42761947,The Jazz and Blues Executive Mansion on Miami,177205580,1463067436702945353,Adrian,,Near East,39.9677970930644,-82.97508371911691,Entire home/apt,,30,25,2026-04-13,0.62,11,0,6,2025-1688
42973664,Victorian Castle - Elegant  - First Floor/ 2 BR,342137119,1469672646722960699,Matthew And Annette,,Downtown,39.96089,-82.98483,Entire home/apt,177,30,1,2022-05-15,0.02,2,332,0,
43103310,New Condo in Short North & Free Parking,2994567,1462614436633814142,Mark,,Near North/University,39.97397,-83.00451,Entire home/apt,96,30,17,2026-05-10,0.30,13,139,7,STRP26000614
43122677,The Cellar - Fully Renovated Unit in Clintonville,226592539,1469205391258636033,Nesip,,Clintonville,40.034374,-83.009888,Entire home/apt,,30,125,2024-12-08,1.78,1,121,0,2021-2764
43154301,Brand New Huge Luxury Home w/ Terrace! Must See!,107290958,1467300359542408670,Joel,,Near North/University,39.98627,-82.99986,Entire home/apt,886,2,204,2026-06-08,2.69,9,345,25,2023-2279
43156459,HUGE NEW LUXE HOME W/ TERRACE! BEST AIRBNB IN CBUS,107290958,1467300359542408670,Joel,,Near North/University,39.9852,-83.00089,Entire home/apt,931,2,257,2026-06-12,3.39,9,342,42,2023-2280
43770667,Rest and Recharge 3,143950108,1468417878442731599,William,,South Linden,39.99027,-82.94121,Private room,56,30,1,2024-01-02,0.03,4,59,0,
43770738,Rest a while 2.,143950108,1468417878442731599,William,,South Linden,39.9895,-82.94284,Private room,,30,1,2023-10-31,0.03,4,0,0,
43770743,Cozy Room 4,143950108,1468417878442731599,William,,South Linden,39.98884,-82.94201,Private room,,30,5,2023-12-17,0.08,4,1,0,
43804124,Industrial Flat - EJ Thomas Factory - Short North,194281106,1463106943901266179,Nicole,,Near North/University,39.984802,-83.000122,Entire home/apt,152,1,469,2026-06-26,6.42,59,279,88,2024-0884
43806645,"Walk to Campus Studio High St, Free Parking",325932974,1469621514476282909,Marc,,Near North/University,39.99685,-83.00543,Entire home/apt,160,2,144,2026-06-26,2.00,16,5,14,2022-2184
43840767,Rustic and Modern Downtown Getaway,350643473,1469698722296773869,Benjamin,,Near East,39.9695,-82.97393,Entire home/apt,268,1,535,2026-06-13,7.46,1,302,70,2024-2994
43872297,The Victorian Greenhouse - King Bd/Private Parking,325932974,1469621514476282909,Marc,,Near North/University,39.98252,-83.0077,Entire home/apt,117,7,358,2026-05-04,4.91,16,137,17,2022-2608
43897658,Bohemian Flat - Short North - Free Parking,194281106,1463106943901266179,Nicole,,Near North/University,39.980816,-82.998802,Entire home/apt,152,1,402,2026-06-26,5.52,59,298,70,2024-0889
43927680,Italian Village- Short North Home- private parking,135685330,1462952476052684314,Jessica,,Near North/University,39.98246,-82.99725,Entire home/apt,280,3,143,2026-06-21,1.96,2,114,13,2023-2422
44020582,Downtown Columbus home - Close to everything!,352794556,1469704887811576555,Chanel,,Near East,39.96038,-82.97563,Entire home/apt,70,30,12,2026-04-01,0.17,2,240,1,
44087254,Close to ShortNorth&OSU - Entire Residential House,113737890,1468174285917889192,Ronald Louis,,Near North/University,39.99431,-82.9956,Entire home/apt,165,30,67,2026-06-14,1.31,1,228,13,2026-1355
44121484,Cozy 2BR w/ Garage + Private Yard | German Village,79834634,1466974503474694539,James,,Near South,39.95058,-82.99355,Entire home/apt,346,1,408,2026-06-21,5.71,1,342,82,STRP26000660
44204541,Cozy 2 bedroom basement apt. (see description),243881747,1469294289227784644,Su,,Clintonville,40.0623,-83.01661,Entire home/apt,144,2,141,2026-06-26,2.00,2,26,40,2020-1747
44493981,★ Under the Sea ★ Private Home with Game Room ★,90062227,1467090237542466069,Sam,,Near South,39.94397,-82.96613,Entire home/apt,145,2,185,2026-06-17,2.58,19,322,40,2026-0694
44534134,Home close to downtown Columbus,360227053,1469722255352258999,Jodee,,Near South,39.94029,-82.98364,Entire home/apt,223,2,101,2026-06-14,1.50,1,110,17,2020-1971
44545876,"<Fantastic Space 2> Near OSU Med Center, Downtown",217660325,1463200571785010328,Jin,,Near North/University,39.99166,-83.00997,Entire home/apt,726,2,3,2022-11-27,0.06,27,4,0,STRP26000138
44586892,The Playful London Flat—DOWNTOWN/ARENA/CONV CENTER,116400313,1468193597600247100,Nate,,Downtown,39.96374,-82.99803,Entire home/apt,100,30,22,2026-06-08,0.31,26,237,2,2019-1911
44588678,OSU High St Studio / Parking / 200Mb WIFI / KTCHN,325932974,1469621514476282909,Marc,,Near North/University,39.99657,-83.00353,Entire home/apt,,7,116,2026-06-26,1.63,16,4,5,2022-2177
44589731,"Ohio State Comfort * Free PRKG, Walk to High St!",325932974,1469621514476282909,Marc,,Near North/University,39.99666,-83.00554,Private room,83,7,212,2026-05-31,2.97,16,71,9,2022-2167
44595231,GermanVillage_Private Parking Children'sHospital B,249951812,1469325022709321142,Jessie,,Near South,39.9474,-82.98411,Entire home/apt,195,1,268,2026-06-07,3.76,20,193,44,STRP26000856
44998711,★ Lion Safari ★ Private Home with Game Room ★,90062227,1467090237542466069,Sam,,Near South,39.94193,-82.98111,Entire home/apt,445,2,168,2026-01-12,2.37,19,120,18,2026-0690
45177532,Nearest Airbnb Walkable to OSU/Stadium/Short North,24519205,1462629664612660834,Darrin,,Near North/University,39.99218,-83.01102,Private room,71,1,257,2026-06-14,4.28,6,226,74,STRP26000531
45224030,Walkable 3BR w/ Game Room & Yard | OSU,97405277,1467173375652989130,Darren,,Clintonville,40.05262,-83.01859,Entire home/apt,261,1,252,2026-06-22,3.57,18,336,36,2025-0085
45268001,Cute and Cozy 3 Bedroom Ranch Home,67826667,1466838151405291597,Jordan,,Far Northwest,40.10935,-83.05859,Entire home/apt,233,2,238,2026-06-19,3.39,8,329,19,2022-2841
45285595,PrivateParking/Entrance_OSU/ExpoCentr 9B Renovated,249951812,1469325022709321142,Jessie,,Near North/University,39.99539,-82.99576,Entire home/apt,195,1,224,2026-06-05,3.18,20,195,38,STRP26000836
45302190,Housepitality - Top Choice Flat - Great Location,26958698,1462639286756387417,Benjamin,,Near South,39.94923,-82.984375,Entire home/apt,241,1,111,2025-11-02,1.57,6,363,4,2021-2660
45423798,Short North OSU walkable free off-street parking,120135691,1468223072974824900,Jill,,Near North/University,39.98636,-83.0078,Entire home/apt,169,2,128,2026-06-28,2.66,1,80,35,2024-2250
45565566,Backyard Oasis CBus Sport House w/Driveway Parking,63784636,1462764714245550316,Christopher James,,Franklinton,39.95239,-83.03014,Entire home/apt,,1,288,2024-10-20,4.19,5,0,0,2024-0720
45671406,Rest assured 5,143950108,1468417878442731599,William,,South Linden,39.99023,-82.94132,Private room,,30,8,2023-07-28,0.12,4,0,0,
45733584,"*Cute* 3B Apt. Near Children's, Downtown, & OTE",54769683,1462729805210202603,Annie,,Near South,39.94828,-82.97657,Entire home/apt,152,1,175,2026-05-31,2.52,5,163,26,2025-2584
45736134,Comfy 3B pet friendly near Children's/Downtown/OTE,54769683,1462729805210202603,Annie,,Near South,39.94681,-82.97633,Entire home/apt,183,1,132,2026-06-11,1.90,5,175,18,2025-2585
45924545,★ Trendy Spot Newly Remodeled in the <3 of it all!,273519092,1469443375312059329,Adriana,,Near East,39.95674,-82.96916,Entire home/apt,349,2,151,2026-05-31,2.24,1,72,14,2020-2183
45959021,Modern Downtown Luxury Apartment w/ View,224493353,1469191732960951699,Dom,,Downtown,39.95923,-82.99986,Entire home/apt,161,2,205,2026-06-14,2.97,26,319,33,2023-7537
45987335,CityWalk- Short North/Arena/Convention Center,356660084,1469712858202132253,Nia,,Near North/University,39.97557,-83.00414,Entire home/apt,164,1,233,2026-06-28,3.48,1,86,40,2020-2217
46008624,Clintonville Charmer | Walk to Great Restaurants!,52174539,1465836807997101830,Kate & Nat,,Clintonville,40.04825,-83.02441,Entire home/apt,192,2,86,2026-06-23,1.26,21,348,20,2025-1891
46078953,Bexley Mid-Mod Masterpiece near Downtown & Airport,10620281,1462575061375127071,Robert,,Eastmoor/Walnut Ridge,39.97016,-82.92291,Entire home/apt,284,1,301,2026-06-17,4.52,7,230,52,2024-0639
46096380,Entire Carriage Home in  Historic German Village,373586753,1469759080068730178,Amanda,,Near South,39.94784,-82.99646,Entire home/apt,230,1,398,2026-06-08,6.15,1,236,40,2021-1013
46137753,Quaint German Village Cottage with Parking Spot,373870735,1469759992438436452,Robert,,Near South,39.94509,-82.98575,Entire home/apt,260,1,207,2026-06-14,3.01,1,138,32,2020-2064
46429507,Cozy private bedroom with queen bed and workspace,65250167,1462768666729777603,Marina,,Near South,39.93411,-82.98455,Private room,66,1,130,2026-06-07,1.91,4,115,10,2019-3616
46430526,Cozy little queen bedroom with workspace,65250167,1462768666729777603,Marina,,Near South,39.93625,-82.98494,Private room,,2,171,2025-07-26,2.50,4,0,4,2019-3616
46435988,Majestic Mohawk II • German Village •Schiller Park,10620281,1462575061375127071,Robert,,Near South,39.94643,-82.99341,Entire home/apt,223,1,259,2026-06-14,3.84,7,249,32,2023-2085
46453346,Private Chic Home - Downtown Columbus,352794556,1469704887811576555,Chanel,,Near East,39.96231,-82.97583,Entire home/apt,72,30,8,2026-05-30,0.13,2,241,4,
46569295,GermanVillage_Private Parking Children'sHospital E,249951812,1469325022709321142,Jessie,,Near South,39.94806,-82.98519,Entire home/apt,195,1,292,2026-06-14,4.30,20,198,45,STRP26000858
46569296,PrivateParking/Entrance_OSU/ExpoCentr 6D Renovated,249951812,1469325022709321142,Jessie,,Near North/University,39.99492,-82.99792,Entire home/apt,190,1,267,2026-06-07,4.18,20,185,42,STRP26000829
46580387,"Nice 3 bd 1 bth just minutes from OSU, CMH, DWNTWN",48511914,1465735074271652283,Santoria,,Near East,39.97566,-82.96571,Entire home/apt,148,14,14,2022-11-06,0.24,8,302,0,2021-2214
46600463,Carriage House | High St .2 mi | K9s Welcome,27439453,1462641017440159043,Ingrid & Mike,,Near North/University,39.97947,-82.99999,Entire home/apt,117,2,233,2026-06-08,3.45,15,246,39,2021-3075
46731073,💫 Cali Style Townhouse - Mins to Everything💫,3216904,1462528581338916014,David M,,West Olentangy,39.9891,-83.04566,Entire home/apt,236,1,470,2026-06-14,6.95,7,105,85,2020-2229
46732672,💫Coastal Style in the City - Close to Everything!💫,3216904,1462528581338916014,David M,,West Olentangy,39.98988,-83.04567,Entire home/apt,387,1,505,2026-06-14,7.47,7,123,70,2020-2228
46812621,"Quaint 1 Bedroom, Furnish Apt. Near OSU",115344814,1468185416157823092,Concetta,,Near North/University,39.98562,-83.01228,Entire home/apt,53,30,14,2026-05-26,0.22,1,316,2,
46835467,Majestic Mohawk III • German Village • Nationwide,10620281,1462575061375127071,Robert,,Near South,39.9463,-82.99297,Entire home/apt,226,1,223,2026-06-14,3.31,7,230,32,2023-2086
46893593,🌲 Mtn Mod Townhome w/City Views-Unmatched Location,3216904,1462528581338916014,David M,,West Olentangy,39.98854,-83.04402,Entire home/apt,226,1,489,2026-06-10,7.23,7,118,72,2020-2227
46894154,★ Puppy Christmas  ★ Private Home Near OSU ★,90062227,1467090237542466069,Sam,,Near North/University,40.01305,-83.00647,Entire home/apt,145,2,193,2026-06-14,2.87,19,307,36,2026-0688
46925721,Elegant Townhome In Olde Towne East Near Downtown,119659878,1468219296275628525,Kay,,Near South,39.95416,-82.97511,Entire home/apt,374,1,22,2026-05-18,0.33,6,357,7,2023-2488
47078613,The Fenimore Flat | No Steps | Patio | King Bed!,27280979,1465402775111214573,Jesse,,Rocky Fork-Blacklick,40.09806,-82.85032,Entire home/apt,,30,3,2026-05-31,0.07,22,1,1,
47135980,The Harris-McKinley - Your home away from home,101833432,1462874623943636875,James,,South Linden,39.98329,-82.94319,Entire home/apt,31,90,6,2026-05-30,0.13,1,272,1,
47156590,The Bronze Skyline Loft—DOWNTOWN/ARENA/CONV CENTER,116400313,1468193597600247100,Nate,,Downtown,39.964275,-82.99778,Entire home/apt,101,30,1,2025-10-04,0.11,26,116,1,2019-1897
47157263,The Elegant Urban Flat—DOWNTOWN/ARENA/CONV CENTER,116400313,1468193597600247100,Nate,,Downtown,39.964275,-82.99778,Entire home/apt,111,30,8,2025-08-07,0.12,26,223,1,2019-1900
47158027,The Paper White Flat—DOWNTOWN/ARENA/CONV CENTER,116400313,1468193597600247100,Nate,,Downtown,39.964275,-82.99778,Entire home/apt,111,30,6,2025-09-30,0.09,26,270,1,2019-2807
47161040,The Skyline Bike Condo—DOWNTOWN/ARENA/CONV CENTER,116400313,1468193597600247100,Nate,,Downtown,39.964275,-82.99778,Entire home/apt,163,30,6,2025-09-30,0.09,26,232,1,2019-2807
47356226,*Historic Home Near Downtown* | Sleeps 14 | Arcade,117626724,1468203408776627664,Jared,,Near East,39.96862,-82.9671,Entire home/apt,295,30,357,2026-06-14,5.40,4,326,64,2026-1241
47445384,Near Downtown/Short North/OSU~King Bed/TVs~Garage,38962915,1462680020706833376,Jennifer,,Near East,39.96128,-82.95952,Entire home/apt,291,2,124,2026-06-15,2.16,5,251,18,2021-2715
47492274,Comfy 3 BR Home North of OSU Campus,2994567,1462614436633814142,Mark,,Near North/University,40.00834,-82.999,Entire home/apt,,60,3,2025-12-13,0.14,13,0,2,STRP26000612
47548308,The Velvet Skyline Flat—DOWNTOWN/ARENA/CONV CENTER,116400313,1468193597600247100,Nate,,Downtown,39.96457,-82.99805,Entire home/apt,104,30,11,2026-05-28,0.17,26,238,2,2019-1909
47900223,The Gallerie Loft | German Village | Schiller Park,10620281,1462575061375127071,Robert,,Near South,39.94425,-82.99362,Entire home/apt,307,1,174,2026-05-18,2.66,7,207,29,2023-2084
47939552,EJ Thomas Apt. - Short North w/ Free Parking,194281106,1463106943901266179,Nicole,,Near North/University,39.984879,-83.000198,Entire home/apt,152,1,328,2026-06-22,5.01,59,295,84,2024-0883
47980687,Victorian Buckeye | Hot Tub + Game Room,213387235,1469115436170066737,Brian,,Near North/University,39.98168,-83.0116,Entire home/apt,398,2,218,2026-06-03,3.36,2,168,28,2021-1068
48028382,Modern Downtown Luxury Apartment,224493353,1469191732960951699,Dom,,Downtown,39.95923,-82.99986,Entire home/apt,145,2,220,2026-06-26,3.35,26,319,41,2023-4951
48036833,Healthy body & soul bnb,133736445,1468335497326398887,Gail,,South Linden,40.0107,-82.97047,Entire home/apt,,30,12,2025-05-31,0.21,2,29,0,
48042823,PERFECT CONVENTION CENTER  location! LUXURY UNIT,387292151,1469797988728498382,Nancy,,Downtown,39.97197,-83.00286,Entire home/apt,249,30,159,2026-06-08,2.49,1,345,22,2021-1868
48067388,Carriage House near Franklin Park,69289743,1466856506872548585,Sarah,,Near East,39.96927,-82.96011,Entire home/apt,248,1,60,2026-06-14,0.94,4,344,14,STRP25000007
48154614,Bexley Comic House - Near Downtown,205256572,1469070724870923001,Stephanie,,Near East,39.965919,-82.960724,Entire home/apt,279,1,267,2026-05-31,4.23,2,180,35,2021-1050
48213301,"Newly Refreshed, Spacious Stay Near Polaris Mall",386379642,1469795090715074542,Samantha Janine,,Far North,40.13745,-82.9701,Entire home/apt,,30,51,2026-06-09,0.80,1,317,8,2019-2271
48287901,The Brickhouse | Cozy 1 BR 10 min to DT,165422724,1468606088469531363,The Brickhouse At Westgate,,Hilltop,39.95574,-83.08235,Entire home/apt,242,1,336,2026-06-10,6.69,4,247,51,2024-3398
48439121,Home Away from home/Airport/contractor friendly,125418001,1468264238579999268,Terry,,Northeast,39.99104,-82.93098,Entire home/apt,152,1,375,2026-06-09,5.86,5,298,47,2021-1854
48468160,"Private, Restful, Country Rustic Bedroom",53884276,1465875428250752591,Theresa,,Near South,39.94728,-82.97839,Private room,,30,19,2024-06-30,0.30,8,0,0,2019-2243
48493058,The Frog Cabin,152907584,1468499134978891282,Cindy,,Clintonville,40.04898,-83.02382,Entire home/apt,475,1,71,2026-06-15,1.13,2,209,13,2020-2216
48500322,Cozy and Modern Short North Carriage House,177205580,1463067436702945353,Adrian,,Near North/University,39.98132,-83.00839,Entire home/apt,111,30,4,2025-05-11,0.07,11,272,0,2025-1695
48526356,Short North Condo - Close to Everything!,403687886,1469849523832374976,Shan,,Near North/University,39.97424,-83.00385,Entire home/apt,213,1,344,2026-06-14,7.79,2,207,65,STRP26000394
48545679,"Modern 2BR near DT, 8min walk to Park&Conservatory",128528740,1468290275222134665,Joe & Ketevan,,Near East,39.95823,-82.95667,Entire home/apt,147,2,92,2026-06-14,1.48,6,342,17,2022-1550
48678018,"Clean/ Sanitized 4BD/4BA 9 Beds. Safe, Secure",392702716,1469814625846818644,Bianca,,Near South,39.95136,-82.97394,Entire home/apt,500,1,53,2024-03-24,0.83,2,157,0,2019-1936
48732788,Short North/Italian Village-walkable free parking!,17643055,1463014898747498668,Karen,,Near North/University,39.98699,-83.00223,Entire home/apt,,1,162,2025-09-01,2.61,1,0,1,2021-2052
48737232,★McGonagall’s Mansion ★ Private Home w/ Gameroom★,90062227,1467090237542466069,Sam,,Near South,39.93891,-82.97684,Entire home/apt,179,2,245,2026-06-23,3.81,19,321,54,2026-0696
48787562,"Ohio Hideaway- 3 beds, King bed, Washer/Dryer",33532725,1465490575545440662,Brandon,,Near South,39.95269,-82.97156,Entire home/apt,125,2,423,2026-06-14,6.62,5,132,37,STRP25000467
48830842,Modern and Chic in German & Merion Village Area,177205580,1463067436702945353,Adrian,,Near South,39.9358,-82.9978,Entire home/apt,166,30,11,2026-05-18,0.18,11,297,2,2025-1699
48848058,Modern Chic in Old Town East,177205580,1463067436702945353,Adrian,,Near East,39.95945,-82.96533,Entire home/apt,138,30,2,2024-06-24,0.05,11,365,0,2025-1700
48938499,Country Cottage Living in the Heart of the City,37618289,1465563241974695381,Carrie,,Far Northwest,40.091297,-83.054367,Entire home/apt,162,30,7,2024-07-26,0.12,1,363,0,
49041299,ShortNorth Studio Rooftop patio ConvCentr Nightlfe,160931077,1468565481153840409,Joy,,Downtown,39.97363,-83.0038,Entire home/apt,241,1,289,2026-06-28,4.70,2,303,60,STRP26000123
49070114,★ Hook’s Lair ★ Four Bedroom House with Arcade ★,90062227,1467090237542466069,Sam,,Near South,39.939,-82.98005,Entire home/apt,156,2,182,2026-06-27,2.86,19,317,47,2026-0689
49120625,Best Trendy Loft | Close to OSU Campus,57194369,1465934848211980378,Carson,,Near North/University,39.97996,-83.01211,Entire home/apt,214,1,140,2026-06-14,2.24,7,27,54,STRP26000033
49135716,German Village retreat with wonderful outdoor area,88377763,1467061332335527135,Kevin,,Near South,39.94944,-82.99609,Entire home/apt,298,2,244,2026-06-21,4.07,1,245,45,STRP25000567
49144569,"McAllister Townhouse: clean, modern, comfort!",256068103,1469353154420944792,Jade H,,Near East,39.957062,-82.973869,Entire home/apt,101,30,19,2024-10-30,0.31,2,365,0,2021-3618
49172140,"Restful, Down to Earth Stay (CaveWater)",396629398,1469826879190751135,Robert,,Eastland/Brice,39.92632,-82.79552,Private room,73,1,90,2022-06-12,1.46,2,114,0,2021-2047
49293621,Loft 3rd floor on Franklin Ave,361185380,1469724621508369951,Stephany,,Near East,39.96326,-82.9714,Entire home/apt,159,1,27,2026-05-18,0.58,1,55,2,2022-2488
49396878,"Chic 2BR near DT, 8 min walk to Park&Conservatory",128528740,1468290275222134665,Joe & Ketevan,,Near East,39.95854,-82.9569,Entire home/apt,188,2,92,2026-05-25,1.48,6,344,14,2022-1551
49441572,Parkview Cottage-3BR home in a great neighborhood!,398764508,1469833290181012221,Rayna,,North Linden,40.02775,-82.96708,Entire home/apt,94,30,3,2023-10-24,0.05,6,208,0,
49463767,Main Street Retreat,201428246,1469051200675599107,Alexander,,Near East,39.95846,-82.94997,Entire home/apt,152,2,173,2026-06-07,3.06,2,335,45,2023-2777
49466255,The Everett Garden Apartment,134168758,1468339001015031582,Lainie,,Near South,39.9415283203125,-82.99696350097656,Entire home/apt,116,2,117,2026-06-14,1.86,1,8,2,2024-3060
49529250,OSU ATTIC GETAWAY,54100341,1465880076514323477,Christopher,,Near North/University,40.01253,-83.00161,Entire home/apt,,30,10,2024-10-01,0.17,13,177,0,
49539548,Entire Cottage W Parking - Historic German Village,399627882,1469835929486880527,Anthony James,,Near South,39.94365,-82.99412,Entire home/apt,254,2,233,2026-06-14,3.77,1,284,37,STRP25000285
49617678,Perfect midterm stay by Nationwide Childrens Hosp,250281070,1469326822681198257,Osagioduwa,,Near East,39.95601,-82.9643,Entire home/apt,98,29,22,2025-08-24,0.38,2,88,1,2021-2569
49638097,Great Victorian in Olde Towne East,40026410,1465597227757038622,Jamie,,Near East,39.96045,-82.96438,Entire home/apt,268,2,136,2026-06-07,2.21,3,332,24,2022-1481
49726711,Renovated Flat - High Street - Free Parking,194281106,1463106943901266179,Nicole,,Near North/University,39.981979,-83.004311,Entire home/apt,152,1,365,2026-06-27,5.85,59,291,77,2024-0912
49774371,Modern Chic in German Village &Merion Village Area,177205580,1463067436702945353,Adrian,,Near South,39.93429,-82.99812,Entire home/apt,,30,14,2025-09-22,0.24,11,333,1,2025-1699
49824432,Private Bath Attic Suite OSU,54100341,1465880076514323477,Christopher,,Near North/University,40.01336,-83.00103,Private room,,2,5,2024-08-30,0.10,13,0,0,2024-1637
49840877,"Northwest Townhouse Condo, Fitness Center",148388270,1468453264548997698,Tami,,Northwest,40.07162,-83.0779,Entire home/apt,112,30,15,2026-06-14,0.25,1,161,3,
49986754,Steps from High St. WALK to everything.,15639331,1462967151436685748,Amir,,Near South,39.92301,-82.98466,Entire home/apt,182,30,8,2023-05-29,0.14,1,358,0,2021-2698
50187639,Apartment on the River,224493353,1469191732960951699,Dom,,Franklinton,39.95604,-83.01033,Entire home/apt,157,2,163,2026-06-22,2.64,26,321,37,2025-4953
50277597,Luxury Short North Home!  Amazing Location,405955179,1463627096535921270,Brad,,Near North/University,39.98575,-83.00464,Entire home/apt,288,1,165,2026-06-14,4.04,2,303,35,STRP26000587
50289398,City Park,138377484,1462958333989091260,Parker,,Near South,39.94935,-82.99664,Entire home/apt,,30,60,2026-04-30,1.03,2,19,1,2021-1965
50345056,"Texan 2bd Loft + Workspace, King Bds, by Starbucks",325932974,1469621514476282909,Marc,,Near South,39.9509,-82.98801,Entire home/apt,111,2,117,2026-05-04,1.92,16,150,7,2022-2608
50362666,Franklinton art district/Downtown Condo (249),154094117,1468508671044201164,Eric,,Franklinton,39.95477,-83.01706,Entire home/apt,255,1,26,2025-11-16,0.44,2,12,6,2021-2127
50398506,"Cozy, modern, Queen bedroom, with private bathroom",382987731,1469784856473462321,Alex,,Near East,39.96272,-82.98117,Private room,96,2,196,2026-06-12,3.38,4,55,20,2021-2358
50454199,"Restful, Down to Earth Stay (Cloud9)",396629398,1469826879190751135,Robert,,Eastland/Brice,39.92545,-82.79599,Private room,72,1,42,2022-06-19,0.69,2,110,0,2021-2047
50547148,"Cheerful 2-Bed, 2-Bath House in a Great Location",72680377,1466897200298493128,Tiffany,,Near South,39.93631,-82.97721,Entire home/apt,90,30,3,2025-03-31,0.12,1,267,0,
50699091,The Little House - a 1910 cottage,63759619,1466786878420440327,Diane,,Near East,39.96097,-82.9671,Entire home/apt,225,2,72,2026-06-27,2.75,1,249,32,STRP26000953
50751062,Mon Chateau  -Brand new urban studio apartment,409771952,1469870687775662269,Kathy,,Near East,39.96244,-82.97711,Entire home/apt,167,1,234,2026-06-22,3.91,1,240,52,2021-2311
50826595,Glitter & Glam  Stay in the heart of EASTON,174014438,1468688336581150694,Lynn,,Northeast,40.04723,-82.91518,Entire home/apt,222,1,37,2022-06-27,0.63,1,176,0,2021-2466
50862131,Quiet 3 bed home by all you need,34406687,1465504762065002275,DeWayne,,Rocky Fork-Blacklick,40.08369,-82.86855,Entire home/apt,,2,11,2023-12-30,0.29,1,0,0,2023-3505
50897093,The Clintonville Casita | Walkable & Inspiring,52174539,1465836807997101830,Kate & Nat,,Clintonville,40.03732,-83.00716,Entire home/apt,287,1,177,2026-06-21,3.02,21,242,40,STRP25000493
50943505,Julie’s Buckeye Cozy Condo w/ hot tub!,199236044,1469038330876032315,Julie,,Far Northwest,40.13329,-83.07275,Entire home/apt,342,1,136,2026-06-03,2.32,1,331,17,Exempt
51043079,The Cottage | Parking + Private Patio + Fast WiFi,52174539,1465836807997101830,Kate & Nat,,Near North/University,39.98085,-83.01358,Entire home/apt,144,2,138,2026-05-25,2.41,21,349,22,2024-3233
51047429,Pet-Friendly Weber Home w/ Backyard Oasis,115836608,1462908128595617159,Erich,,North Linden,40.02218,-82.98242,Entire home/apt,106,30,66,2026-05-01,1.10,45,343,2,2020-1966
51151785,Cheap room for college students and more.,304081662,1469557723553949035,Maria,,Northwest,40.05705,-83.04179,Private room,42,30,7,2026-02-28,0.14,3,269,2,
51193772,"LRG Private Boho Room near Nationwide, CMH, Dwntwn",48511914,1465735074271652283,Santoria,,Near East,39.974,-82.96519,Private room,52,14,26,2026-05-30,0.47,8,238,3,2021-2214
51288697,"Clean Quiet Home Close OSU, Downtown, Hospital",4911015,1462668222331728234,Natalia,,Clintonville,40.02896,-83.02091,Entire home/apt,100,30,6,2024-08-02,0.12,3,320,0,
51291033,Cheerful townhouse near downtown and airport,217319476,1469141909362927591,Karen,,Near East,39.96982,-82.96694,Entire home/apt,,1,40,2025-10-05,0.67,2,0,2,2025-2457
51385683,"Bright + Pet-Friendly | Close to OSU, Short North",21149933,1463147853000563181,Amie,,Clintonville,40.02194,-83.00675,Entire home/apt,291,1,263,2026-06-12,4.42,1,306,78,STRP25000516
51386366,Sojourner's Studio,288243645,1469502056063057063,Lisa,,Northwest,40.07715,-83.09776,Private room,37,30,17,2026-05-03,0.29,3,335,2,2019-3177
51428803,Cozy 1 Bedroom in Olde Town East,67821594,1466838116863100536,Bianca,,Near East,39.9613,-82.97181,Entire home/apt,101,30,39,2025-11-09,0.73,1,210,11,2021-3064
51439233,Tiny Home at Central Point,243881747,1469294289227784644,Su,,Clintonville,40.06169,-83.01475,Entire home/apt,126,2,128,2026-06-24,2.18,2,47,46,2020-1747
51510233,"Spacious & Cozy Home in Olde
Towne East",417255267,1469896652158196113,Dee,,Near East,39.95524633359137,-82.95156101587102,Entire home/apt,240,2,6,2026-06-18,3.10,1,325,6,STRP26000479
51577004,Private Queen Room NEAR NATIONWIDE/AIRPORT/DOWNTWN,48511914,1465735074271652283,Santoria,,Near East,39.97552,-82.96549,Private room,50,14,22,2026-04-05,0.41,8,220,3,2021-2214
51578043,Cozy Private Room near Nationwide/CMH AIRPT/DWNTWN,48511914,1465735074271652283,Santoria,,Near East,39.97505,-82.96733,Private room,51,14,16,2026-01-21,0.27,8,212,2,2021-2214
51679942,Clean Quiet Comfortable Home,4911015,1462668222331728234,Natalia,,North Linden,40.02063,-82.99257,Entire home/apt,91,30,2,2023-09-30,0.05,3,271,0,
51682618,Olde Towne East Luxurious Castle,105433925,1462883895103631402,Fitumi,,Near East,39.96223,-82.96495,Entire home/apt,290,30,48,2025-08-30,0.82,5,332,1,2021-2621
51712291,A Piece of Peace in the City,126942836,1468277131281585913,Felisha,,Near East,39.97097,-82.96131,Entire home/apt,,2,46,2024-11-30,1.50,1,0,0,2023-4303
51713907,5 Bedrooms Home at Mt Camel East great neigborhood,418953210,1469903348079649773,Martin,,Far East,39.98614,-82.84116,Entire home/apt,246,26,27,2025-09-23,0.53,1,238,1,2025-1717
51717344,"*Cape Cod* 
*2 guests rooms, 3 full beds & fit 6*",62490591,1466770727859881407,Wesley,,North Linden,40.02004,-82.98549,Private room,108,1,224,2026-06-25,3.88,1,272,65,2025-2828
51802160,King Bed Cozy 3 Bedroom Home near German Village,63784636,1462764714245550316,Christopher James,,Near South,39.93815,-82.96963,Entire home/apt,,1,117,2024-12-01,1.98,5,0,0,2024-0718
51803616,Mike & Allen's Lower-level guest Suite,197936864,1469031353296996187,Mike,,Near East,39.96395,-82.95457,Private room,301,1,59,2026-02-15,1.01,3,349,4,STRP25000731
51835268,⭐️ Sam’s Spot ⭐️ Near Short North & OSU & ExpoCenter,170368591,1468645954460486290,Samuel,,Near North/University,39.99054,-82.99674,Entire home/apt,295,1,189,2026-06-11,3.24,4,194,30,STRP26000190
51840051,"Private Bed, bath, beautiful relaxing view. pet ok",419943919,1469907282255982669,Jane,,Eastmoor/Walnut Ridge,39.969342719590074,-82.85132437896965,Private room,62,1,136,2026-06-25,2.37,1,229,23,2025-2521
51842325,"Huge 3bd 1 bth just minutes from DWNTWN, CMH, OSU",48511914,1465735074271652283,Santoria,,Near East,39.9751,-82.96701,Entire home/apt,147,14,8,2021-12-26,0.14,8,181,0,2021-2471
51848672,Clintonville MCM Charmer-Low Tox/Allergy Friendly,14037717,1462929055892070658,Brandy,,Clintonville,40.0392,-83.02021,Entire home/apt,313,1,76,2026-06-14,1.31,3,146,13,2021-2520
51865518,The Short North Nook,30241348,1465445153154444963,David Z,,Near North/University,39.974667,-83.003471,Entire home/apt,187,2,146,2026-06-07,2.49,2,223,19,STRP25000268
51868922,NEW & AMAZING Short North/Victorian Village Home!,54769683,1462729805210202603,Annie,,Near North/University,39.98966,-83.00349,Entire home/apt,255,1,209,2026-06-10,3.59,5,134,42,2021-2837
51884034,"Minimalist Comfort Studio - Parking, SmartTV, Wifi",235497311,1469253643263290319,⁨Marc (TailwindSTR)⁩,,Near North/University,39.99786,-83.00486,Entire home/apt,84,7,192,2026-06-14,3.29,19,66,5,2022-2169
51906353,Cozy Cottage Home With a Twist of City Living,331011443,1463465339550481548,Tren,,Near East,39.97644,-82.9586,Private room,59,30,1,2022-10-24,0.02,1,89,0,
51922283,Chic Central 1BR Studio Walk to High St & Campus,235497311,1469253643263290319,⁨Marc (TailwindSTR)⁩,,Near North/University,39.9965,-83.00528,Entire home/apt,,7,91,2026-06-01,1.56,19,0,7,2022-2169
51922636,University Queen Comfort | Walk to Campus &High St,235497311,1469253643263290319,⁨Marc (TailwindSTR)⁩,,Near North/University,39.99745,-83.00387,Entire home/apt,77,2,175,2026-05-24,2.99,19,16,8,2022-2171
51923556,Buckeye Superfan Studio in Heart of OSU Living!,235497311,1469253643263290319,⁨Marc (TailwindSTR)⁩,,Near North/University,39.99753,-83.00355,Entire home/apt,79,2,127,2026-05-31,2.17,19,13,8,2022-2170
51925053,King Bed TownHome | Nationwide Children's Downtown,15355581,1462960325073566112,Jerry,,Near South,39.94913,-82.96636,Entire home/apt,266,2,38,2026-06-13,0.69,1,167,10,2021-3560
51966393,Chic Bohemian Studio | Steps to High St w/ WiFi,235497311,1469253643263290319,⁨Marc (TailwindSTR)⁩,,Near North/University,39.99729,-83.00394,Entire home/apt,106,2,176,2026-06-17,3.01,19,7,10,2022-2160
51966517,California Desert Studio by OSU Campus & High St!,235497311,1469253643263290319,⁨Marc (TailwindSTR)⁩,,Near North/University,39.99596,-83.00419,Entire home/apt,102,2,182,2026-06-19,3.11,19,11,11,2022-2161
51966521,Stylish Artistic Studio * Walk to High ST & OSU!,235497311,1469253643263290319,⁨Marc (TailwindSTR)⁩,,Near North/University,39.99673,-83.00529,Entire home/apt,149,2,173,2026-06-22,2.96,19,4,9,2022-2163
52001843,"Chic 3 BR Townhouse by Mapfre, OSU & Short North",1395861,1462517780766746470,Happy To Host,,Near North/University,40.01797,-82.99778,Entire home/apt,270,2,120,2026-06-08,2.06,4,291,22,2019-1508
52029309,Cali Modern Studio  at FOUR X FIVE,3023813,1462615222735460696,Christopher,,Near North/University,39.9862,-83.00086,Entire home/apt,120,2,107,2026-06-13,1.83,2,305,29,STRP26000747
52037940,Modern 3 bdrm home in Short North/ Italian Village,135685330,1462952476052684314,Jessica,,Near North/University,39.98084,-83.00129,Entire home/apt,457,2,111,2026-06-21,1.95,2,55,20,2024-1799
52086736,Cali Modern Townhome at FOUR x FIVE,3023813,1462615222735460696,Christopher,,Near North/University,39.98547,-82.9988,Entire home/apt,249,2,111,2026-06-14,1.97,2,349,21,STRP26000747
52091199,Luxury Urban Home - 2 miles from Downtown!,313811711,1463439134057589266,Anereis,,Near East,39.95373,-82.96157,Entire home/apt,405,1,186,2026-06-05,3.33,1,218,16,STRP26000403
52198415,Cozy one-bedroom Star Wars Collection Getaway,295931621,1463404477387921586,Emmanuel,,Northland,40.0684,-82.95936,Private room,93,10,36,2026-06-03,0.62,6,238,4,2021-2718
52288062,"Clean, Safe, Suburban home close to everything",120455802,1462918465382224777,Norma,,Northland,40.06548,-82.91242,Entire home/apt,190,28,17,2025-10-19,0.30,15,89,1,2019-2731
52300743,(H) spacious 2 bdr  in the heart of Short North,419230929,1469904462959180034,Christy,,Near North/University,39.979847,-83.003784,Entire home/apt,219,3,21,2025-09-20,0.37,8,357,1,2020-1019
52336650,"Very spacious, King bed & futon, private bathroom",382987731,1469784856473462321,Alex,,Near East,39.9634,-82.97964,Private room,86,2,216,2026-06-16,3.74,4,208,39,2021-2358
52337388,(G) Boutique apt steps to convention Center,419230929,1469904462959180034,Christy,,Near North/University,39.979847,-83.003784,Entire home/apt,216,2,16,2026-06-20,0.30,8,361,6,2020-1019
52383236,Quiet Townhome for Day/Night Sleeping,10262619,1462835859700328773,Wendy,,Near South,39.93424,-82.97076,Entire home/apt,64,30,4,2026-05-25,0.08,2,55,1,
52427292,"Digital nomads: Dedicated workspace w/24"" monitor!",2806008,1462526412384092343,Harman,,South Linden,39.99721,-82.99494,Entire home/apt,70,30,168,2026-04-07,4.27,4,74,50,2024-0828
52451018,3 Bedroom Ranch Home w/ fenced back yard and deck!,67826667,1466838151405291597,Jordan,,Far Northwest,40.10979,-83.06144,Entire home/apt,204,2,155,2026-03-20,2.77,8,313,12,2022-2842
52459316,GermanVillage_Private Parking Children'sHospital A,249951812,1469325022709321142,Jessie,,Near South,39.94794,-82.98386,Entire home/apt,195,1,170,2026-06-14,2.97,20,192,36,STRP26000855
52495698,Primo Location and Parking - Blue Door Townhouse,31798233,1465467172497365835,Sam,,Near North/University,39.977444,-83.001717,Entire home/apt,114,28,166,2025-03-02,2.88,6,303,0,2021-3253
52528714,Historic German Village home | fenced yard,73410731,1466905490973721591,Kayla,,Near South,39.94455,-82.991882,Entire home/apt,168,2,138,2026-06-07,2.88,2,263,12,2022-1901
52551707,"Jim's Place, cozy convenient pet-friendly cape cod",398764508,1469833290181012221,Rayna,,North Linden,40.02687,-82.967,Entire home/apt,101,30,1,2021-12-10,0.02,6,179,0,
52555443,Cozy Cape Cod with FREE parking!,424345065,1469924756675323170,Realous,,Near South,39.9331,-82.95022,Entire home/apt,110,30,24,2025-10-08,0.42,1,168,1,2025-2831
52671470,Franklinton art district / Downtown Condo 245,154094117,1468508671044201164,Eric,,Franklinton,39.95562,-83.01743,Entire home/apt,358,1,25,2026-02-16,0.44,2,39,1,2021-2127
52751299,Stylish Rock Glam 2BD Loft Apt w/ Deck & Views,325932974,1469621514476282909,Marc,,Near South,39.95303,-82.98833,Entire home/apt,155,2,96,2026-06-14,1.68,16,88,8,2024-1135
52876832,"Cozy Suite next to local winery, near Easton",222023386,1469174759188388155,Stephanie,,Rocky Fork-Blacklick,40.06843,-82.89361,Entire home/apt,123,1,259,2026-06-14,6.97,2,297,75,2023-2864
52898227,Modern 2BR near OSU | Parking | Elevator | Secure,27280979,1465402775111214573,Jesse,,West Olentangy,40.02025,-83.02568,Entire home/apt,,30,0,,,22,2,0,
52898287,1st Floor Monthly 2BR Near Intel + Data Centers,27280979,1465402775111214573,Jesse,,Rocky Fork-Blacklick,40.09798,-82.85083,Entire home/apt,,30,1,2022-08-26,0.02,22,1,0,
52904534,"Ohio State University/Fairgrounds  2 BR, 3 Bd/1 Ba",263332917,1469392702338332602,Kurt,,Near North/University,40.00095,-82.99908,Entire home/apt,214,2,88,2026-06-14,1.75,3,239,14,2022-1071
53014591,The Artsy Attic Suite ⭐ 10min to Airport,4747067,1462664609162856372,Keryna,,Eastmoor/Walnut Ridge,39.96762,-82.91331,Entire home/apt,,30,180,2025-08-28,3.20,1,0,6,2025-2145
53076622,The Modern Metro Triplex—COLUMBUS ITALIAN VILLAGE,116400313,1468193597600247100,Nate,,Near North/University,39.98568,-82.9992,Entire home/apt,294,2,37,2026-04-26,0.66,26,130,7,2024-1565
53095950,Private★Modern★Cozy★ Amazing Location★Walkable,137455937,1468366325161263356,Rori,,Near South,39.93862,-82.98753,Entire home/apt,105,28,250,2026-06-21,4.44,5,138,35,2019-2022
53106738,Amazing Location in German /Merion Village Area!,137455937,1468366325161263356,Rori,,Near South,39.940046429540615,-82.98853134261161,Entire home/apt,91,30,7,2025-09-24,0.15,5,315,2,2023-3502
53126447,Intimate space in King-Lincoln Bronzeville,32535546,1465477405232823356,Tiffany,,Near East,39.97035,-82.97092,Entire home/apt,291,1,94,2026-06-14,1.80,1,120,20,2021-3418
53166486,Comfy King Bed | Family Items | Games | Dogs ok,120989543,1468229836971229285,Evan,,Clintonville,40.06932,-83.0168,Entire home/apt,228,2,165,2026-06-11,3.07,17,340,23,2025-1080
53172663,Industrial Chic Loft Near OSU & Short North,43899892,1465652070993192864,Joel,,Near North/University,39.99217,-83.00687,Entire home/apt,208,1,385,2026-06-07,6.92,3,340,38,STRP26000055
53201731,Clean | Convenient Location | High Fashion Design,38683174,1465578374890788667,Preston,,Clintonville,40.06113,-83.00387,Entire home/apt,247,1,231,2026-06-21,4.11,1,326,57,2021-2659
53252126,1st Floor apartment in the heart of Short North,4418841,1462656975261543681,Anton,,Near North/University,39.98581,-83.00603,Entire home/apt,56,30,12,2025-12-22,0.23,2,243,1,
53253268,(E) Short north Large bedroom with separate office,419230929,1469904462959180034,Christy,,Near North/University,39.979732513427734,-83.00395965576172,Entire home/apt,257,2,27,2026-06-21,0.48,8,361,3,2019-4326
53277773,The Pearl St Cottage | Parking & Patio,15723130,1462969119322816968,Carly,,Near South,39.9453,-82.9954,Entire home/apt,,1,439,2026-05-20,7.82,1,0,77,2021-3458
53307614,Garage~Minutes to Muirfield~Near Powell/Dublin,38962915,1462680020706833376,Jennifer,,Far Northwest,40.12933,-83.07204,Entire home/apt,309,2,153,2026-06-14,2.80,5,242,28,2021-2715
53313193,Moody Haven near OSU campus,22824832,1463189301781525844,Lynne,,Near North/University,40.00867,-83.00106,Entire home/apt,495,1,59,2026-06-21,1.46,1,226,12,STRP25000499
53322793,Baby Blue - Quiet area near OSU and Clintonville,431344669,1469953247421664960,Jesse,,North Linden,40.0395393371582,-82.98027038574219,Entire home/apt,171,2,86,2026-04-27,1.53,7,174,16,2024-2529
53334952,Spacious & Modern Home with everything you need!,35426465,1465523375153741819,Karen,,Far North,40.13152,-82.98489,Entire home/apt,468,1,146,2026-06-13,2.62,1,138,13,2024-0737
53422918,Cozy Fireplace Updated Village Home,120455802,1462918465382224777,Norma,,Near South,39.94105,-82.98837,Entire home/apt,5837,3,32,2023-01-30,0.58,15,90,0,2019-2731
53425923,The Urban Treehouse - Short North,194281106,1463106943901266179,Nicole,,Near North/University,39.980797,-82.999504,Entire home/apt,131,2,333,2026-06-25,5.99,59,267,70,2023-2220
53427141,Scarlet & Grey I-71 - 8 mins from Campus,145046370,1468426365794927931,Senthan,,North Linden,40.03091,-82.99412,Entire home/apt,114,3,26,2026-06-21,0.48,1,22,1,2021-2717
53431855,New Luxe Reno W/Hot Tub & Roof Top Terrace!,206636975,1469077979450413023,Kimberleigh M,,Near North/University,39.982,-83.02074,Entire home/apt,1020,2,120,2026-06-23,2.18,7,318,19,2025-2176
53449406,"Capital University, Bexley Safe and Clean",120455802,1462918465382224777,Norma,,Eastmoor/Walnut Ridge,39.95792,-82.91875,Entire home/apt,,30,11,2023-10-09,0.20,15,89,0,2019-2731
53480716,(C) Large 1 bdr apt next to Convention center,419230929,1469904462959180034,Christy,,Near North/University,39.98043,-83.00459,Entire home/apt,274,2,23,2026-06-21,0.42,8,362,4,2019-4326
53494597,*Downtown Columbus* | Historic Luxury | Sleeps 14,117626724,1468203408776627664,Jared,,Near East,39.97299,-82.97877,Entire home/apt,306,30,217,2026-05-11,3.91,4,337,37,2026-1232
53495930,★Best of Airbnb★ 2 bedroom - Close to everything!,90103906,1467090657428472476,Shoshanna Kay,,North Linden,40.01971,-82.98791,Entire home/apt,96,30,32,2026-05-16,0.58,1,100,1,2019-1151
53538891,"This Old Home Spacious, Comfy & Centrally located",133736445,1468335497326398887,Gail,,South Linden,40.00969,-82.96929,Entire home/apt,62,30,11,2025-12-08,0.21,2,283,1,
53563346,Wine Down Room in Large Centrally Located Home,48511914,1465735074271652283,Santoria,,Near East,39.97467,-82.96587,Private room,52,14,11,2026-05-31,0.29,8,325,3,2021-2214
53588240,Exquisite 2 Beds Midterm Oasis w/ Free Parking.,250281070,1469326822681198257,Osagioduwa,,Near East,39.95774,-82.96614,Entire home/apt,114,29,24,2026-04-25,0.44,2,29,3,2021-3163
53604552,Clean 2 Bedroom House Surrounded by Entertainment,434098153,1469964346016263816,Quinn,,Near North/University,39.984024,-83.015091,Entire home/apt,255,1,55,2026-06-21,1.06,1,295,9,2022-1354
53613455,PrivateParking/Entrance_OSU/ExpoCentr 7E Renovated,249951812,1469325022709321142,Jessie,,Near North/University,39.99678,-82.99628,Entire home/apt,190,1,195,2026-06-06,3.58,20,187,38,STRP26000834
53644673,The Short North Retreat IV - Free Parking,194281106,1463106943901266179,Nicole,,Near North/University,39.981705,-83.00412,Entire home/apt,159,1,321,2026-06-14,5.80,59,279,53,2024-0891
53713600,Walkable | Private Yard | Fireplaces Throughout!,57194369,1465934848211980378,Carson,,Near North/University,39.97973,-83.01154,Entire home/apt,507,1,65,2026-06-03,1.19,7,148,3,STRP26000031
53731136,Penthouse Rooftop Loft (No Shared Walls!),183666543,1468949216578557352,Cody,,Downtown,39.96738,-83.00391,Entire home/apt,90,30,4,2026-03-31,0.09,1,329,1,
53785202,Large Private Yard | Hot Tub | Chefs Kitchen!,57194369,1465934848211980378,Carson,,Near North/University,39.97959,-83.0121,Entire home/apt,702,1,93,2026-03-29,1.71,7,152,6,STRP26000031
53799913,The Palace - 2 bedroom entire apartment,435789076,1469970917445729391,Brittany,,Clintonville,40.04102,-83.01733,Entire home/apt,119,30,112,2026-05-06,2.07,1,82,2,2021-3619
53816272,Luxurious Cozy Escape in Short North! Free Parking,347877199,1469690232411311750,Aamna,,Near North/University,39.98301,-83.00452,Entire home/apt,,30,152,2026-04-20,2.75,4,140,4,2023-7682
53824957,Short North Stay Near Breweries/OSU! FREE PARKING,347877199,1469690232411311750,Aamna,,Near North/University,39.9832,-83.00573,Entire home/apt,79,30,141,2026-03-21,2.56,4,128,4,2023-6790
53827913,Stately Executive Home with Modern Amenities,177205580,1463067436702945353,Adrian,,Near East,39.95989,-82.97824,Entire home/apt,290,30,49,2026-05-17,0.93,11,326,2,2025-1697
53829441,"<No. 2> Townhouse near OSU Med Center, Downtown",217660325,1463200571785010328,Jin,,Near North/University,39.99264,-83.00999,Entire home/apt,737,2,12,2026-04-26,0.26,27,39,5,STRP26000137
53881803,Modern 4BR Home • Great for Groups & Pets,115836608,1462908128595617159,Erich,,Near South,39.94665,-82.97526,Entire home/apt,208,2,66,2026-05-31,1.21,45,360,18,STRP25000573
53900007,Lovely 1-bdrm condo with free parking on premises,405328059,1469855053962214300,Hubert Hieu,,Westland,39.96533,-83.15294,Entire home/apt,74,30,17,2026-06-18,0.32,1,142,6,2021-5782
53907907,"Lucy Rm - Room near OSU Med Center, Downtown",217660325,1463200571785010328,Jin,,Near North/University,39.99118,-83.00958,Private room,70,2,44,2026-05-26,0.82,27,16,25,STRP26000136
53908151,"Laurie Rm - Room near OSU Med Cntr, Downtown, etc",217660325,1463200571785010328,Jin,,Near North/University,39.99289,-83.0093,Private room,75,2,51,2026-05-17,0.94,27,22,17,STRP26000136
53908546,"Leah - Room Near OSU Med Center, Downtown",217660325,1463200571785010328,Jin,,Near North/University,39.99151,-83.00919,Private room,92,2,22,2025-07-05,0.43,27,23,1,STRP26000136
53913276,"Lilly - Room near OSU Med Center, Downtown",217660325,1463200571785010328,Jin,,Near North/University,39.99114,-83.00995,Private room,75,2,70,2026-05-18,1.28,27,27,6,STRP26000136
53913488,"Grace - Room near OSU Med Center, Downtown, etc.",217660325,1463200571785010328,Jin,,Near North/University,39.99067,-83.00863,Private room,81,2,31,2026-04-12,0.57,27,6,5,STRP26000136
53913677,"Gwen - Room near OSU Med Center, Downtown",217660325,1463200571785010328,Jin,,Near North/University,39.99087,-83.00954,Private room,75,2,31,2026-05-25,0.59,27,25,6,STRP26000136
53922071,"Red Room - Room near OSU Med Center, Downtown, etc",217660325,1463200571785010328,Jin,,Near North/University,39.99242,-83.00981,Private room,75,2,43,2026-06-12,0.79,27,27,7,STRP26000137
53943296,Charming Victorian Home | Close to OSU & Downtown,78923300,1462823324102996814,Jonathon,,Near North/University,39.98165,-83.01455,Entire home/apt,158,14,22,2025-04-03,0.42,2,58,0,2022-1097
53949305,Woodland Park Villa - 2 BR Home Close to Downtown,165232727,1468604650893700032,Marshela Nicole,,Near East,39.97371,-82.96194,Entire home/apt,166,5,15,2025-04-03,0.28,2,223,0,2021-3584
53952510,"Grey - Room Near OSU Med Center, Downtown",217660325,1463200571785010328,Jin,,Near North/University,39.99074,-83.00953,Private room,72,2,23,2026-05-18,0.42,27,13,5,STRP26000137
53968184,"<No. 1> Townhouse near OSU Med Center, Downtown",217660325,1463200571785010328,Jin,,Near North/University,39.99143,-83.00798,Entire home/apt,631,2,8,2025-08-31,0.17,27,50,1,STRP26000136
53969983,Centrally Located 2 Bedroom Home With an Office,347660271,1463499232354401508,Katelyn,,Near South,39.93443,-82.98175,Entire home/apt,75,30,14,2026-01-08,0.28,2,344,3,2022-1132
54005053,Cozy Short North Loft - Best Location,403687886,1469849523832374976,Shan,,Near North/University,39.97555,-83.00393,Entire home/apt,148,1,385,2026-06-14,7.05,2,131,66,STRP25000278
54022534,Cheerful - 4 bedroom Condo near downtown,105433925,1462883895103631402,Fitumi,,Near East,39.95531,-82.96281,Entire home/apt,274,2,4,2022-05-01,0.07,5,343,0,STRP26000758
54040715,"White Rm - Room near OSU Med Center, Downtown",217660325,1463200571785010328,Jin,,Near North/University,39.99234,-83.00841,Private room,75,2,33,2026-06-14,0.62,27,28,14,STRP26000137
54122981,The Goodale Park Flat,52174539,1465836807997101830,Kate & Nat,,Near North/University,39.97758,-83.00841,Entire home/apt,215,30,130,2026-02-04,2.43,21,244,21,2024-2415
54129224,"Sky - Room near OSU Med Center, Dwntwn, Convention",217660325,1463200571785010328,Jin,,Near North/University,39.99283,-83.00921,Private room,76,2,52,2026-05-31,0.97,27,27,17,STRP26000137
54137252,Olde Town East 2nd Floor Private Unit - 1 BD,438888053,1463703753885296422,April,,Near East,39.959374985526416,-82.96857803007397,Entire home/apt,113,1,288,2026-06-17,7.04,3,164,81,2022-2439
54137255,Spacious Olde Town East 1st Floor Private Unit,438888053,1463703753885296422,April,,Near East,39.95929,-82.96996,Entire home/apt,136,1,428,2026-06-22,9.35,3,302,113,2022-2438
54174690,Entire Home | Downtown | Parking | King bed,439225766,1469983918993270200,Holly,,Franklinton,39.9581,-83.0256,Entire home/apt,283,2,60,2026-06-21,1.16,1,111,7,2021-3532
54187364,Peaceful Spacious Condo near Downtown,105433925,1462883895103631402,Fitumi,,Near East,39.95353,-82.96298,Entire home/apt,237,30,2,2022-03-06,0.04,5,363,0,STRP26000759
54195695,Luxury High Street Flat - Private Parking!!!,194281106,1463106943901266179,Nicole,,Near North/University,39.981979,-83.004311,Entire home/apt,152,1,247,2026-06-21,4.58,59,280,72,2024-0913
54229081,Stylish Short North 1BR · Sleeps 4 · Free Parking,58530447,1466701376065803434,Ryan,,Near North/University,39.98898,-83.00732,Entire home/apt,161,1,292,2026-06-12,5.43,2,357,54,2022-1126
54282384,Lion's Lair Historic Home Premium Garage & Locale,24083540,1462627871395592241,Aristea,,Near South,39.93949,-82.99184,Entire home/apt,124,30,119,2026-06-16,2.24,3,365,1,Exempt
54289595,Trendy 2BR Apt w/ Balcony/ Two Blocks to High St,235497311,1469253643263290319,⁨Marc (TailwindSTR)⁩,,Near North/University,40.0162,-83.01079,Entire home/apt,121,2,190,2026-06-20,3.61,19,143,19,2022-2608
54289694,Soho Campus Hub / Wifi / Kitchen / Roku TV,235497311,1469253643263290319,⁨Marc (TailwindSTR)⁩,,Near North/University,39.99756,-83.00535,Entire home/apt,79,2,141,2026-06-14,2.81,19,62,9,2022-2158
54306012,Quiet Clintonville Modern Charmer,440476849,1469988637794288253,Benjamin,,Clintonville,40.05315,-83.02335,Entire home/apt,312,1,286,2026-06-10,5.35,1,307,67,2025-2058
54342467,Entire Home Rental |4 BR|4-King Size Beds| 2BA!,440916844,1469990319937032058,Akin,,North Linden,40.02325,-82.95842,Entire home/apt,144,30,4,2025-07-30,0.09,5,219,1,
54397455,Cheerful Room in a Large Centrally Located Home,48511914,1465735074271652283,Santoria,,Near East,39.9738,-82.96537,Private room,51,14,15,2026-05-04,0.30,8,354,4,2021-2471
54404156,Exposed Brick 4 Bedroom - 5 minutes from downtown,60225705,1466740485772710579,Aziza,,Near East,39.95718,-82.96603,Entire home/apt,120,30,171,2026-06-08,3.27,2,309,38,2024-3414
54404562,(A)Boutique studio full kitchen walk to Convention,419230929,1469904462959180034,Christy,,Near North/University,39.9798475,-83.00378160000001,Entire home/apt,260,2,22,2025-11-02,0.41,8,365,2,2019-4327
517689727497327207,Historic Renovated True Loft House—German Village,116400313,1468193597600247100,Nate,,Near South,39.940258,-82.993141,Entire home/apt,276,2,96,2026-06-12,1.81,26,225,20,STRP26000493
519639073681859527,Historic Patio Loft—CONVENTION CENTER/SHORT NORTH,116400313,1468193597600247100,Nate,,Near North/University,39.974667,-83.003471,Entire home/apt,175,2,88,2026-06-11,1.65,26,246,19,STRP26000492
545399852141397588,OSU and Short North 4 BR- Patio and Garage w/EV,26958698,1462639286756387417,Benjamin,,Near North/University,39.98834,-83.00918,Entire home/apt,550,1,133,2026-06-14,2.47,6,342,13,STRP25000633
548403459413089109,Charming Merion Village 2 Bd • King Bed • Patio ✨,79726776,1466973471290446236,Payton,,Near South,39.93837,-82.99607,Entire home/apt,143,2,118,2026-06-14,2.44,1,307,29,2022-1492
548450072718440227,*Must See* Cozy & Clean 2 Bedroom Clintonville Gem,83430852,1467010010354387926,Chase,,Clintonville,40.02474,-83.01871,Entire home/apt,125,2,203,2026-06-19,3.79,6,332,39,STRP25000697
549075537368773578,Adorable 1-bedroom with a dedicated workspace,295931621,1463404477387921586,Emmanuel,,Northland,40.06828,-82.95875,Private room,77,10,27,2026-06-08,0.50,6,88,2,2021-2718
549191433528786979,Cozy 3 bed 2 1/5 bath,296698058,1463406256077782355,Jozette,,Far South,39.89475,-82.92734,Entire home/apt,,1,0,,,1,0,0,2022-3322
550053627731120827,"Sara - Room near OSU Medical Center, Downtown",217660325,1463200571785010328,Jin,,Near North/University,39.99242,-83.00851,Private room,75,2,56,2026-06-10,1.05,27,28,13,STRP26000138
550096239504082819,Powell 3 bed home - quick access to i270 and Zoo,442558795,1463712912230375657,Angelo,,Far Northwest,40.13569,-83.07763,Entire home/apt,240,3,96,2026-05-26,1.87,2,337,29,2022-1191
550105100990883244,Polaris 3 bed 2.5 bath + quick access i71 & i270,442558795,1463712912230375657,Angelo,,Far North,40.14729,-82.99987,Entire home/apt,211,3,139,2026-06-27,2.65,2,281,32,2022-1190
550189325637415717,"Green - Room close to OSU Med Ctr, Downtown, etc.",217660325,1463200571785010328,Jin,,Near North/University,39.99147,-83.00772,Private room,75,2,64,2026-06-14,1.21,27,6,19,STRP26000137
551149877202371768,"Sharon - Room near OSU Med Ctr, Downtown",217660325,1463200571785010328,Jin,,Near North/University,39.99212,-83.01005,Private room,,2,32,2026-01-24,0.63,27,0,2,STRP26000138
552336619317127661,Cheerful 2-bedroom Home with Free On-Site Parking,63784636,1462764714245550316,Christopher James,,Franklinton,39.95073,-83.02792,Entire home/apt,,1,108,2024-12-31,2.05,5,0,0,2024-1100
554328076314246097,Entire Condo near Downtown/Franklinton,87368949,1467050532891273902,Juliana,,Franklinton,39.95537,-83.03563,Entire home/apt,162,1,193,2026-06-28,4.35,1,335,43,2022-3337
554933102557894038,Hidden Gem * 5min walk to High St Foodie Hot Spots,31046276,1462653708038766028,Mackenzie,,Near North/University,39.97769,-83.00062,Entire home/apt,,1,57,2024-10-06,1.07,2,0,0,2024-0610
557378340093271412,The Carriage House at The Circus House,52174539,1465836807997101830,Kate & Nat,,Near North/University,39.97717,-83.00962,Entire home/apt,300,2,114,2026-06-24,2.32,21,242,29,STRP26000172
557867793249370021,Lovely 3-bedroom 1.5 bath condo! Heart of the city,444169375,1470002642651961300,Maurice,,South Linden,39.99913,-82.97476,Entire home/apt,165,2,70,2026-06-14,1.58,2,82,13,2022-1197
558845803547656946,Charming 3 bdr! City location! Great parking!,88513934,1467063176465729896,Ralph,,Hilltop,39.95435,-83.0814,Entire home/apt,164,1,146,2026-06-20,2.78,1,143,23,STRP26000175
560636811769108480,"The cozy ""Gaming House""",444723842,1463718100697049421,Karina,,North Linden,40.02051,-82.9729,Entire home/apt,157,1,71,2026-06-14,1.35,1,118,17,2021-3401
560998126433762600,Cozy Spot w Garden *5min walk to High St & Con Ctr,31046276,1462653708038766028,Mackenzie,,Near North/University,39.97739,-83.00029,Entire home/apt,,1,42,2024-11-30,0.79,2,0,0,2024-0609
562178227941475396,Short North Cottage,445040109,1470005944367100209,Victoria,,Near North/University,39.980079650878906,-83.00286102294922,Entire home/apt,312,2,144,2026-06-20,2.73,1,141,23,2021-3497
563207305461397339,Top North Market Condo- Short North & FREE Parking,2994567,1462614436633814142,Mark,,Downtown,39.97233,-83.00186,Entire home/apt,525,1,188,2026-06-14,3.58,13,320,48,STRP26000515
563920716613840867,Beautiful family home with large finished basement,94490662,1462858046627862642,Erin,,North Linden,40.04228,-82.99638,Entire home/apt,244,2,158,2026-06-14,3.17,2,333,22,2025-2427
563991021727392325,S02-Tetris -Private Bedroom in Shared Home - 1 Bed,441857651,1469993990464342163,Erika,,Near South,39.94735,-82.95048,Private room,66,1,195,2026-06-15,3.68,14,210,32,2025-1774
564524003956614284,S03-Atari-Private Bedroom in Shared Home - 1 Bed,441857651,1469993990464342163,Erika,,Near South,39.94766,-82.95072,Private room,58,1,188,2026-06-26,3.55,14,211,29,2025-1774
564541740449844487,S01-Jumanji - Private Room in shared home w/ desk,441857651,1469993990464342163,Erika,,Near South,39.94777,-82.95199,Private room,64,1,140,2026-05-21,2.64,14,213,24,2025-1774
564671818455773238,S04-Pinball-Private Basement Room in Shared House,441857651,1469993990464342163,Erika,,Near South,39.94601,-82.95172,Private room,65,1,195,2026-06-14,3.68,14,213,29,2025-1774
567545476446740311,"Yellow - Room near OSU, Downtown, Short North",217660325,1463200571785010328,Jin,,Near North/University,39.99062,-83.00797,Private room,75,2,31,2026-06-11,0.59,27,27,13,STRP26000137
568134460455059799,WALK TO OSU! 3 Bed/2.5 Bath Home just off campus!,54769683,1462729805210202603,Annie,,Near North/University,39.99219,-83.0011,Entire home/apt,294,30,122,2026-05-18,2.59,5,146,16,2022-2121
568281420873336557,O03-Sapphire-Private Room in Shared Home-1 Bed,441857651,1469993990464342163,Erika,,Near South,39.9433,-82.96979,Private room,60,1,143,2026-06-14,2.76,14,362,26,2024-0932
568283510674588928,O01-The Suite Private Room Only with Own Bathroom,441857651,1469993990464342163,Erika,,Near South,39.94506,-82.96965,Private room,80,1,104,2026-06-18,1.99,14,352,11,2025-1118
568286115303879563,O02-Plum-Private Room in Shared Home - 2 Beds,441857651,1469993990464342163,Erika,,Near South,39.94511,-82.96949,Private room,66,1,106,2026-06-28,2.04,14,364,18,2025-1118
568289396853921301,O04-Burgundy-Private Room in Shared Home-1 Bed,441857651,1469993990464342163,Erika,,Near South,39.94509,-82.9684,Private room,,1,150,2025-03-30,2.85,14,0,0,2025-1118
568294167260930740,O05-Mint-Private Room in Shared Home-1 Bed,441857651,1469993990464342163,Erika,,Near South,39.9434,-82.96882,Private room,57,1,71,2026-06-27,1.35,14,362,39,2025-1118
569009736230300919,Lovely 1 bedroom apt Grandview/close to OSU!,208937408,1469089915936448319,Niki,,West Olentangy,39.98925,-83.04844,Entire home/apt,84,30,8,2025-05-18,0.16,3,271,0,
569115106466759151,"Entire, elegant, upscale home near Bexley",120455802,1462918465382224777,Norma,,Eastmoor/Walnut Ridge,39.952,-82.92183,Entire home/apt,319,1,87,2026-05-30,1.66,15,68,6,2019-2731
570116413268395402,Boutique Luxury Brownstone - Short North,194281106,1463106943901266179,Nicole,,Near North/University,39.97789,-83.00454,Entire home/apt,138,2,297,2026-06-21,5.65,59,225,73,2022-1681
570328924265693051,Board Game Bungalow of Grandview- Close to OSU,18410531,1462605982533116387,Alex,,West Olentangy,39.987839,-83.041992,Entire home/apt,261,1,200,2026-06-14,3.86,1,171,42,2022-1083
571886471103595371,"Charming 3BR Hot Tub, Garden! Game Day, Near OSU",97405277,1467173375652989130,Darren,,Near North/University,39.99082,-83.00046,Entire home/apt,272,2,242,2026-06-26,4.75,18,334,49,2024-2981
572667033635818455,Cozy Garden Townhome in the heart of OTE! (266),447314354,1463724189473761872,Justin,,Near East,39.96234,-82.96071,Entire home/apt,225,2,140,2026-06-15,3.10,2,334,21,2022-1721
573327471075267731,Clean House Close Hospital OSU Downtown,4911015,1462668222331728234,Natalia,,North Linden,40.02523,-82.98987,Entire home/apt,88,30,0,,,3,107,0,2022-0119
573364686268783275,Downtown | Fenced Yard | Pet Friendly,345450411,1469683136499128718,Evan,,Near East,39.97131,-82.97196,Entire home/apt,678,2,96,2024-12-26,1.82,12,57,0,2023-2518
573465595871603148,Spacious 4BR Near Botanical Gardens + Downtown,97405277,1467173375652989130,Darren,,Near East,39.97254,-82.94952,Entire home/apt,336,2,103,2026-05-30,1.99,18,327,27,STRP26000249
573536819923445962,Spacious-6 Bedroom Comfortable Traditional Living,105433925,1462883895103631402,Fitumi,,South Linden,39.98468,-82.94117,Entire home/apt,310,30,23,2026-06-14,0.45,5,149,3,2021-2622
574481423640679553,Big Brick 2 Bedroom apartment in Victorian Village,443246026,1469999381313222718,Nsr,,Near North/University,39.99073,-83.01357,Entire home/apt,288,2,57,2026-06-24,1.10,11,362,21,STRP25000013
575582592117725666,C01-Poe-Private Room in Shared Home-2 Full beds,441857651,1469993990464342163,Erika,,Near South,39.94377,-82.97465,Private room,77,1,108,2026-06-13,2.07,14,358,15,2025-1775
575584828003494807,C02-Alcott-Private Room in Shared Home-2 Beds,441857651,1469993990464342163,Erika,,Near South,39.94494,-82.97426,Private room,67,1,112,2026-06-08,2.16,14,363,22,2025-1775
575586720649594515,C03-Angelou-Private Room in Shared Home-1 Full Bed,441857651,1469993990464342163,Erika,,Near South,39.94354,-82.97568,Private room,57,1,188,2026-06-08,3.59,14,351,27,2025-1775
575588747288140949,C04-Hemingway-Private Room in Shared Home-1 Bed,441857651,1469993990464342163,Erika,,Near South,39.94347,-82.97463,Private room,64,1,163,2026-06-21,3.13,14,363,25,2025-1775
575590771552583237,C05-Capote-Private Economy Basement Room,441857651,1469993990464342163,Erika,,Near South,39.9451,-82.97509,Private room,58,1,178,2026-06-14,3.61,14,347,37,2024-0932
578729121365012551,Modern Peaceful 1BR near DT-Historic St,128528740,1468290275222134665,Joe & Ketevan,,Near East,39.96121,-82.97375,Entire home/apt,232,2,69,2025-12-28,1.39,6,349,10,2022-1637
578729169995891317,Urban Loft 2-story 1BR Near DT on Historic Street,128528740,1468290275222134665,Joe & Ketevan,,Near East,39.96115,-82.97423,Entire home/apt,216,2,124,2026-06-21,2.78,6,351,29,2022-3121
579130318703653698,Modern Home | Private Yard | Prime Location,345555579,1469683454694095392,Taylor,,Near North/University,39.98302,-82.99749,Entire home/apt,,1,115,2026-06-23,2.22,1,6,13,2022-1372
579920153215435176,Almost Bexley Guest Room 3,25476736,1462633668437292394,Sara,,Eastmoor/Walnut Ridge,39.96415,-82.92257,Private room,64,30,5,2024-09-23,0.11,3,365,0,2021-2356
580147427622115239,Modern Boho Stylish 1BR Near DT on Historic Street,128528740,1468290275222134665,Joe & Ketevan,,Near East,39.9617,-82.973,Entire home/apt,145,2,65,2026-06-07,1.29,6,358,14,2022-1636
581933877357049763,Lovely 2 bedroom apt. with pool & Alexa enabled!!,422020476,1469915331312511298,QT Custom Designs,,Eastland/Brice,39.89318,-82.88265,Entire home/apt,69,30,10,2022-05-16,0.19,1,282,0,2021-3884
583614838827265971,Cheap College Friendly Room. Close to campus!,304081662,1469557723553949035,Maria,,Northwest,40.05552,-83.04234,Private room,46,30,16,2026-06-20,0.33,3,247,4,
584623197569673553,Downtown Apt in the Heart of Columbus,224493353,1469191732960951699,Dom,,Downtown,39.95928,-82.99976,Entire home/apt,151,2,100,2026-06-21,1.92,26,311,24,2023-4939
586935057426011239,Closest Room Blocks from OSU/Hospital/Short North!,24519205,1462629664612660834,Darrin,,Near North/University,39.99284,-83.01224,Private room,58,1,105,2026-06-14,2.03,6,196,39,STRP26000531
588369097185627071,Cozy Room in Large Centrally Located Home,48511914,1465735074271652283,Santoria,,Near East,39.97488,-82.96693,Private room,51,14,10,2026-06-27,0.20,8,276,2,2021-2471
588415725482096566,*NEW* Spacious 1st floor loft-walk to restaurants!,54769683,1462729805210202603,Annie,,Near North/University,39.98676,-83.00011,Entire home/apt,158,1,202,2026-06-07,3.90,5,164,36,STRP25000656
588432213240413188,"Solitude in the City, quiet & beautiful inside",187708520,1463091358497808452,Rick,,North Linden,40.05175,-82.98805,Entire home/apt,205,2,160,2026-06-11,3.23,1,319,50,2022-1515
588586238211818990,OSU • Free Parking • Studio w/ Workspace,115836608,1462908128595617159,Erich,,Near North/University,39.99078,-83.01505,Entire home/apt,159,2,44,2026-02-15,0.86,45,335,6,2025-2436
589346213753115080,Downtown Columbus Apartment,224493353,1469191732960951699,Dom,,Downtown,39.95923,-82.99976,Entire home/apt,161,2,120,2026-06-20,2.32,26,327,17,2023-4956
590066815231206395,Cozy & Quaint 2BR Home. Centrally Located Gem!,339425361,1469662055205242420,Bryan,,Near North/University,40.01311,-83.00927,Entire home/apt,181,1,328,2026-06-23,6.53,1,108,88,2022-1456
591367825481735170,Penthouse Short North Studio & Free Parking,2994567,1462614436633814142,Mark,,Near North/University,39.97495,-83.00312,Entire home/apt,102,30,20,2026-03-31,0.39,13,132,6,STRP26000618
593373492153415128,The Buckeye Bungalow | Garage | Walk-In Shower!,27280979,1465402775111214573,Jesse,,West Olentangy,40.01844,-83.02704,Entire home/apt,,30,5,2025-11-20,0.11,22,275,1,
593930365878917704,Historic home in Olde Towne East-sleeps 12,310700304,1469580891926206644,Julie,,Near East,39.96031,-82.96783,Entire home/apt,458,2,118,2026-05-11,2.32,1,336,13,2025-1587
595446722091850100,OSU Campus/Fairgrounds 1 BR 2 BD 2 BA efficiency,263332917,1469392702338332602,Kurt,,Near North/University,40.00164,-83.00059,Entire home/apt,188,2,113,2026-06-21,2.20,3,102,9,2022-1071
595635111449528008,2-BR w/2pkg spaces Near German Village,10262619,1462835859700328773,Wendy,,Near South,39.93507,-82.96921,Entire home/apt,65,30,4,2025-12-11,0.08,2,64,2,2022-1536
599451285613160896,First Class 4 Bedroom Home,191916098,1468997543561250074,Jami,,Near East,39.95604,-82.97378,Entire home/apt,267,2,177,2026-06-27,3.47,6,4,41,STRP26000036
599547888529837110,Cheerful 1-Ensuite Master bedroom in lovely home,453119612,1470039133659822904,Delphine,,Near South,39.94658,-82.97707,Private room,96,30,14,2025-06-22,0.27,5,296,0,2022-1596
603676852473797594,Chic Merion Village Home | Fenced Patio | Pets OK,8963103,1462791412955111071,Sarah,,Near South,39.93845,-82.99621,Entire home/apt,235,1,222,2026-06-14,4.38,7,358,24,2024-1514
606507404364534915,Private Patio/Parking/Printer/Office/Laundry,107481618,1487912620425552792,Nick,,Near North/University,39.9812,-83.01208,Entire home/apt,,360,16,2023-08-21,0.32,1,0,0,2022-1738
606576471842152533,Schumacher's Gem Historic Home wth Hot Tub & Study,454599740,1463742148565917150,Alex Shevchenko,,Near South,39.9447,-82.98956,Entire home/apt,359,1,450,2026-06-25,8.91,1,334,94,STRP26000435
607427676599550187,Updated home w/chef's kitchen! All new inside!,398764508,1469833290181012221,Rayna,,North Linden,40.02609,-82.96681,Entire home/apt,100,30,2,2023-12-15,0.05,6,179,0,
607807831903509934,5BR Near OSU & Downtown | Sleeps 11 + Parking,215447158,1469129406568004938,Jason,,Near North/University,40.01489,-83.00375,Entire home/apt,234,2,188,2026-06-21,3.69,9,55,49,STRP26000503
607854544774497337,"Hot Tub, King Beds, Foosball, Firepit, Cornhole",88414346,1467061712701374397,Vincent,,Near North/University,39.98723,-83.00163,Entire home/apt,314,1,119,2026-06-27,3.14,1,173,39,2025-2358
607855428134773724,Lite & Bright 4 Bed | Hot Tub| Yard | Priv Parking,57194369,1465934848211980378,Carson,,West Olentangy,40.03318,-83.03696,Entire home/apt,409,1,172,2026-06-04,3.40,7,94,33,2024-2023
608078312537046461,"Pristine Home by OSU, Schott, Hospital & Downtown",64758764,1466800772197405529,Laura,,West Olentangy,40.0218386,-83.0401443,Entire home/apt,313,1,82,2026-06-24,2.00,1,330,22,2025-1356
608804981238969185,Prime Short North | Convention Center | ParkingI,455081591,1463743313155000353,Scott,,Near North/University,39.98247,-83.00401,Entire home/apt,312,1,217,2026-06-09,4.28,1,90,33,2025-1910
609691426245170842,Spectacular 2-Bedroom in a 4-Bedroom House,453119612,1470039133659822904,Delphine,,Near South,39.94713,-82.9771,Private room,125,30,22,2024-05-05,0.44,5,179,0,2022-1596
610027100186960893,"Entire Home 1BR Near Downtown, Free Parking, Patio",91556084,1467106500438205952,Vasantha,,Franklinton,39.950882664064885,-83.02617360831347,Entire home/apt,,1,16,2026-06-19,7.38,1,343,16,STRP26000565
610213692643049565,Stunning Italian Village New Build W/ Terrace!,107290958,1467300359542408670,Joel,,Near North/University,39.98323,-82.99617,Entire home/apt,318,2,147,2026-06-14,2.89,9,350,30,2023-3785
612475286669226862,Downtown Luxury Apartment,224493353,1469191732960951699,Dom,,Downtown,39.95923,-82.99976,Entire home/apt,156,2,100,2026-06-22,1.97,26,275,33,2023-4949
613038920399345578,Cozy Cabin in the Heart of the City,229459088,1463232576895839578,Matt,,West Olentangy,39.99303,-83.04567,Entire home/apt,175,2,217,2026-06-17,4.30,1,197,49,
614539857859692107,2 car garage-Village brick/big yard/art lovers!,51153135,1462718835944989708,Allison,,Near South,39.948082,-82.992607,Entire home/apt,349,1,191,2026-06-25,3.77,2,152,41,STRP25000655
615251269114377641,Suite 23 - Spacious and Stylish in the Old North,431344669,1469953247421664960,Jesse,,Near North/University,40.015899658203125,-83.0022964477539,Entire home/apt,548,2,250,2026-05-29,5.04,7,320,44,2022-1733
615904477566369237,"Cozy 1BD Tiny Home near German V., Dntn Columbus",166091102,1468611011736071658,Brian,,Near South,39.94182,-82.98523,Entire home/apt,,2,285,2026-06-15,5.69,1,0,54,2022-1682
616127407014950743,Franklinton 3-Bdr Home Mins From Downtown Columbus,456707959,1463747296649736901,CBThree Ventures,,Franklinton,39.95767,-83.02415,Entire home/apt,251,1,132,2026-05-31,2.71,1,328,14,STRP26000488
617221133571853924,Lovely Brownstone in Short North Area!,16528376,1462988806337413776,Jenean,,Near North/University,39.989281,-83.006271,Entire home/apt,81,30,9,2025-12-21,0.18,7,117,2,
617891776877375563,Cheerful 4-Bedroom- Walking Distance to The Shoe,453019578,1470038730828227920,Tom,,Near North/University,40.00744,-83.015891,Entire home/apt,,1,98,2026-05-05,1.94,63,0,20,STRP26000417
618381152624748980,"BuckeyeHaven-FullKitchen, WasherDryer, 2 Bedroom",1528218,1462560831622221308,Ashley,,Near South,39.94403,-82.95161,Entire home/apt,96,30,9,2025-11-20,0.21,1,364,3,
619123459722144139,Cheerful 1 Bedroom in Downtown Columbus,453119612,1470039133659822904,Delphine,,Near South,39.94635,-82.97865,Private room,78,30,28,2023-10-22,0.56,5,179,0,2022-1596
619127397362361124,"A Royal Suite near Downtown Columbus, Ohio",453119612,1470039133659822904,Delphine,,Near South,39.94681167602539,-82.97806549072266,Private room,65,30,4,2023-05-28,0.08,5,332,0,
619587040858777398,Luxury Apartment in Grandview,453019578,1470038730828227920,Tom,,West Olentangy,39.988078,-83.032529,Entire home/apt,185,1,145,2026-06-12,2.93,63,48,59,STRP26000356
619599443599073994,Studio near OSU,453019578,1470038730828227920,Tom,,Near North/University,39.998069763183594,-83.00420379638672,Entire home/apt,117,1,65,2026-06-12,1.38,63,5,23,STRP26000339
623041336435295295,Luxury Modern Harrison West Home with Rooftop Terr,20124464,1462611888448697875,Taylor & Brittany,,Near North/University,39.981285095214844,-83.01581573486328,Entire home/apt,433,1,103,2026-06-08,2.10,4,354,12,STRP26000446
623078277333941166,3 Bedroom Centrally Located,453019578,1470038730828227920,Tom,,West Olentangy,39.9880784,-83.0325291,Entire home/apt,255,1,136,2026-06-18,2.73,63,165,42,STRP26000362
623828800804318430,"2 bed Luxury Condo, smart home and 2 work station",7534006,1462734510669946174,Shezaan,,Near North/University,39.978,-82.99775,Entire home/apt,157,30,65,2026-04-01,1.31,2,289,3,2020-1122
624477186104826995,The Loft on Lundy | Short North Arts District,52174539,1465836807997101830,Kate & Nat,,Near North/University,39.97787,-83.007,Entire home/apt,94,30,159,2026-06-20,3.18,21,173,42,2025-1613
624733571125264241,Garage - Fenced in Yard - Walkable to High Street,345450411,1469683136499128718,Evan,,Near North/University,39.98255,-83.01099,Entire home/apt,,2,100,2026-05-27,1.99,12,0,12,2024-1482
624843854132952731,Delightful 1-Bedroom in Home Park Free on Premises,453119612,1470039133659822904,Delphine,,Near South,39.94735,-82.97849,Private room,77,30,23,2024-07-28,0.46,5,179,0,2022-1596
625167372010332476,Charming 2 bedroom with free parking on premises,458735784,1470065492930452136,Robin,,Near South,39.94168,-82.95197,Entire home/apt,252,1,73,2026-06-08,1.60,2,63,17,2022-1795
625209581193793268,Charming house close to German Village,106815492,1467294990096459128,Amanda,,Near South,39.93454,-82.994,Entire home/apt,220,30,172,2026-06-22,4.02,1,241,38,2024-0735
625253679812400475,Fantastic Entire Home/7 bedrooms,458759966,1470065602880205526,Claire,,Near North/University,40.00956,-83.00773,Entire home/apt,1082,1,43,2026-06-14,0.92,7,259,13,STRP26000450
626191054389084854,Cozy OSU Studio | Fast WiFi Near Campus,115836608,1462908128595617159,Erich,,Near North/University,39.99076,-83.01453,Entire home/apt,126,2,41,2026-06-14,0.83,45,330,14,2025-2429
626193333246475347,Modern King Bed | City Views in Columbus,65045986,1462768119102111203,Jonniqua,,Downtown,39.95952,-83.00084,Entire home/apt,152,30,112,2026-06-08,2.26,3,357,6,2026-7369
626376636652403372,"Spacious 4Bdm Home | Backyard, Garage/Parking",291861093,1463396967047021155,Corey,,Near East,39.95542,-82.96297,Entire home/apt,284,2,66,2026-06-21,1.37,2,299,20,STRP25000250
627364856952455190,The Cozy Carriage House of Montrose Way,413893166,1463643743435775971,Ashley,,Clintonville,40.03534,-83.01949,Entire home/apt,214,1,70,2026-04-19,1.42,1,127,5,2025-0054
629718367290578813,Garage~ FirePit~Near NCH Hosp & DTWN Columbus,459767633,1470070231519094683,Anita,,Near South,39.94655,-82.9793,Entire home/apt,415,1,137,2026-06-15,2.83,1,335,41,2022-1642
629854982841186398,"1st Floor Studio/ OSU, WiFi",115836608,1462908128595617159,Erich,,Near North/University,39.99154,-83.01334,Entire home/apt,171,1,56,2026-05-27,1.17,45,359,18,2025-2243
629859249845259753,Cozy 2-bedroom (Queen size) 1 private bathroom,65250167,1462768666729777603,Marina,,Near South,39.93425,-82.98562,Private room,,30,7,2024-03-31,0.14,4,24,0,2021-2973
630452898020063612,"COZY, LUXURY APARTMENT, DOWNTOWN COLUMBUS- KITCHEN",196711033,1463133571982463985,Jessica,,Downtown,39.959229,-82.999756,Entire home/apt,232,1,142,2026-06-22,2.84,1,168,36,2026-3930
631093085996602353,Downtown Columbus 2BR | Skyline View + Garage,27280979,1465402775111214573,Jesse,,Franklinton,39.95553,-83.01232,Entire home/apt,,30,1,2024-04-21,0.04,22,88,0,
632644081959586547,Home sweet home,119350911,1468216881051293288,Javida,,South Linden,40.00808,-82.96808,Entire home/apt,274,1,10,2026-04-26,0.28,1,350,3,2025-1869
637822846810122126,Lovely 1-bedroom apartment in great neighborhood,102121789,1467225569335334246,Derek,,Near North/University,39.98797,-83.01159,Entire home/apt,172,2,86,2026-05-31,1.74,1,4,13,2025-2557
638433240524450905,Julia Childs,54100341,1465880076514323477,Christopher,,Near North/University,40.01403,-83.00112,Entire home/apt,41,30,3,2025-11-29,0.06,13,316,2,
638581299090417734,2 bedroom 1.5 bath home away from home,61381251,1466755390144951797,Ashlee,,Far East,40.0052,-82.78851,Entire home/apt,183,1,51,2026-06-14,1.32,2,15,22,2023-2826
639254584578256004,"Spacious 3 bed, 2 full bath ranch close to the Zoo",67826667,1466838151405291597,Jordan,,Northwest,40.075111,-83.102875,Entire home/apt,228,2,267,2026-06-18,5.39,8,318,56,2022-1717
639901767828062825,Stylish OSU Retreat + Parking & Stadium,115836608,1462908128595617159,Erich,,Near North/University,39.9924,-83.01381,Entire home/apt,169,1,42,2026-06-14,0.86,45,358,14,2025-2246
641973279872873321,"Luxury Stay Near Easton, Airport & OSU",462438220,1470083437502067912,Exquisite Rentals,,Northeast,40.04680167252752,-82.91607666415253,Entire home/apt,353,30,43,2025-11-30,0.94,2,163,7,2024-2206
642542882074751702,Skylight Studio in Brownstone Mansion,32538824,1465477430079269126,Mimi,,Near East,39.96562,-82.96379,Entire home/apt,127,2,188,2026-06-10,3.96,6,68,33,2022-2084
642687120987350031,Steps from Franklin Park in Historic Mansion Unit,32538824,1465477430079269126,Mimi,,Near East,39.96539,-82.96369,Entire home/apt,203,1,79,2026-05-18,1.94,6,123,11,2023-3987
642690322062294733,Minutes to Franklin Park Conservatory,32538824,1465477430079269126,Mimi,,Near East,39.96715,-82.9632,Entire home/apt,183,2,102,2026-06-14,2.20,6,132,22,2023-3989
644899162933283569,The Shores | K Bed | Hot Tub | Heart of Grandview,85306143,1467028766692398866,Jeremiah,,West Olentangy,39.9904,-83.04178,Entire home/apt,226,1,144,2026-06-14,3.10,13,173,42,STRP26000050
645160371813931633,"Buckeye Work Hub | OSU, WiFi, Parking",115836608,1462908128595617159,Erich,,Near North/University,39.99225,-83.01327,Entire home/apt,113,2,31,2026-06-14,0.64,45,365,15,2024-1853
645517813181227864,The Dakota | King Bed | Hot Tub | Walk to Eateries,85306143,1467028766692398866,Jeremiah,,West Olentangy,39.99082,-83.04349,Entire home/apt,237,1,98,2026-06-14,2.08,13,184,32,STRP26000049
645537884317280649,The Carolina | Hot Tub | Grill | Near OSU,85306143,1467028766692398866,Jeremiah,,West Olentangy,39.98882,-83.0437,Entire home/apt,203,1,142,2026-06-14,2.96,13,165,21,STRP26000053
645543989922978813,The Avalon | King Bed | Hot Tub | Gem of Grandview,85306143,1467028766692398866,Jeremiah,,West Olentangy,39.9894,-83.04169,Entire home/apt,181,1,122,2026-05-21,2.58,13,179,21,STRP26000052
645568162665334007,The Gatsby  Hot Tub  King Bed  Patio. OSU  5th Ave,85306143,1467028766692398866,Jeremiah,,West Olentangy,39.9905,-83.05281,Entire home/apt,228,1,125,2026-06-14,2.61,13,168,14,2024-2941
645584549753917158,The Charleston  Hot Tub  Patio  King Bed  OSU  5th,85306143,1467028766692398866,Jeremiah,,West Olentangy,39.98999,-83.05296,Entire home/apt,213,1,103,2026-06-14,2.20,13,161,18,2024-2939
645597910629541447,The Broadway  Hot Tub  King Bed  Patio OSU 5th Ave,85306143,1467028766692398866,Jeremiah,,West Olentangy,39.99012,-83.05262,Entire home/apt,231,1,128,2026-06-14,2.68,13,179,23,2024-2940
645603264613200849,The Avenue  Hot Tub  Patio  King Bed  5th Ave  OSU,85306143,1467028766692398866,Jeremiah,,West Olentangy,39.99201,-83.05345,Entire home/apt,369,1,146,2026-05-31,3.05,13,174,43,2024-2938
645641062618175289,Charming Apt. w/ Hot Tub and Patio | Sleeps 6,85306143,1467028766692398866,Jeremiah,,Near North/University,39.99019,-82.99811,Entire home/apt,286,1,52,2026-06-13,1.35,13,152,12,STRP26000047
645646305864914465,Charming Apt. with Hot Tub and Balcony | Sleeps 6,85306143,1467028766692398866,Jeremiah,,Near North/University,39.99059,-82.99877,Entire home/apt,286,1,82,2026-06-14,1.76,13,168,19,STRP26000046
645650623259658703,Modern Apt. w/ Hot Tub and Balcony | Sleeps 8,85306143,1467028766692398866,Jeremiah,,Near North/University,39.99067,-82.99963,Entire home/apt,260,1,160,2026-06-02,3.39,13,168,28,STRP26000049
645653132997368350,Charming Apt. w/ Hot tub and King Beds | Sleeps 6,85306143,1467028766692398866,Jeremiah,,Near North/University,39.99192,-83.00019,Entire home/apt,275,1,120,2026-06-14,2.53,13,168,22,STRP26000047
647477833163159552,The Pilot’s Peaceful Private Home 4BR/2BA,463720466,1463764101641169555,Dubbs Vision Property Management,,South Linden,40.00484,-82.93842,Entire home/apt,524,1,51,2026-05-31,1.07,3,23,10,2023-4137
647647367296353031,Rustic Treetop Apartment w/ Off Street Parking,58022914,1466695483858750374,Matthew,,Near North/University,40.01428,-83.00276,Entire home/apt,134,2,232,2026-06-13,4.78,3,3,65,2025-2610
649159288800440905,Historic German Village house with parking,280513923,1469475282713956603,Cassandra,,Near South,39.9525,-82.98839,Entire home/apt,326,1,36,2025-05-05,0.98,1,70,0,2025-1719
649994284139630997,Gorgeous 5BR/10Bed | Large Private Outdoor Space!,182105923,1468757251719591461,Holly,,Near North/University,39.98956,-83.00893,Entire home/apt,891,1,121,2026-06-22,2.70,1,239,26,2022-2484
650729479812313471,Amazing Apartment Along the River,224493353,1469191732960951699,Dom,,Franklinton,39.95615,-83.01055,Entire home/apt,156,2,86,2026-06-21,1.75,26,321,28,2023-8875
650959984813400709,PrivateParking/Entrance_OSU/ExpoCentr 7B Renovated,249951812,1469325022709321142,Jessie,,Near North/University,39.99682,-82.99649,Entire home/apt,190,1,224,2026-06-27,4.60,20,187,45,STRP26000668
653468529552019742,4BR Near OSU & Stadium | Sleeps 11 | Free Parking,215447158,1469129406568004938,Jason,,Near North/University,40.01658,-83.00376,Entire home/apt,189,2,141,2026-06-20,2.90,9,80,36,STRP26000505
653835942783806111,Historic OTE Judge’s Study | 1BR-1Bath,449053468,1463728523052847623,Judges Mansion,,Near East,39.9653,-82.9659,Entire home/apt,144,1,68,2026-06-27,1.40,7,328,30,2025-2414
654154037401127612,Newly designed studio apartment,453019578,1470038730828227920,Tom,,Near North/University,39.99816872789914,-83.00546740265503,Entire home/apt,164,1,8,2026-06-10,0.18,63,6,6,STRP26000340
654509731647218720,Cozy Private Suite with Private Entrance,30698581,1465451686342389653,Morgan,,Clintonville,40.0286218,-83.01899639999999,Private room,,2,145,2026-03-22,2.96,1,0,17,2020-1151
654933366800077267,Comfy Cozy 3 Bedroom Home 10-15 min From Downtown!,423549973,1469921587363337493,Karl,,Far East,39.93387,-82.84327,Entire home/apt,145,31,54,2026-04-25,1.21,2,176,3,2022-2458
655063661166837578,"Room • Childrens Hospital, Downtown, OSU Medical 3",380948398,1463569812023138394,Takeiciou,,Near South,39.94935,-82.95713,Private room,43,21,10,2026-04-30,0.21,3,34,2,2025-2546
656418897036931247,Modern Top-Floor 1BR Near Data Centers | Monthly,27280979,1465402775111214573,Jesse,,Rocky Fork-Blacklick,40.0998,-82.84913,Entire home/apt,,30,1,2026-01-24,0.19,22,32,1,
657129871465951560,"Columbus Private Home: BBQ Deck, Game & Movie Room",130508530,1468307573543783385,Ceylan,,Near East,39.97499,-82.97319,Entire home/apt,228,3,166,2026-06-21,3.47,1,226,32,2024-0740
657581693626961842,"Room • Childrens Hospital, Downtown, OSU Medical 4",380948398,1463569812023138394,Takeiciou,,Near South,39.95022,-82.95729,Private room,,21,14,2026-05-28,0.29,3,11,3,2025-2546
658577106575323999,"Room • Childrens Hospital, Downtown, OSU Medical 5",380948398,1463569812023138394,Takeiciou,,Near South,39.94937,-82.95556,Private room,39,21,11,2025-10-31,0.23,3,68,2,2025-2546
658839157821172358,The Yellow Porch House | Charm & Location,52174539,1465836807997101830,Kate & Nat,,Near North/University,39.98293,-83.01143,Entire home/apt,213,2,60,2026-06-21,1.27,21,147,12,STRP25000222
658866246564903146,Historic OTE Gallery Suite | 1BR-1Bath,449053468,1463728523052847623,Judges Mansion,,Near East,39.96465,-82.96614,Entire home/apt,137,1,48,2026-06-19,0.99,7,340,26,2025-2407
658868694552865373,Family Friendly Flat,315729151,1469595872435283272,Rachel,,Northland,40.07095,-82.95763,Entire home/apt,156,30,6,2026-06-07,0.13,15,327,2,
659450997111656360,AMAZING MODERN NEW BUILD IN ITALIAN VILLAGE!,107290958,1467300359542408670,Joel,,Near North/University,39.9842,-82.99656,Entire home/apt,371,2,110,2026-06-14,2.36,9,351,32,2023-3784
659539236082321856,Feels like Summer Bedroom,295931621,1463404477387921586,Emmanuel,,Eastland/Brice,39.91356,-82.83844,Private room,68,10,15,2025-10-05,0.31,6,244,3,STRP25000332
659553972038501773,Alluring Fall Bedroom,295931621,1463404477387921586,Emmanuel,,Eastland/Brice,39.91415,-82.84009,Private room,64,10,15,2026-05-05,0.31,6,270,2,STRP25000332
659677003476053796,"King Bed, 3-Season Room | 3BR Clintonville Home",316234072,1469597474206190259,Tam,,Clintonville,40.02702,-83.00937,Entire home/apt,378,2,58,2026-05-31,2.22,1,302,25,2022-2929
660002934194974558,"The Werner House w/ Gym, Spa & Speakeasy",466733258,1463771174836209011,Adellina,,Near East,39.9675222,-82.95717119999999,Entire home/apt,2045,1,15,2026-05-24,0.54,1,310,2,2023-2228
661002977824115264,Center of the City,86953509,1467046400901004417,Joy,,Downtown,39.96354732833535,-83.00117757171392,Entire home/apt,129,30,5,2026-05-20,0.12,1,327,2,
661662470414885400,Welcome to the Tranquility Room- Near everything,53884276,1465875428250752591,Theresa,,Eastmoor/Walnut Ridge,39.96942,-82.91199,Private room,48,31,11,2026-05-28,0.24,8,254,1,2022-1854
662102996027466268,Historic OTE Chamber Suite | 1BR-1Bath,449053468,1463728523052847623,Judges Mansion,,Near East,39.96326,-82.96562,Entire home/apt,163,1,125,2026-06-21,2.58,7,334,32,2025-2411
662383627611136591,The Victorian Vacation Home 3BD/3.5BA,26958698,1462639286756387417,Benjamin,,Near North/University,39.9852226,-83.0098469,Entire home/apt,503,1,87,2026-04-12,1.79,6,324,15,STRP25000128
662879489784997063,Parkside Tower- cozy bungalow on a dead-end street,398764508,1469833290181012221,Rayna,,North Linden,40.0268,-82.96592,Entire home/apt,78,30,5,2024-10-28,0.12,6,178,0,
664427339139312182,"Comfy 4BR-2BA Near OSU, Riverside Hosp. - Sleeps 9",466824754,1470104500531612172,Nathan,,West Olentangy,40.03368,-83.0374,Entire home/apt,280,2,170,2026-06-28,3.92,2,237,37,STRP25000571
664450555021240048,"Arthur Barn, North West Columbus 3 BR. King bed",129173004,1462937632771771489,MiStay Homes,,Northwest,40.05469,-83.05504,Entire home/apt,125,30,16,2025-09-14,0.36,1,179,1,2022-2023
665699068801682115,SONE'S PLACE ROOM B,141210967,1468395607330378263,Grace,,Northland,40.09674,-82.95049,Private room,67,30,0,,,3,365,0,Exempt
666121934428607927,Luxury Meets Comfort,428280358,1469940765120496732,Sadie,,Near East,39.9706601,-82.97482190000001,Entire home/apt,447,3,55,2026-06-21,1.18,4,177,10,2022-1542
668076842337329867,Spacious 4-bedroom home perfect for families,473367154,1470134831282923215,Tim,,Northland,40.0807,-82.95962,Entire home/apt,231,5,88,2026-04-04,1.84,1,324,9,STRP26000809
670186224856488380,Modern Convenience ! Near Franklin Park! 1 BR Apt!,51373382,1465802269849810605,Sean,,Near East,39.96149,-82.96187,Entire home/apt,116,2,72,2026-05-25,1.55,12,363,10,STRP25000358
670454247212903243,Sleek Loft Retreat by OSU & Short North,43899892,1465652070993192864,Joel,,Near North/University,39.9926,-83.00578,Entire home/apt,229,1,336,2026-06-11,7.10,3,204,39,STRP26000054
671059119673387973,Historic OTE Library Suite | 1BR-1Bath,449053468,1463728523052847623,Judges Mansion,,Near East,39.96327,-82.96748,Entire home/apt,148,1,129,2026-06-25,2.68,7,290,69,2025-2412
671061828154507754,Brand New Carriage House!,246088509,1469305471434751597,Christian,,Near South,39.93038,-82.99056,Entire home/apt,,30,2,2023-12-02,0.05,5,0,0,
671195264937732201,The Retreat Room is spacious comfort.,53884276,1465875428250752591,Theresa,,Eastmoor/Walnut Ridge,39.96764,-82.91246,Private room,59,31,21,2025-06-08,0.44,8,269,0,2022-1855
672243564144334300,"Updated 3 bedroom in the heart of it all!!
Welcome",444169375,1470002642651961300,Maurice,,South Linden,40.00011,-82.97519,Entire home/apt,183,2,146,2026-05-31,3.04,2,68,11,2022-1197
673386241384356527,Historic OTE Parlor Studio | 1Bath,449053468,1463728523052847623,Judges Mansion,,Near East,39.96346,-82.96525,Private room,138,1,78,2026-06-10,1.63,7,339,23,2025-2409
673408338104067387,Historic OTE Bench Suite | 1BR-1Bath,449053468,1463728523052847623,Judges Mansion,,Near East,39.96393,-82.96674,Private room,135,1,73,2026-06-21,1.59,7,326,31,2025-2410
673922300980700182,"Peace Place! Updated 3bdrm home, finished basement",429411524,1469945503126075239,Wanneese,,Southeast,39.87764,-82.83389,Entire home/apt,424,2,73,2026-06-15,1.53,1,256,6,2022-2151
674630266521969383,3br Home near Children's Hospital + German Village,83760280,1467013395776998472,Luke,,Near South,39.94799,-82.98212,Entire home/apt,191,2,99,2026-06-04,2.11,8,332,21,2024-2362
675244807029089386,"4BR Luxury, Spacious, Big driveway, Best location",408741961,1469867009204281601,Helen,,West Scioto,40.02176,-83.10339,Entire home/apt,513,1,151,2026-06-15,3.19,1,133,38,
677875414643165996,Highly Rated Private Room on OSU Campus,130524400,1468307695934139900,Joy,,Near North/University,40.0099,-83.00582,Private room,75,7,23,2026-05-19,0.54,3,101,5,2022-3420
677997005051675407,Stylish Loft in the center of it all-Short North!,104011252,1467248619718080695,James,,Near North/University,39.98617,-83.00466,Entire home/apt,82,30,4,2024-12-08,0.11,1,329,0,
678245677581049518,THE SKYSCRAPER IN HEART OF COLUMBUS,158439641,1468543439958083754,GH Hospitality,,Downtown,39.971926,-83.00281609999999,Entire home/apt,378,30,148,2026-05-02,3.10,40,362,21,2024-2514
678517155939379277,"5 mins to OSU|3BD Vibrant Bungalow|2BA, Soaker Tub",971081,1462534611783203891,Justin,,Near North/University,40.0145,-83.00213,Entire home/apt,104,30,56,2024-03-03,1.17,1,272,0,2022-1518
680434803097462443,Lovely Space in the Grandview! 100% Walkable!,16528376,1462988806337413776,Jenean,,West Olentangy,39.99067705643102,-83.04302133121338,Entire home/apt,84,30,10,2025-11-01,0.22,7,192,2,
680889823297155169,Peace & Privacy/Gameroom/contractor friendly/3brm,125418001,1468264238579999268,Terry,,Northeast,40.01647,-82.92872,Entire home/apt,155,2,183,2026-06-14,4.04,5,320,38,2022-2925
681237825707266040,"Hidden Lakes, peace, and tranquility",246594610,1469308101816753505,Tyjae,,West Scioto,39.98427,-83.06884,Entire home/apt,,30,1,2022-08-15,0.02,1,180,0,2022-0806
681603938063400507,Historic OTE Retreat Suite | 1BR-1Bath,449053468,1463728523052847623,Judges Mansion,,Near East,39.9642516,-82.96641190000001,Entire home/apt,151,1,66,2026-06-20,1.42,7,332,28,2025-2408
681789995065592877,German village close to children’s hospital,468961608,1463776263516813814,Ryan,,Near South,39.95227,-82.98808,Entire home/apt,,1,41,2024-09-22,0.86,2,0,0,2019-9210
682602072714041934,3 BR Home Close to Children's/GV/Grant/Downtown,383345181,1469785869446726350,Thomas,,Near South,39.93488,-82.9721,Entire home/apt,132,30,11,2025-05-24,0.25,2,332,0,
683888638442842619,(1)Clintonville 3-bed Mid-Cent. Townhome w/Parking,63784636,1462764714245550316,Christopher James,,Clintonville,40.02264,-83.0078,Entire home/apt,,1,101,2024-12-15,2.16,5,0,0,2024-1132
683894808217864012,(3)Clintonville Getaway 3-bed Townhouse w/Parking,63784636,1462764714245550316,Christopher James,,Clintonville,40.02433,-83.00653,Entire home/apt,,1,74,2024-11-29,1.58,5,0,0,2023-4032
685481485255136401,Spacious Cottage in the Heart of Italian Village,194281106,1463106943901266179,Nicole,,Near North/University,39.98551,-82.99736,Entire home/apt,140,2,173,2026-06-20,3.67,59,283,53,2024-0911
685609079499433346,30+ Short North | Walkable | Spacious and Cozy,345450411,1469683136499128718,Evan,,Near North/University,39.98255,-83.01099,Entire home/apt,153,30,82,2026-06-14,1.74,12,108,15,2024-1483
687895433895085663,"Cozy 2bd, 1 bth near OSU, downtown, I-70 and I-270",120455802,1462918465382224777,Norma,,Clintonville,40.0747,-83.00471,Entire home/apt,97,30,9,2024-09-22,0.19,15,37,0,2022-2115
688271481810009041,Campus Heart • Designer Studio • Free Parking,115836608,1462908128595617159,Erich,,Near North/University,39.9923,-83.01325,Entire home/apt,121,2,32,2025-11-29,0.68,45,358,9,2025-2250
688310773812315769,Modern & Luxurious 1BR in the Heart of Short North,152060241,1468492427228294939,Milana,,Near North/University,39.97958,-83.00353,Entire home/apt,293,30,3,2023-07-09,0.08,2,365,0,2022-3588
689702254422986830,Lovely 2-bedroom rental unit with free parking,367095138,1463539506483119611,Benson,,Hilltop,39.92018062563491,-83.07811003178358,Entire home/apt,,1,234,2026-02-07,5.00,9,0,34,STRP25000525
690340804199274462,Short North Victorian Gem | Ohio St. & Downtown!,78923300,1462823324102996814,Jonathon,,Near North/University,39.981217117983654,-83.01392510533333,Entire home/apt,,2,10,2025-06-28,0.21,2,0,0,2022-2724
692036845684704121,Dazzling Campus Studio w/ Free Parking,474700132,1470140389606495898,Marc,,Near North/University,39.99597,-83.00497,Entire home/apt,77,2,97,2026-06-14,2.07,8,71,11,2022-2167
692647713922462392,"Cozy Cottage:15 minutes to Easton, OSU, & downtown",315729151,1469595872435283272,Rachel,,North Linden,40.02954,-82.9654,Entire home/apt,107,30,5,2023-10-20,0.11,15,284,0,
693541822290988080,Pet-Friendly German Village Haus (Wifi + Walkable),139332037,1468381177495557943,Jenny,,Near South,39.94602,-82.99753,Entire home/apt,243,1,215,2026-06-21,4.77,7,298,61,2022-2865
693551787773497002,Cute German Village Lil’Haus/City Park/PetsOK,139332037,1468381177495557943,Jenny,,Near South,39.94621,-82.99507,Entire home/apt,253,1,448,2026-06-25,9.79,7,305,105,2022-2864
694797136291603632,Entire House Olde Town East near Downtown,475290401,1470142895569238995,Beth,,Near East,39.96072,-82.97122,Entire home/apt,436,1,4,2023-03-06,0.09,1,160,0,2021-2828
694824666093909646,OSU Campus Charmer * Walk to Campus,474700132,1470140389606495898,Marc,,Near North/University,39.99743,-83.00497,Entire home/apt,102,2,58,2026-05-17,1.26,8,7,5,2022-2179
695013953296363643,Kelso's Hideout - Secluded setting near OSU,431344669,1469953247421664960,Jesse,,Clintonville,40.0209272,-82.9982405,Entire home/apt,293,2,163,2026-05-17,3.47,7,343,39,2022-2620
695566900357098104,Modern Townhome in the Heart of German Village,475474709,1470143605618735299,Ken,,Near South,39.94991,-82.99332,Entire home/apt,,1,101,2025-04-06,2.21,2,0,0,2022-1959
695840813016401638,cozy park free parking free Wi-Fi,35908572,1465532264451051696,Marvin,,Northland,40.08512572473731,-82.97139532864094,Entire home/apt,,30,118,2026-06-14,3.02,1,257,29,2022-2759
695897840965437658,"A Luxury Beauty, Near OSU/Downtown",160628376,1463008690631017413,Cierra,,Franklinton,39.95401,-83.03458,Entire home/apt,,3,23,2025-06-22,0.57,1,0,0,2023-2323
696928377234398001,Katie's House A Columbus/Clintonville Airbnb House,475763142,1470144743950198941,Katie,,Clintonville,40.0301176,-82.9995208,Entire home/apt,164,1,115,2026-06-24,2.46,1,261,41,2022-2429
696946275947695840,Unwind near downtown - lux house with fenced yard,30513116,1465449018195276714,Drew,,Near South,39.94995,-82.97181,Entire home/apt,184,1,90,2026-06-25,2.04,1,167,25,2025-2681
696976692562125793,Elegant 3 bedroom - Free Parking,347877199,1469690232411311750,Aamna,,Near East,39.9711426,-82.96030259999999,Entire home/apt,89,30,25,2026-06-07,0.56,4,312,5,2023-2567
696980857108883235,THE Ohio State University/ Fairgrounds 2 BR 1BA,263332917,1469392702338332602,Kurt,,Near North/University,40.00088,-83.00019,Entire home/apt,227,2,111,2026-06-20,2.38,3,230,20,2022-2542
697000354541844507,The Big Blue House—5BR w/ New Kitchens & Bathrooms,175883174,1468705028249288964,Michael,,Near North/University,40.01555,-83.0022,Entire home/apt,515,2,39,2026-05-31,0.86,8,212,2,2019-2481
697124954679698496,Downtown Apartment with a View,224493353,1469191732960951699,Dom,,Downtown,39.9603791,-83.0002907,Entire home/apt,171,2,67,2026-05-28,1.43,26,328,3,2023-4949
697331612052826507,Modern Flat - King Bed - Garage - Central Location,3216904,1462528581338916014,David M,,West Olentangy,39.9903894,-83.0432907,Entire home/apt,173,1,202,2026-06-15,4.35,7,138,73,2022-2514
698282487425326387,Convenient Ohio State Campus 3 Bedroom House,109112970,1467321389996819189,Howard,,Near North/University,40.00692820760546,-83.0038109428528,Entire home/apt,274,2,48,2026-06-28,1.04,1,230,12,2024-0749
698419490064315275,Short North | New! | Free Off-Street Parking,257339160,1469359581322853465,Victoria,,Near North/University,39.9843303,-83.00663589999999,Entire home/apt,,1,68,2025-01-01,1.46,2,0,0,2023-4967
698751370581142890,Bold & Beautiful Flat - Unmatched location!,3216904,1462528581338916014,David M,,West Olentangy,39.9903894,-83.0432907,Entire home/apt,176,1,312,2026-06-12,6.65,7,133,52,2022-2513
698758351413225235,"Livingston Hideaway Escape- Modern, 2BR, Parking",33532725,1465490575545440662,Brandon,,Near South,39.950001,-82.97319200000001,Entire home/apt,138,2,45,2026-06-14,1.53,5,36,16,STRP25000490
699923007909099525,Private home near Easton Mall,332439778,1463467645045130965,Ghislaine,,Northland,40.0625778418037,-82.94017443303873,Entire home/apt,,2,60,2026-06-21,3.15,1,0,34,2024-3277
699956943467902180,Peace and Balance Cool Blue Room,53884276,1465875428250752591,Theresa,,Eastmoor/Walnut Ridge,39.96989,-82.91202,Private room,49,30,15,2025-06-12,0.33,8,218,0,2022-1855
701491972647395675,Single-family gem near Downtown | No Airbnb fee!,381285142,1469780005404940182,Dj,,Eastland/Brice,39.92468,-82.90703,Entire home/apt,304,2,119,2026-05-25,2.65,1,60,26,2024-1373
702832812583267354,Hidden Oak Writer’s Lair,150025374,1462983945366712717,Constantine,,Near South,39.94383,-82.96955,Entire home/apt,145,2,13,2026-06-14,0.33,1,300,8,2024-1190
703445445824447357,Free Parking | Walk to High Street,257339160,1469359581322853465,Victoria,,Near North/University,39.98376,-83.00635,Entire home/apt,,1,104,2024-12-30,2.23,2,0,0,2023-4975
704952462674331178,Garden Oasis | Easy Downtown/Attraction Access,93033733,1467123914843255218,Wayne,,Hilltop,39.95116,-83.08409,Entire home/apt,,2,61,2026-05-10,1.35,4,0,12,2024-2744
705021204972152878,"Bella's Room
Quite guests only",458759966,1470065602880205526,Claire,,Near North/University,40.00951,-83.00624,Private room,87,2,47,2026-06-24,1.01,7,162,13,STRP26000450
705058944756814703,Alice Room - Quiet guests only,458759966,1470065602880205526,Claire,,Near North/University,40.00895,-83.00768,Private room,90,2,71,2026-06-21,1.54,7,209,10,STRP26000450
705208472633041203,BRAND NEW Captivating Carriage House!,184286404,1468952494837898587,Mary,,Near East,39.96782,-82.97083,Entire home/apt,,30,4,2022-09-26,0.09,1,0,0,2022-1784
705943272323939497,CorbettHouse Grotto….Short North Neil Ave,297899272,1469532416767007183,Randall,,Near North/University,39.98427,-83.01267,Entire home/apt,123,2,14,2026-03-08,0.30,3,126,3,2021-3369
706313987792740135,Vintage Boutique Motel [Eco-Friendly],477659057,1470152406161484341,Michaela,,Near South,39.943147,-82.99733789999999,Private room,207,1,85,2026-06-05,1.86,2,361,11,Exempt
706429377009299494,Gwen's Room - Quiet guests only,458759966,1470065602880205526,Claire,,Near North/University,40.01066,-83.00811,Private room,95,2,48,2026-06-21,1.03,7,262,13,STRP26000450
707031346641370559,"Park Free Walk to Short North, OSU, Arena District",311158587,1469582513586403869,Tara,,Near North/University,39.981922,-83.01035399999999,Entire home/apt,166,30,211,2026-06-14,4.59,1,360,35,2023-3904
707373809735544511,The New Albany Perch | Top Floor | Pet-Friendly!,27280979,1465402775111214573,Jesse,,Rocky Fork-Blacklick,40.09945,-82.84934,Entire home/apt,,30,0,,,22,4,0,
707412969580287536,"Quiet space, Beautiful details!  BEST location!",16528376,1462988806337413776,Jenean,,West Olentangy,39.98970064956756,-83.04469932965814,Entire home/apt,84,30,4,2026-06-06,0.09,7,296,2,
707994314297412897,Modern urban living close to Downtown,477998151,1470153794118280355,Peter,,Near East,39.95365,-82.96166,Entire home/apt,101,30,40,2025-09-22,1.06,1,260,2,2023-3306
711472902665673103,1BR Downtown Penthouse w/Luxury Amenities,88797768,1467077430740579936,Jodi,,Downtown,39.96284,-83.00076,Entire home/apt,85,30,8,2026-04-27,0.21,1,188,3,
711700590232870995,Luxury New Build w/ Theater Room & Rooftop Terrace,107290958,1467300359542408670,Joel,,Near North/University,39.98374,-83.01832,Entire home/apt,973,2,224,2026-06-14,4.88,9,316,50,2023-4397
712259061404378415,Royal Campus Studio Queen Bed / Wi-Fi /Kitchen,235497311,1469253643263290319,⁨Marc (TailwindSTR)⁩,,Near North/University,39.99789,-83.00534,Entire home/apt,79,2,102,2026-05-19,2.24,19,12,4,2022-2169
713748883607703632,Faith's Room - Quiet guests only,458759966,1470065602880205526,Claire,,Near North/University,40.010068,-83.0069927,Private room,90,2,39,2026-05-18,0.86,7,245,13,STRP26000450
715315461959833471,"Pink Chalet Downtown | Themed 2Bed Home, Fire Pit",12860308,1462897323780237143,Courtney,,Clintonville,40.060523178083464,-83.00292645384881,Entire home/apt,250,1,132,2026-06-15,2.88,1,33,52,2022-2895
716539520775333066,Bungalow in the Heart of Victorian Village,57194369,1465934848211980378,Carson,,Near North/University,39.9826394,-83.01929009999999,Entire home/apt,445,1,147,2026-06-14,3.21,7,22,48,STRP26000041
718336715857721795,"Modern 3 bd next to playground, trails and park",120455802,1462918465382224777,Norma,,Northland,40.08857,-82.92913,Entire home/apt,154,30,10,2024-07-15,0.22,15,44,0,2022-2584
719375273844356971,"Fully updated w/Large great rm, Close to Zoo!",300697191,1469543182669644354,Steven,,Far Northwest,40.12766,-83.06621,Entire home/apt,,2,110,2026-06-22,2.44,1,0,31,2023-5262
720995652943445074,2BR w/Firepit walk to OSU stadium & campus,8781027,1462786851121994510,Anica,,Near North/University,40.01205,-83.01076,Entire home/apt,162,2,72,2026-06-14,1.58,2,161,15,2024-1437
721736598875580342,The Ranch - Short North Renovated Warehouse,194281106,1463106943901266179,Nicole,,Near North/University,39.98447981434289,-82.9991686790985,Entire home/apt,751,2,266,2026-06-17,5.84,59,323,67,2024-0919
722028453463280990,Peaceful 2-Bedroom Condo w/ Arcade Room-Ping Pong,311801681,1469584785680397219,Andy,,Northwest,40.06469,-83.07091,Entire home/apt,217,2,199,2026-05-25,4.50,1,152,11,STRP25000563
722342037163268588,"Starling Station Historic Home Prem Garage, Locale",24083540,1462627871395592241,Aristea,,Near South,39.93717,-82.99328,Entire home/apt,108,30,62,2023-10-08,1.36,3,365,0,Exempt
722475422056343822,The Cozy Lark Inn,83166175,1467007470560039547,Aaron,,Northland,40.06795,-82.9437,Entire home/apt,284,3,38,2026-06-11,0.91,1,14,5,STRP25000404
722494761208266141,Home in Columbus,431581110,1463685659326380278,Sydney,,Near South,39.9471,-82.95459,Entire home/apt,209,2,86,2026-06-14,2.47,1,337,31,2023-3604
723744905409870922,Renovated Historic Home in the Brewery District,4167000,1462649219995293264,Alex,,Near South,39.94608,-82.99961,Entire home/apt,483,2,42,2026-05-25,0.94,3,120,10,STRP25000050
724484218291343888,Art House Columbus,122743306,1462923540742786421,Greg,,Near North/University,39.98907917411455,-83.00789199333956,Entire home/apt,175,1,75,2026-06-17,7.45,2,314,75,2025-2783
725250265568273607,Entire Cozy home with free parking and sauna,396068760,1469825117531724389,Lady Stephanie,,Eastland/Brice,39.91125,-82.84411,Entire home/apt,190,3,4,2024-05-20,0.09,1,148,0,2022-3068
726184223616882338,ComfyCozy 2br home priv.parking 10min to dntwn,243840401,1469294088276274704,Roderick,,South Linden,39.9827392,-82.9497987,Entire home/apt,202,2,89,2026-06-20,2.00,1,314,28,2022-3072
726690205191535680,Pretty Pink & Gray 1BR Suite in Heart of Columbus,158439641,1468543439958083754,GH Hospitality,,Downtown,39.9566106,-82.9940932,Entire home/apt,,1,58,2026-05-16,1.27,40,0,11,2023-4900
726705503725800571,#BeachHouseLife in Downtown Columbus | 7 guests,436399831,1469973473048853096,Briana,,Near South,39.94249,-82.96951,Entire home/apt,214,30,24,2023-09-04,0.54,4,348,0,2022-2642
726772432146439291,El Traditional 1BR Suite - Free Parking,158439641,1468543439958083754,GH Hospitality,,Downtown,39.9566106,-82.9940932,Entire home/apt,184,1,63,2026-06-07,1.40,40,1,14,2023-4907
726806246325355501,Luxury 1 BR Apartment- Downtown - Free Parking,158439641,1468543439958083754,GH Hospitality,,Downtown,39.9566106,-82.9940932,Entire home/apt,,1,54,2026-05-30,1.19,40,0,8,STRP26000070
726847631056630660,The Boho Chic Suite in Prime Location of Columbus,158439641,1468543439958083754,GH Hospitality,,Downtown,39.9566106,-82.9940932,Entire home/apt,178,1,47,2026-06-14,1.07,40,1,14,STRP26000071
726885082469944618,Bold Brick in the City,458735784,1470065492930452136,Robin,,Near South,39.93896,-82.96628,Entire home/apt,193,2,49,2026-06-14,1.10,2,49,12,2022-2780
726914461129033236,Charming 3BR Cape Cod with Free Off-Street Parking,280335630,1469474458497877876,Joshua,,North Linden,40.03707,-82.9829,Entire home/apt,165,30,8,2024-12-03,0.19,1,359,0,
728090645405321237,Blue Bliss: Cozy Apartment with Gym Amenities,158439641,1468543439958083754,GH Hospitality,,Downtown,39.9566106,-82.9940932,Entire home/apt,172,1,55,2026-05-31,1.22,40,19,6,STRP26000074
728304092223611347,Lovely Blue Seas Suite in Heart of Col l 24/7 Gym,158439641,1468543439958083754,GH Hospitality,,Downtown,39.9566106,-82.9940932,Entire home/apt,261,1,54,2026-05-24,1.20,40,5,16,STRP26000073
728329047491267489,Shades of Blue Elegant Suite l Free Parking + Gym,158439641,1468543439958083754,GH Hospitality,,Downtown,39.9566106,-82.9940932,Entire home/apt,204,1,77,2026-06-14,1.71,40,35,14,2023-4880
728364757930062239,Luxury Gray & Gold Executive Suite in Heart of Col,158439641,1468543439958083754,GH Hospitality,,Downtown,39.9566106,-82.9940932,Entire home/apt,176,1,72,2026-05-03,1.60,40,5,4,2023-4882
728441976885020344,The Modern Chic 1BR Executive Suite l 24/7 Gym,158439641,1468543439958083754,GH Hospitality,,Downtown,39.9566106,-82.9940932,Entire home/apt,164,1,58,2026-06-14,1.28,40,82,10,2022-2337
730141842767248727,King Studio | Downtown Columbus,65045986,1462768119102111203,Jonniqua,,Downtown,39.96006,-83.00082,Entire home/apt,194,30,59,2025-09-28,1.31,3,365,5,2026-9343
731128686322846191,Short North Hideaway/Fast Wifi,393556321,1469817224008256607,Stephen,,Near North/University,39.9871103781189,-83.01417,Entire home/apt,394,30,130,2026-04-20,2.88,3,358,7,2022-3126
732498667150249519,Dtwn Columbus Getaway: Pet Friendly w/ Fee!,121719854,1468055068161145012,Evolve,,Near South,39.95365,-82.97397,Entire home/apt,162,30,0,,,1,364,0,
732579277812272644,"Cozy OSU/Short North 2Bed Condo, Walkable/ Parking",482648128,1463807288778230937,Wendy And James,,Near North/University,39.98796,-83.0119,Entire home/apt,180,1,96,2026-06-07,2.21,4,356,24,2022-3409
733044600729090440,Oasis Property,122978503,1468245399055885587,Gasendie,,Near East,39.95332,-82.95522,Entire home/apt,,30,6,2023-02-12,0.14,1,0,0,2022-3417
734043324480904776,Walk to OSU • Free Parking • Smart TV/WiFi,115836608,1462908128595617159,Erich,,Near North/University,39.99031,-83.0132,Entire home/apt,171,1,31,2026-05-17,0.69,45,361,16,2025-2244
734139214032565522,Comfy 3-bedroom home,475012340,1470141729372338741,Judy,,West Scioto,39.98281676669662,-83.11033385396728,Entire home/apt,251,3,116,2026-06-23,2.60,1,192,29,2025-2600
735712240696720067,Updated & Modern OTE Townhome! Pets Welcome (268),447314354,1463724189473761872,Justin,,Near East,39.961125,-82.96027680000002,Entire home/apt,212,2,106,2026-06-12,2.36,2,341,15,2022-1639
736952485425308150,Sunset BnB 3-Bedroom near German Village,68319512,1466844358361307831,Kevin,,Near South,39.94263,-82.97763,Entire home/apt,204,2,112,2026-05-31,2.48,1,335,23,2022-3064
738293205009179129,"Delaney's room 
Quiet guests only",458759966,1470065602880205526,Claire,,Near North/University,40.00956,-83.00773,Private room,90,2,46,2026-06-22,1.03,7,186,8,STRP26000450
739239113901630335,Clara's room - Quiet guests only,458759966,1470065602880205526,Claire,,Near North/University,40.010068,-83.0069927,Private room,89,2,36,2026-05-18,0.80,7,141,5,STRP26000450
740649363186755426,Large 5BR for Groups | Sleeps 14 | OSU + 2 Parking,215447158,1469129406568004938,Jason,,Near North/University,40.00062,-82.99821,Entire home/apt,277,2,140,2026-06-21,3.17,9,49,43,STRP26000506
741382245974234708,Downtown Columbus Luxury Apartment,224493353,1469191732960951699,Dom,,Downtown,39.95923,-82.99976,Entire home/apt,156,2,128,2026-06-26,2.86,26,341,36,2023-4957
741393654587229347,OSU Retreat: 5BR Boho Home with Free Parking,158439641,1468543439958083754,GH Hospitality,,Near North/University,40.0098333,-83.0017877,Entire home/apt,545,1,65,2026-05-21,1.46,40,350,10,STRP25000297
742632091765743375,Livingston Flat - A German Village Gem,481684972,1470169353322161838,Tina,,Near South,39.95154,-82.99322,Entire home/apt,167,1,230,2026-06-21,5.32,2,305,68,2022-3451
742676662412685084,Condo 2 bedroom with 2 Free Parking Spots,191916098,1468997543561250074,Jami,,South Linden,40.00001,-82.97457,Entire home/apt,126,2,144,2026-06-12,3.22,6,9,39,STRP26000028
743416151124719258,Storybook Village home off st parking garden oasis,51153135,1462718835944989708,Allison,,Near South,39.9470866,-82.9911664,Entire home/apt,269,1,163,2026-06-25,3.69,2,155,43,2022-3070
744403836881095606,Updated 1 bdrm apt. in central Grandview location,208937408,1469089915936448319,Niki,,West Olentangy,39.98949,-83.0487,Entire home/apt,94,30,2,2023-09-30,0.06,3,349,0,
745556632346151264,The Brickhouse | Vintage 1 BR Easy DT Access,165422724,1468606088469531363,The Brickhouse At Westgate,,Hilltop,39.95663,-83.08282,Entire home/apt,131,1,247,2026-06-10,5.59,4,214,54,2024-3399
745769385798874125,Trolley District Treasure 1 BR Apt!,51373382,1465802269849810605,Sean,,Near East,39.96086,-82.96197,Entire home/apt,290,2,66,2026-06-07,1.48,12,296,15,STRP25000359
745794164411299154,Old Towne East  - 1 BR Apt - Steps from E Market,51373382,1465802269849810605,Sean,,Near East,39.96188,-82.96217,Entire home/apt,161,2,45,2026-05-31,1.01,12,346,10,STRP25000357
746229499418756984,"Charming, Newly Updated Home!",246088509,1469305471434751597,Christian,,Near South,39.92878,-82.99153,Entire home/apt,95,30,4,2025-05-13,0.11,5,133,0,
746384934820892121,The House of Cards - Beautiful Home in Columbus !,158439641,1468543439958083754,GH Hospitality,,Near South,39.9374681,-82.96097259999999,Entire home/apt,848,2,59,2026-03-08,1.32,40,329,6,strp25000420
746908626527719494,Clintonville Cottage- Close to OSU & Downtown,32854665,1462659925866193117,Brian,,Clintonville,40.04414,-83.01221,Entire home/apt,217,2,82,2026-06-15,2.18,2,155,17,Strp25000624
747028923151572522,(7C) German Village High St Lofts | Up to 12 guest,436399831,1469973473048853096,Briana,,Near South,39.9422994,-82.9970601,Entire home/apt,101,30,27,2023-11-19,0.61,4,348,0,2022-3313
747136547135670931,Downtown Victorian Castle  Gorgeous Second FL/2 BR,342137119,1469672646722960699,Matthew And Annette,,Downtown,39.96135,-82.98477,Entire home/apt,157,30,0,,,2,365,0,
749435162884100758,Cozy 2-bedroom unit in the heart of Columbus,485716483,1470186467839667202,Aishia,,Near South,39.95216,-82.9499,Entire home/apt,,30,8,2023-12-03,0.18,3,29,0,2022-2979
750943571070955687,The Gathering House - Spacious & Stylish w/ Garage,3672442,1462636716610918799,Filmon,,Near South,39.94911,-82.9698,Entire home/apt,499,1,135,2026-06-15,3.06,1,224,26,STRP25000692
755110185881961259,Jenny's Palace In The Heart of Columbus!,158439641,1468543439958083754,GH Hospitality,,Franklinton,39.9559846,-83.0316708,Entire home/apt,351,30,59,2025-09-22,1.34,40,365,1,2022-3301
756375684920348782,Welcome to The Fulton Cottage!,487017535,1470192005507077110,Larry,,Clintonville,40.0601,-83.01249,Entire home/apt,180,1,247,2026-06-26,6.78,1,94,100,STRP25000273
757220077691724343,OSU Campus Hub • Dedicated Workspace • Lux Pad,115836608,1462908128595617159,Erich,,Near North/University,39.9912751,-83.0142539,Entire home/apt,127,2,43,2026-06-14,0.98,45,334,21,2025-2441
757220580648912943,"Short North + Ohio State area! Clean, easy parking",10087902,1462831296791273289,Seth,,Near North/University,39.99085,-82.99904,Entire home/apt,252,1,149,2026-06-22,3.56,1,293,41,STRP25000634
757957912677569723,"Huge 6 BR 2BA, OSU, Stadium, 2 Parking, Fencd Byrd",215447158,1469129406568004938,Jason,,Near North/University,40.01055,-83.0087,Entire home/apt,237,2,145,2026-06-22,3.37,9,64,50,STRP26000507
758067341875027295,Spacious home | Game room | Garage | Quiet Street,38962915,1462680020706833376,Jennifer,,Far East,40.00121,-82.78714,Entire home/apt,383,2,119,2026-06-14,2.72,5,6,28,2022-3510
758392518577290624,OSU Campus West • Private Parking • Quiet Studio,115836608,1462908128595617159,Erich,,Near North/University,39.99181760565635,-83.01417793365741,Entire home/apt,132,2,56,2026-06-18,1.29,45,353,18,2024-1856
760142840908628788,Classic Home | Long Stays Welcome | Garage | OSU,432234139,1467704638516686531,Sara,,Clintonville,40.028,-83.00157,Entire home/apt,,30,21,2026-05-08,0.50,71,345,1,2022-3504
761649332170885119,The Parsonage,6040852,1462696298870107362,Garett,,Clintonville,40.0241,-83.00447,Entire home/apt,614,2,66,2026-06-14,1.63,4,258,12,2023-5085
762579426508641864,Brightside,54100341,1465880076514323477,Christopher,,Near North/University,40.01351,-82.99951,Entire home/apt,51,30,4,2026-06-10,0.12,13,290,2,
762611142663191626,St Christophers,54100341,1465880076514323477,Christopher,,Near North/University,40.01409,-83.0013,Entire home/apt,39,30,2,2024-12-31,0.06,13,110,0,
763628153849759310,Wall of Windows - Luxe Flat,31798233,1465467172497365835,Sam,,Near North/University,39.98107,-82.99913,Entire home/apt,120,10,19,2026-05-08,0.45,6,250,5,2023-1439
763757080812924314,3 Bedroom Loft Near OSU,453019578,1470038730828227920,Tom,,Near North/University,39.990737,-83.003517,Entire home/apt,242,1,64,2026-06-10,1.46,63,7,19,STRP26000418
764636512132139685,The Art House,122743306,1462923540742786421,Greg,,Near North/University,39.9899862,-83.0074671,Entire home/apt,381,30,356,2025-11-02,8.96,2,364,13,2022-4000
765085402854478211,Chic 1BR Near OSU • Work-Friendly,115836608,1462908128595617159,Erich,,Clintonville,40.0243608,-83.0151353,Entire home/apt,215,1,78,2026-06-07,1.79,45,330,16,2025-2460
765435526481427299,Luxury 4-Bedroom New-Build Short North Home wPatio,20124464,1462611888448697875,Taylor & Brittany,,Near North/University,39.9832831,-83.02073109999999,Entire home/apt,653,1,150,2026-06-07,3.51,4,346,32,STRP26000447
765446622926547161,Lovely home in historic Old Oaks! Great location!,448960036,1470021916015880314,Greg,,Near South,39.9519363,-82.96840689999999,Entire home/apt,,2,39,2026-06-08,0.92,1,0,16,2022-3356
767342403019900135,"Short North, steps from High St!",228223872,1469215646116156331,Eric,,Near North/University,39.97964,-83.00545,Entire home/apt,100,30,86,2026-06-10,1.97,14,90,59,2026-2048
768144010117960867,"Updated condo, Short North/OSU!",228223872,1469215646116156331,Eric,,Near North/University,39.97885,-83.01296,Entire home/apt,142,30,37,2026-05-30,2.29,14,69,25,2025-2970
768146276221825315,Entire place in the Short North,228223872,1469215646116156331,Eric,,Near North/University,39.97936,-83.00546,Entire home/apt,100,30,53,2026-06-09,1.23,14,90,37,2025-2345
768745384291629865,"Tiny Home, Joyful Vibes",8325110,1462564764742173739,Tara,,Northland,40.07429,-82.99597,Entire home/apt,,2,17,2025-05-18,0.52,1,0,0,2023-4205
768930575097658199,Short North Condo | Walkable + Parking | Laundry,482648128,1463807288778230937,Wendy And James,,Near North/University,39.9871768,-83.0111282,Entire home/apt,198,1,125,2026-05-31,2.89,4,351,40,2022-3412
770329345786509148,Tranquility 2,275084618,1463361903759557367,Judy,,Northland,40.06416,-82.98556,Private room,45,30,35,2025-08-11,0.82,21,335,4,2019-2310
773153002951863592,Charming Clintonville 1BR Near Shops,115836608,1462908128595617159,Erich,,Clintonville,40.0521024,-83.0206408,Entire home/apt,134,2,42,2026-05-23,1.01,45,362,13,2025-2251
773203560367862318,WiFi + Workspace | Clintonville Stay,115836608,1462908128595617159,Erich,,Clintonville,40.0521161,-83.0207071,Entire home/apt,132,2,52,2026-06-15,1.22,45,354,23,2025-2252
775269900698901698,Comfy Rm Near Chldrn’s Hsptl,39227328,1465585889823878111,Chantel,,Near South,39.93209,-82.95417,Private room,,31,1,2024-09-30,0.05,2,0,0,2019-3510
775273061202014626,Cozy Stay in Victorian Village Home,33219289,1465486439318914219,Densil,,Near North/University,39.9832097,-83.0114011,Private room,90,2,71,2026-06-14,1.84,1,258,29,2023-2120
776877405430278008,Columbus Getaway | 4BR for Work & Family,489029435,1470201122721671531,Elaina,,Eastmoor/Walnut Ridge,39.94363,-82.91061,Entire home/apt,285,2,23,2026-05-07,0.54,2,141,14,STRP25000721
779921266759084058,Historic German Village charmer!,459387085,1470068482584114709,Randy,,Near South,39.94755,-82.99584,Entire home/apt,204,30,47,2025-11-02,1.09,1,50,2,2022-3382
780597666151919049,(F) Boutique airbnb next to Convention center,419230929,1469904462959180034,Christy,,Near North/University,39.97998,-83.00396,Entire home/apt,241,2,20,2026-06-21,0.53,8,359,5,2022-1455
780778206109436137,2 full beds. Free WI-FI. Free parking.,484453620,1463811730431721506,Alan,,Eastmoor/Walnut Ridge,39.96653,-82.91321,Private room,64,2,56,2026-05-18,1.31,3,261,23,2022-3473
780789669497743854,Twin and full bunk bed. Free WI-FI. Free parking.,484453620,1463811730431721506,Alan,,Eastmoor/Walnut Ridge,39.96638,-82.91313,Private room,40,2,85,2026-06-14,1.99,3,268,21,2022-3473
781208451593806536,The Getaway - Centrally Located!,127361237,1468280592476165132,Robert,,Near East,39.96334,-82.97036,Entire home/apt,246,1,62,2026-06-14,1.61,2,217,13,2023-2075
782121207222481104,Cooper's Den,54100341,1465880076514323477,Christopher,,Near North/University,40.0137,-83.00156,Entire home/apt,42,30,2,2025-12-10,0.08,13,191,1,
782824556968380685,Cozy 3 bedroom house w/garage,491601674,1470213563709768876,Aden,,Hilltop,39.94619,-83.04349,Entire home/apt,160,2,102,2026-05-31,2.42,1,296,17,2025-1295
783525476980404129,NEW Elegant Home w/ Themed Rooms,266024778,1463339569592631473,Keey,,Eastland/Brice,39.91046,-82.83995,Entire home/apt,247,30,5,2023-02-04,0.12,1,170,0,2022-3455
784277326049568978,Lux Cape Cod by TyKen. Minutes to Downtown CO,227523566,1469211396330524003,Tyken Real Estate,,North Linden,40.03009,-82.97833,Entire home/apt,450,1,18,2025-12-20,0.53,4,88,2,2024-2902
785353797091228689,Downtown apartment,230999479,1463237287575632651,Miriam,,Downtown,39.9629,-83.00005,Entire home/apt,83,30,8,2026-05-01,0.28,1,158,4,
785440121713569381,"Spacious, Modern, Healing Home",42935507,1462692120730534601,Ebony Lafee,,Eastmoor/Walnut Ridge,39.9421373,-82.9290986,Entire home/apt,442,2,81,2026-06-07,1.90,1,274,12,STRP26000404
785483064289035356,Mayor's Suite @ South Wind Motel,477659057,1470152406161484341,Michaela,,Near South,39.94397,-82.99812,Private room,336,1,3,2025-06-22,0.07,2,305,0,Exempt
786399947367593370,Palace Ramses - OSU/SOHUD Prvt Barcade/Gym/Throne,90062227,1467090237542466069,Sam,,Near North/University,40.01392,-83.00688,Entire home/apt,228,2,93,2026-06-22,2.27,19,269,42,2026-0695
787095681330417801,"Luxury Downtown Condo | Fast Wi-Fi, Gym, Pool",401143377,1463616605027835434,Ishmael,,Downtown,39.96236,-82.99616,Entire home/apt,134,30,1,2023-03-31,0.03,1,365,0,
787846456732653770,Cute crash pad near bike path!,301146619,1469544820933546610,Katie,,Near North/University,39.98419,-83.0185,Entire home/apt,105,30,77,2025-06-19,1.88,1,120,0,2022-1355
788315966125438893,Sunrise Room - Private Bathroom attached,93547897,1467129351872183959,Masa Masuda,,Northland,40.10238,-82.98246,Private room,40,30,31,2026-05-20,0.75,3,50,9,2025-1261
789010778275417795,"Charming 2BR w/ Hot Tub + Yard, Walk to OSU + More",97405277,1467173375652989130,Darren,,Near North/University,39.9931246,-82.9997539,Entire home/apt,247,1,254,2026-06-24,6.11,18,361,76,STRP26000306
792186375032175725,Airbnb Guest Favorite: Private Room on OSU Campus,130524400,1468307695934139900,Joy,,Near North/University,40.01199,-83.00643,Private room,93,5,16,2026-05-18,0.39,3,195,1,2022-3420
792194276530894828,SuperHost: Private room on OSU Campus,130524400,1468307695934139900,Joy,,Near North/University,40.01014,-83.005,Private room,95,5,10,2026-06-06,0.25,3,192,4,2022-3420
792694900753929818,Cute 1st Floor Apt in Grandview,394902452,1469821495289052540,Jennifer,,West Olentangy,39.98674,-83.05023,Entire home/apt,87,30,2,2023-05-23,0.05,2,260,0,
792993588056946373,King bed.  Free WI-FI. Free parking.,484453620,1463811730431721506,Alan,,Eastmoor/Walnut Ridge,39.96787,-82.91384,Private room,42,28,73,2026-05-29,1.73,3,266,18,2022-3473
795479838867913879,Historic German Village Industrial Masterpiece.,480972492,1463803249354164795,Pri,,Near South,39.95054,-82.98666,Entire home/apt,,2,68,2026-04-26,1.62,3,0,10,2022-3662
796672489255287121,Cozy two bedroom condo on the east side,35524197,1465524825923196903,Heather,,Far East,39.97786,-82.83562,Entire home/apt,,30,4,2024-07-15,0.15,1,340,0,2023-4681
797800669642381425,Creekside by DSCC/Airport/for Mil/Fed Emp +din+,157300475,1468533818524163159,Sharon,,Eastland/Brice,39.92266,-82.89208,Private room,111,1,0,,,1,177,0,Exempt
798489366824514441,The Famous Brewery District Bear House | Perfectly,436399831,1469973473048853096,Briana,,Near South,39.9455,-82.99975,Entire home/apt,263,30,35,2024-05-12,0.84,4,348,0,2022-2586
799277542356617139,Tranquility 1,275084618,1463361903759557367,Judy,,Northland,40.06389,-82.98373,Private room,40,30,45,2026-04-30,1.07,21,296,3,2019-1234
800649148832341112,•Melina Rm on KING• Central CBUS,217826846,1469145661811372779,Sky,,Near North/University,39.98987,-83.00897,Private room,76,2,40,2026-04-02,0.99,6,24,9,2023-2392
802869210295123158,Basky Bungalow,398113202,1469831295889474121,Gord,,Franklinton,39.9533066,-83.0193323,Entire home/apt,,1,65,2025-02-16,1.74,1,0,0,2023-3570
803546686211305565,Urban Clean Close to Downtown-Highway-Hospitals,437133033,1469976311650479003,Ton,,Franklinton,39.95513,-83.02114,Entire home/apt,,30,2,2025-11-29,0.14,1,63,1,
804209692662515326,"<3mi to Med Centers, OSU, Stadiums & Short North",496009581,1470232318136144624,Eric,,Near North/University,40.0182911,-83.0061838,Entire home/apt,119,28,10,2025-05-26,0.24,1,68,0,2023-2043
805825435548215088,Blenkner Bungalow/GVillage/PetsOK,139332037,1468381177495557943,Jenny,,Near South,39.95147,-82.99618,Entire home/apt,190,1,158,2026-06-10,3.80,7,295,51,2022-2307
806409687730492892,2 Bedroom Condo w/ 2 Free Parking Spots,191916098,1468997543561250074,Jami,,South Linden,39.99964,-82.97512,Entire home/apt,169,2,147,2026-06-27,3.52,6,11,36,STRP26000035
807210908895813508,Stylish Stay | Walk to German Village + Parking,452511759,1470036698588256967,Will,,Near South,39.95129,-82.99213,Entire home/apt,195,30,127,2026-06-13,3.15,3,115,44,2023-3626
807722868531393426,Nu Bexley Villas III,75465636,1462815381799575309,Marcelo,,Eastmoor/Walnut Ridge,39.9742073,-82.91300869999999,Entire home/apt,290,3,12,2026-05-18,0.47,3,89,8,2023-4321
807722877669106364,Ana's Cozy Villa IV,75465636,1462815381799575309,Marcelo,,Eastmoor/Walnut Ridge,39.9741888,-82.913029,Entire home/apt,314,3,4,2026-05-17,0.19,3,179,1,2023-4321
808819853469278116,Victorian Luxury Home •Hot Tub• Spa Bath •Backyard,115844899,1462908146359644954,Chip,,Near South,39.94311097383357,-82.977890919943,Entire home/apt,440,5,0,,,3,179,0,2023-3596
808921952814456898,Clean & Cozy House Near Downtown,497154510,1463840383186549959,Mohamed,,Hilltop,39.94708,-83.04298,Entire home/apt,,2,65,2025-01-12,1.96,1,0,0,2023-3545
808932181399797459,The KING APT | Commons Views | Balcony in CBUS,65045986,1462768119102111203,Jonniqua,,Downtown,39.96024,-82.99904,Entire home/apt,135,30,133,2026-03-27,3.21,3,358,16,2026-6845
810745869940539182,Large 1250 Sq Ft Retreat | Safe Area + Fast Wi-Fi,2994567,1462614436633814142,Mark,,Near North/University,40.01700573343799,-83.00747870370482,Entire home/apt,38,60,1,2024-01-14,0.03,13,233,0,STRP26000617
810933415364899755,Cozy + Spacious Room in Victorian Village,53772169,1465873698849154168,Jami,,Near North/University,39.98258,-83.01241,Private room,122,2,88,2026-06-14,2.23,3,246,25,2023-2120
811025708499167750,Centrally Located 2BR,26740496,1465381246313714637,Samantha,,Clintonville,40.076223003779596,-83.01471032202244,Entire home/apt,89,30,55,2026-04-25,1.33,1,123,12,STRP12760845
812936252707669101,"Spaceous, Clean, 4 bedrom, 3 bth",120455802,1462918465382224777,Norma,,Northland,40.08424,-82.93302,Entire home/apt,3119,3,4,2024-11-28,0.10,15,83,0,2019-2731
813696660687249432,The Bexley Abode: Modern + Cozy,183209680,1468946659318338250,Roma,,Eastmoor/Walnut Ridge,39.97047,-82.92188,Entire home/apt,297,1,157,2026-06-27,3.86,1,204,52,2025-1864
813768283203499016,Stunning home Downtown free street parking,355021271,1469709438051734782,Ad,,Near East,39.97313,-82.97953,Entire home/apt,255,2,57,2026-06-28,1.39,1,333,12,2024-2201
813887194994669319,The Ginny,315729151,1469595872435283272,Rachel,,Near North/University,39.98238,-83.01353,Entire home/apt,95,30,3,2025-10-17,0.09,15,180,1,
814004390508062731,#1Private Room Rental |1BR|1King Bed|1BA! (Rm_#1),440916844,1469990319937032058,Akin,,North Linden,40.02432,-82.95871,Private room,41,30,5,2026-05-29,0.13,5,358,1,
814032884370542667,#2Private Room Rental | 1BR | 1King Bed! (Room_#2),440916844,1469990319937032058,Akin,,North Linden,40.02335,-82.95759,Private room,37,30,5,2024-10-26,0.13,5,256,0,
814054039886530781,#3Private Room Rental |1BR|1King Bed| (Room_#3),440916844,1469990319937032058,Akin,,North Linden,40.02412,-82.95678,Private room,37,30,4,2024-06-29,0.10,5,355,0,
815444081288617668,Downtown Quarter,398303111,1463610093183843298,Maria Dolores,,Downtown,39.96299,-83.00158,Entire home/apt,102,30,2,2023-08-12,0.05,2,303,0,
817179223243708461,"""Luxury Haven for Large Gatherings: 4BD/4BA”",392702716,1469814625846818644,Bianca,,Near South,39.95111,-82.97232,Entire home/apt,555,1,47,2026-05-31,1.16,2,338,10,STRP26000011
817216477469473078,Heart of Columbus - Private Parking & Yard,155312606,1462996015773175642,Billy,,Near North/University,39.9827721,-83.0133795,Entire home/apt,207,1,110,2026-06-07,2.73,1,335,17,2022-2460
817317349466546284,OSU Old North Townhouse,54100341,1465880076514323477,Christopher,,Near North/University,40.00982,-82.9968,Private room,,30,0,,,13,0,0,
817392309398021829,Modern unit in Short North/OSU,347877199,1469690232411311750,Aamna,,Near North/University,39.98205,-83.00401,Entire home/apt,64,30,84,2026-05-29,2.06,4,150,3,2023-6587
818887421674453646,"High End New Build, Rooftop Hot Tub, City Views!",206636975,1469077979450413023,Kimberleigh M,,Near North/University,39.98699,-83.00293,Entire home/apt,714,2,154,2026-06-02,3.76,7,349,40,2025-2171
821269622984500928,Quiet 3 bed with fenced yard,5139720,1462673746960076817,Mike,,Hilltop,39.9560796,-83.0777849,Entire home/apt,131,30,2,2025-05-31,0.08,1,364,0,
821723653780914409,Downtown Columbus Mansion,500021778,1463845771054078580,Keira,,Downtown,39.96186,-82.9956,Entire home/apt,193,30,1,2023-04-02,0.03,4,240,0,
822716926914731354,Modern Penthouse Near Downtown,177205580,1463067436702945353,Adrian,,Near East,39.967179,-82.975421,Entire home/apt,,30,4,2026-05-17,0.14,11,1,1,2025-1688
823370714039997890,Magnolia Modern 1BR Near DT on Historic Street,128528740,1468290275222134665,Joe & Ketevan,,Near East,39.96286,-82.97379,Entire home/apt,142,2,117,2026-06-18,2.93,6,355,19,2023-2350
829187241889763632,"Short North Gem | WiFi, Kitchen & Patio",115836608,1462908128595617159,Erich,,Near North/University,39.9804599,-83.0015593,Entire home/apt,182,1,71,2026-06-14,1.79,45,327,21,2025-2458
829334432984994178,Charming home in Columbus,77696330,1466952460621213827,Natalie,,Franklinton,39.9538341,-83.0261639,Entire home/apt,187,30,24,2026-04-25,0.91,1,269,3,2025-0950
830528234172495142,The Red House,138377484,1462958333989091260,Parker,,Near East,39.96018,-82.96779,Entire home/apt,,30,11,2024-11-07,0.27,2,0,0,2021-1965
830664191030564769,Spacious 4BD 2BA Home Near OSU & Fairgrounds,179436862,1468733113875557025,Brendan,,Near North/University,40.0114092,-82.998166,Entire home/apt,201,2,189,2026-06-05,4.63,4,137,25,STRP25000575
831050468508168359,The Short North Arches Overlook,116400313,1468193597600247100,Nate,,Near North/University,39.97477416168007,-83.00322706560668,Entire home/apt,117,2,75,2026-05-18,1.86,26,252,12,STRP26000490
831132967730238748,The Corner Suite - Renovated Factory Flat,194281106,1463106943901266179,Nicole,,Near North/University,39.97857180000001,-82.99811866560667,Entire home/apt,152,1,229,2026-06-17,5.66,59,309,63,2024-0901
831343696778018333,Chic Arena District Penthouse,116400313,1468193597600247100,Nate,,Downtown,39.9665477,-83.0036557,Entire home/apt,126,30,7,2025-05-31,0.18,26,83,0,
831739481911725845,Cozy Escape,428280358,1469940765120496732,Sadie,,North Linden,40.01680543834256,-82.96951974708253,Entire home/apt,422,3,45,2026-04-27,1.17,4,43,7,2023-2430
831791550528055514,2 bedroom flat close to OSU - Apt C!,490263838,1470207052796226555,Joan,,Near North/University,40.00701,-82.99886,Entire home/apt,86,30,62,2026-01-16,1.53,3,292,1,2022-2706
831853286219350588,4 Bed Townhome near Goodale Park,443246026,1469999381313222718,Nsr,,Near North/University,39.97826269999999,-83.0074235,Entire home/apt,425,1,73,2026-06-07,1.91,11,344,26,2023-2187
832495333489497570,Modern High Rated 4 BDs• OSU• Expo• 4 Parking,215447158,1469129406568004938,Jason,,Near North/University,40.00044,-82.99801,Entire home/apt,297,1,113,2026-06-21,2.79,9,64,29,2025-1862
833378141562863210,Newly Renovated 1 Bedroom,453019578,1470038730828227920,Tom,,West Olentangy,40.023858,-83.02873749999999,Entire home/apt,151,1,67,2026-06-25,1.66,63,160,14,STRP26000408
833378548001930387,Milo Mansion,72216518,1466892189687666062,John,,South Linden,39.9815,-82.99231,Entire home/apt,472,1,75,2026-06-14,1.85,3,329,16,2023-2197
833397321152175342,Upland Bedroom #2,39662644,1462682190609064553,Paul,,Northland,40.06494,-82.98774,Private room,36,30,1,2025-11-01,0.12,15,116,1,
833403020529339102,Upland Bedroom#3,39662644,1462682190609064553,Paul,,Northland,40.06487,-82.9892,Private room,,30,3,2023-11-05,0.08,15,145,0,
833405951944559002,Upland Bedroom#4,39662644,1462682190609064553,Paul,,Northland,40.0654901,-82.9888387,Private room,,30,4,2026-01-28,0.11,15,132,1,
834694792196233603,Bright Loft Apt Short North -Free Parking,194281106,1463106943901266179,Nicole,,Near North/University,39.9785718,-82.9983547,Entire home/apt,152,1,261,2026-06-18,6.46,59,307,56,2024-0897
834699405554806635,Large 2bd Renovated Factory Loft - Short North,194281106,1463106943901266179,Nicole,,Near North/University,39.9785718,-82.9983547,Entire home/apt,131,1,188,2026-06-25,4.65,59,289,55,2024-0902
834704559510230250,The Electric Factory Flat - Short North,194281106,1463106943901266179,Nicole,,Near North/University,39.9785718,-82.9983547,Entire home/apt,151,1,200,2026-06-14,4.95,59,317,65,2024-0898
834708556836650328,The Edison Loft - Renovated Factory - Short North,194281106,1463106943901266179,Nicole,,Near North/University,39.9785718,-82.9983547,Entire home/apt,151,1,331,2026-06-27,8.19,59,280,90,2024-0900
834712558101195247,The Hygge Industrial Loft - Short North,194281106,1463106943901266179,Nicole,,Near North/University,39.9785718,-82.9983547,Entire home/apt,152,1,311,2026-06-19,7.69,59,287,96,2024-0904
834715800290131140,Industrial Boho Flat - Short North,194281106,1463106943901266179,Nicole,,Near North/University,39.9785718,-82.9983547,Entire home/apt,152,1,334,2026-06-19,8.26,59,304,105,2024-0905
834720753606073065,Mid Century Industrial Loft - Short North,194281106,1463106943901266179,Nicole,,Near North/University,39.9785718,-82.9983547,Entire home/apt,159,1,244,2026-06-15,6.03,59,326,65,2024-0906
834725161326761250,Chic Renovated Flat - Free Private Parking,194281106,1463106943901266179,Nicole,,Near North/University,39.9785718,-82.9983547,Entire home/apt,119,2,204,2026-06-19,5.04,59,328,66,2024-0907
834728948230765570,Short North Renovated Factory Loft - Free Parking,194281106,1463106943901266179,Nicole,,Near North/University,39.9785718,-82.9983547,Entire home/apt,153,1,197,2026-06-25,4.92,59,326,63,2024-0909
834733857142632909,Spacious Industrial Flat - Short North,194281106,1463106943901266179,Nicole,,Near North/University,39.9785718,-82.9983547,Entire home/apt,152,1,214,2026-06-27,5.32,59,324,61,2024-0910
835627960871138774,Quiet & close to everything,52670347,1465853444992420757,Patrick,,Franklinton,39.9611049,-83.0271456,Entire home/apt,115,30,3,2025-06-06,0.08,8,329,0,
835685347908206906,"•The House on KING• Central CBUS, OSU Med, Dwntwn",217826846,1469145661811372779,Sky,,Near North/University,39.99064,-83.0085,Entire home/apt,754,2,22,2026-06-14,0.62,6,110,11,2023-2392
835771110225107139,"•Miquella Rm on KING• CBUS, OSU",217826846,1469145661811372779,Sky,,Near North/University,39.98928,-83.00745,Private room,76,2,41,2026-03-17,1.01,6,35,8,2023-2392
836477100544198933,Quiet OSU Studio | Work Ready WiFi,115836608,1462908128595617159,Erich,,Near North/University,39.9922705,-83.0117799,Entire home/apt,201,2,59,2026-06-14,1.46,45,342,20,STRP26000308
836836231293698708,Columbus Electric Factory Flat - Short North,194281106,1463106943901266179,Nicole,,Near North/University,39.9785718,-82.9983547,Entire home/apt,152,1,196,2026-06-21,5.07,59,323,62,2024-0896
837126714823583233,2 bedroom flat close to OSU - Apt D!,490263838,1470207052796226555,Joan,,Near North/University,40.00732,-83.00087,Entire home/apt,89,30,52,2026-02-17,1.32,3,184,2,2023-2486
837219984885154503,PrivateParking/Entrance_OSU/ExpoCentr 6B Renovated,249951812,1469325022709321142,Jessie,,Near North/University,39.99677,-82.99836,Entire home/apt,190,1,134,2026-06-21,3.31,20,187,43,STRP26000669
838046206591790928,Humble Abode On Harrison,393556321,1469817224008256607,Stephen,,Near North/University,39.98798,-83.01531,Entire home/apt,322,30,14,2024-06-30,0.35,3,358,0,2022-3126
839141433192990824,Cozy Corner: A Modern Townhome,401144250,1469840862905091967,Kay,,Near South,39.9439929,-82.97164479999999,Entire home/apt,,2,27,2025-07-27,0.72,1,0,2,2023-3320
839742931581654915,Spacious 3BR | Franklin Park | Airport & Downtown,489029435,1470201122721671531,Elaina,,Near East,39.96831,-82.95469,Entire home/apt,232,2,56,2026-06-18,1.40,2,137,9,2023-2047
840461397125310005,Downtown Skyline Retreat I Private Entrance,500021778,1463845771054078580,Keira,,Downtown,39.96056,-82.99548,Entire home/apt,96,30,2,2023-12-25,0.06,4,330,0,
840650328372127646,"•Ranni Rm on KING• CBUS, OSU",217826846,1469145661811372779,Sky,,Near North/University,39.99098,-83.0077,Private room,75,2,44,2026-03-29,1.09,6,33,9,2023-2392
840682366320281429,Housepitality - Franklinton Manor - Spacious,496464688,1470234037205070583,Housepitality,,Franklinton,39.95783,-83.02695,Entire home/apt,433,1,13,2026-05-18,0.33,25,179,5,STRP25000558
840682863259564941,The Retro Sleepover Pad- 2 BR/1.5BA,498509260,1470242369503230465,Benjamin,,Near North/University,39.9849,-82.9995,Entire home/apt,267,1,51,2026-06-21,1.27,11,354,25,STRP25000131
840698544842469721,"•Rennala Rm on KING• CBUS, OSU",217826846,1469145661811372779,Sky,,Near North/University,39.98939,-83.00903,Private room,76,2,42,2026-05-31,1.05,6,28,10,2023-2392
840748988943647012,"•Godwyn Rm on KING• CBUS, OSU",217826846,1469145661811372779,Sky,,Near North/University,39.98927,-83.00937,Private room,78,2,40,2026-05-23,0.99,6,23,9,2023-2392
841307565119301374,Best deal that sleeps a lot and centrally located,226197902,1469202960061786778,Banny,,Near South,39.94452,-82.95092,Entire home/apt,,3,102,2025-11-29,2.54,1,0,7,2025-2580
841340531853877308,Living Lavish - 3 Bedrooms with 2 Car Garage,191916098,1468997543561250074,Jami,,Near South,39.94869,-82.97433,Entire home/apt,212,2,143,2026-06-14,3.60,6,14,43,STRP26000032
841358523797552289,Undeniably Perfect Location!,16528376,1462988806337413776,Jenean,,West Olentangy,39.9903668,-83.04351919999999,Entire home/apt,84,30,4,2025-08-19,0.11,7,274,2,
844193240965578140,Luxury New Build - Rooftop Patio! - Columbus!,158439641,1468543439958083754,GH Hospitality,,Near East,39.9626112,-82.965743,Entire home/apt,528,2,62,2026-05-30,1.56,40,3,6,2022-3723
844206603274297683,Private Room w/ King Bed in the Heart of Columbus,77724716,1466952763960079342,Katie,,Near North/University,39.98143,-83.0155,Private room,110,2,122,2026-05-28,3.29,2,218,42,STRP26000516
844920145777547884,2 bedroom flat close to OSU - Apt E!,490263838,1470207052796226555,Joan,,Near North/University,40.00624699999999,-82.9999023,Entire home/apt,95,30,61,2026-05-23,1.53,3,203,2,2023-2044
844921247461048037,OSU Medical & Staff Studio | Fast WiFi,115836608,1462908128595617159,Erich,,Near North/University,39.9921,-83.01524,Entire home/apt,130,2,40,2026-05-18,1.02,45,320,20,2025-2430
844934158683240918,Near OSU & Downtown • Self Check-In & Free Parking,115836608,1462908128595617159,Erich,,Near North/University,39.99011,-83.01486,Entire home/apt,175,1,23,2026-06-07,0.58,45,329,9,2025-2438
845861708679449643,Conveniently Located 2 Bed Home with Office,347660271,1463499232354401508,Katelyn,,Near South,39.93595,-82.98198,Entire home/apt,80,28,4,2026-05-30,0.10,2,360,1,2022-1132
845895493834179724,High Rated 10 beds•OSU•Stadium•1 Parking•Fencd Yrd,215447158,1469129406568004938,Jason,,Near North/University,40.01086,-83.00793,Entire home/apt,522,1,136,2026-06-22,3.42,9,62,32,2025-1859
846263205777248847,Stylish Stay on Oak - Columbus!,158439641,1468543439958083754,GH Hospitality,,Near East,39.9626145,-82.9658189,Entire home/apt,,2,55,2026-06-13,1.38,40,0,16,2022-3722
846372099990936251,The SOHO Industrial Loft,194281106,1463106943901266179,Nicole,,Near North/University,39.9785718,-82.9983547,Entire home/apt,422,1,231,2026-06-26,5.78,59,278,68,2024-0903
846479691151428673,"Cozy & Modern Home, Free Parking",220407170,1469163414199613608,Justyn,,Near North/University,40.017,-83.00941,Entire home/apt,210,1,244,2026-06-19,6.25,2,150,62,2023-3299
846539477358657198,2 Bedroom Apartment in Clintonville,159792213,1468554880769253421,Caitlin,,Clintonville,40.06384439364641,-83.01783610135317,Entire home/apt,81,30,2,2026-04-04,0.24,5,55,2,
847056756366090637,Urban 1BD 1BA Apartment Near OSU FREE Parking,179436862,1468733113875557025,Brendan,,Near North/University,39.9976064,-82.99854359999999,Entire home/apt,168,1,194,2026-06-20,4.86,4,230,29,STRP25000501
847088026764275169,Cozy Home in Heart of Columbus - Gym!,158439641,1468543439958083754,GH Hospitality,,Near East,39.9710354,-82.97130469999999,Entire home/apt,398,2,42,2025-10-05,1.06,40,322,5,2025-2131
847982926849093572,W.O.W Words of Wisdom,286980818,1469497793353894873,Cheryl,,Near South,39.94728,-82.97975,Entire home/apt,81,30,5,2025-10-31,0.14,48,301,3,
848588768740590751,"Private Home, near German Village & Hospitals",211918791,1469106463668543941,Stay Well Property Group,,Near South,39.93854,-82.97461,Entire home/apt,141,14,21,2026-04-29,0.57,1,28,2,2023-2833
849179625754725953,2 BR Totally Renovated and Chic,443246026,1469999381313222718,Nsr,,Near North/University,39.99073,-83.01358,Entire home/apt,262,1,54,2026-06-04,1.63,11,344,18,2025-2568
849340771125091455,Woodward Park Charmer - 2 Ba 5 Bed - Fenced yard,498509260,1470242369503230465,Benjamin,,Northland,40.069692,-82.9854983,Entire home/apt,424,1,20,2026-06-27,0.58,11,173,7,STRP26000667
849926778795667204,Walkable German Village home w/ fenced yard,73410731,1466905490973721591,Kayla,,Near South,39.94401,-82.99301,Entire home/apt,163,3,92,2026-06-15,2.33,2,244,12,2023-2258
851580481804392486,Historic German Village Abode 1,116400313,1468193597600247100,Nate,,Near South,39.9443075,-82.99213809999999,Entire home/apt,185,2,65,2026-06-14,1.72,26,234,19,STRP26000496
852148176404452449,Oak Street Rooftop - Columbus!,158439641,1468543439958083754,GH Hospitality,,Near East,39.9626222,-82.9659683,Entire home/apt,419,1,57,2026-05-31,1.43,40,58,16,2023-3720
854385843218469095,Dublin Getaway - Near Columbus!,158439641,1468543439958083754,GH Hospitality,,Northwest,40.0824579,-83.0974068,Entire home/apt,257,1,51,2025-11-03,1.29,40,354,2,STRP26000256
855031243538857940,cozy room,246890496,1469309596398654549,Michael,,Near North/University,39.9784359,-83.01477849999999,Private room,36,30,6,2025-11-30,0.16,2,309,2,
855328293073646731,A dedicated workspace for digital nomads with pets,2806008,1462526412384092343,Harman,,Near North/University,39.99756,-82.99664,Entire home/apt,78,30,164,2026-06-02,4.14,4,64,45,2024-0828
855391049223539513,"Dedicated workspace w/24"" monitor, lux king bed",2806008,1462526412384092343,Harman,,Near North/University,39.99763,-82.99649,Entire home/apt,,30,164,2026-04-04,4.22,4,27,40,2024-0830
855436457807788122,Centrally located studio; pet-friendly; workspace,2806008,1462526412384092343,Harman,,Near North/University,39.99544,-82.99625,Entire home/apt,118,1,230,2026-06-14,5.82,4,207,82,2024-0829
856548105297158367,King Beds+Games | HUGE Downtown Retreat | Dogs ok,120989543,1468229836971229285,Evan,,Franklinton,39.95644,-83.02677,Entire home/apt,331,2,102,2026-06-14,2.58,17,339,23,2025-1081
856624018805207416,Historic German Village Abode 2,116400313,1468193597600247100,Nate,,Near South,39.9443044,-82.9921738,Entire home/apt,138,2,87,2026-06-12,2.29,26,234,20,STRP26000497
857856824390795667,"Quiet Comfy 3Bd/2B Home w/Hot Tub, Deck & Fire Pit",482648128,1463807288778230937,Wendy And James,,Eastmoor/Walnut Ridge,39.9327256,-82.9068077,Entire home/apt,359,1,108,2026-05-11,2.76,4,348,23,2022-3410
858490616076981896,Stunning 1 Bedroom near Short North,453019578,1470038730828227920,Tom,,Near North/University,39.9868726,-83.0034668,Entire home/apt,161,1,86,2026-06-20,2.26,63,162,26,STRP26000346
858490891657022095,Beautiful 1 Bedroom Steps From The Short North,453019578,1470038730828227920,Tom,,Near North/University,39.9866624,-83.00346239999999,Entire home/apt,157,1,66,2026-05-22,1.79,63,170,21,STRP26000345
858664636143369672,Columbus Electric Co. Loft Apt.,194281106,1463106943901266179,Nicole,,Near North/University,39.97858824268576,-82.99831178465574,Entire home/apt,159,1,327,2026-06-16,8.65,59,292,79,2024-0908
858666046340523386,Modern 2BD 1BA Near OSU Fairgrounds FREE Parking,240317449,1469278088479200490,Garrett,,Near North/University,39.99858342340763,-82.99783915132558,Entire home/apt,193,1,3,2026-06-28,3,1,158,3,STRP26000841
858666475816778847,Stylish 1BD 1BA Near OSU Fairgrounds FREE Parking,179436862,1468733113875557025,Brendan,,Near North/University,39.9975749,-82.9986014,Entire home/apt,189,1,139,2026-06-21,3.53,4,225,20,STRP25000500
858712709790970886,A Shared Comfortable Space,463019571,1470086164875634355,Oluwaseyi,,Eastland/Brice,39.8956,-82.89982,Private room,54,1,8,2025-04-23,0.21,4,351,0,2025-0133
859845313720748944,3 bed+2.5 bath townhome close to downtown,135933770,1468354090520374077,Jake,,Near South,39.929958851896636,-82.99311190117606,Entire home/apt,98,31,37,2023-12-22,0.94,4,343,0,2023-2743
860192892447918862,Modern City Retreat - Free Parking,220407170,1469163414199613608,Justyn,,Near North/University,40.01615,-83.01121,Entire home/apt,183,1,185,2026-06-10,4.73,2,135,47,2023-3300
860293477744397731,Spacious 1BR Sleeps 4 | Near Airport + The Shoe,336969447,1469653891832096098,Dan,,Near East,39.962999,-82.9730686,Entire home/apt,160,1,182,2026-06-21,4.72,4,213,47,STRP26000562
861512600863185997,Luxury 2-Bed in Grandview,453019578,1470038730828227920,Tom,,West Olentangy,39.9880784,-83.0325291,Entire home/apt,286,1,91,2026-05-13,2.42,63,145,23,STRP26000354
863748638429647263,Comfort in Columbus - 3 bedroom house,286980818,1469497793353894873,Cheryl,,Franklinton,39.9485,-83.03116,Entire home/apt,86,30,3,2025-11-30,0.33,48,297,3,
864723747342467351,"One BR in Big 2 BR House, Lg. Yard, Office",11325609,1462862279155643159,Michelle,,Near South,39.92683,-82.99385,Private room,73,30,0,,,2,362,0,
865518436368299093,Short North just off High | OSU |The Century House,7707539,1462739085307196018,Megan,,Near North/University,39.98683219999999,-83.00808409999999,Entire home/apt,260,2,140,2026-06-08,3.63,5,63,47,2023-3285
866216275027381996,The Launchpad_flight attendant layover_5 bedrooms,463720466,1463764101641169555,Dubbs Vision Property Management,,South Linden,40.00506830356123,-82.93850675225258,Entire home/apt,480,2,33,2026-05-24,0.96,3,348,7,2022-3383
866865160062978907,Upstairs Oasis 2 bed 1.5 bath,61381251,1466755390144951797,Ashlee,,Far East,40.00596,-82.7903,Private room,,2,15,2025-03-09,0.38,2,0,0,2023-2826
866927201414097787,Historic German Village Home/A+ Downtown Location!,259386526,1463322202987266368,Griffin,,Near South,39.95206737546877,-82.99291347790984,Entire home/apt,237,1,265,2026-06-20,7.09,19,319,53,2024-1740
868582417372233997,"City Stay Retreat! Relaxing Unit, Pets Allowed!",501999514,1470257160985456019,RoomPicks,,Downtown,39.96874,-83.00042,Private room,243,1,0,,,22,303,0,2019-1234
871966357029094951,"Modern unit close to OSU, Downtown and Hospitals",74335426,1466915191396233328,Karthik,,South Linden,39.9850341,-82.98058189999999,Entire home/apt,88,30,8,2026-02-28,0.25,2,148,1,2023-1234
874674970413679661,Private Carriage house retreat,19532241,1463080594298041622,Michelle,,Near East,39.9659387,-82.97546229999999,Entire home/apt,157,1,147,2026-06-07,3.81,3,225,56,STRP25000213
875611506436569047,Loft,7114846,1462559380742993594,Jan,,West Olentangy,40.03896,-83.03128,Entire home/apt,129,30,66,2025-05-12,1.74,2,94,0,2019-2213
875999000282257975,30 Day Min - Close to OSU - Walk to Riverside Hosp,491049080,1470210932870961787,Jamie,,West Olentangy,40.03314,-83.03512,Entire home/apt,138,30,5,2026-04-30,0.14,1,291,3,
876868837471344495,Cozy & Stylish Apt  Grandview!,16528376,1462988806337413776,Jenean,,West Olentangy,39.9908,-83.04391,Entire home/apt,85,30,9,2025-10-15,0.26,7,261,1,
878180751245459080,Highland House: Three Private Rooms w/ Onsite Host,53772169,1465873698849154168,Jami,,Near North/University,39.98435,-83.01104,Private room,285,3,6,2025-07-27,0.32,3,61,2,2023-2120
878232271565219276,Comfy queen with private bath,382987731,1469784856473462321,Alex,,Near East,39.9629546,-82.98027830000001,Private room,72,2,58,2026-06-16,1.64,4,61,19,2023-2504
879769570909228963,Charming private 3 room 3 bath,382987731,1469784856473462321,Alex,,Near East,39.96376,-82.97996,Entire home/apt,304,1,52,2026-06-21,1.57,4,205,16,2023-2504
880393926641547118,The Sapphire Haus on Mohawk,512338787,1470304122732401937,Bob,,Near South,39.9459,-82.99284,Entire home/apt,198,1,195,2026-02-22,5.35,1,87,34,2023-3674
881809126151279642,"German Village Serenity, Steps to Schiller Park",93033733,1467123914843255218,Wayne,,Near South,39.9434587,-82.9945671,Entire home/apt,274,2,121,2026-06-25,3.28,4,68,45,STRP26000080
883984182238260534,Cozy 2-Bed Unit in Grandview,453019578,1470038730828227920,Tom,,West Olentangy,39.9880784,-83.0325291,Entire home/apt,202,1,73,2026-06-12,2.07,63,165,22,STRP26000623
884199385545532892,The Brickhouse | Quaint 1 BR 10 min to OSU & DT,165422724,1468606088469531363,The Brickhouse At Westgate,,Hilltop,39.95713,-83.08343,Entire home/apt,126,1,159,2026-06-14,4.23,4,247,44,2024-3401
884341673338637521,365 Wilson Ave Unit C,246907920,1469309742440419188,Delatierra Holdings LLC,,Near East,39.9583922528458,-82.96678427606821,Entire home/apt,135,7,29,2026-05-18,0.76,4,339,4,2023-2824
886888483771202009,Fairgrounds Flat Located in across fairgrounds,436399831,1469973473048853096,Briana,,South Linden,39.99918,-82.98207,Entire home/apt,125,30,11,2023-10-22,0.30,4,347,0,2022-2593
887098839860951962,Mohawk Flat - A Unique + Cozy Getaway,481684972,1470169353322161838,Tina,,Near South,39.95277,-82.99263,Entire home/apt,150,1,241,2026-06-19,6.48,2,213,62,2022-3450
887149637142332912,Luxury Downtown Condo,224493353,1469191732960951699,Dom,,Downtown,39.95838,-82.99971,Entire home/apt,239,2,123,2026-06-21,3.25,26,310,35,2025-4945
887858188492400551,Luxury Corporate Retreat,7534006,1462734510669946174,Shezaan,,Near North/University,39.97978,-82.99751,Entire home/apt,113,30,1,2023-12-31,0.03,2,290,0,
889281012784429132,#4Private Room Rental | 1BR | 1King Bed! (Room_#4),440916844,1469990319937032058,Akin,,North Linden,40.0233,-82.95834,Private room,37,30,6,2026-05-26,0.16,5,315,1,
889349127268715250,Clintonville Farmhouse,152907584,1468499134978891282,Cindy,,Clintonville,40.0475651,-83.02499739999999,Entire home/apt,,2,23,2025-05-04,0.67,2,0,0,2023-0511
891531799849531219,"Cozy escape w/ Hot Tub, ideal for family & friends",17890906,1462604082685312411,Michael,,Near East,39.95369,-82.96205,Entire home/apt,343,1,224,2026-06-19,6.03,1,258,64,2023-3362
892768636901833330,Private Duplex | Fenced Backyard | Garage | Grill,345450411,1469683136499128718,Evan,,Near North/University,39.98256,-83.01099,Entire home/apt,,2,18,2026-05-13,0.50,12,0,7,2021-3283
894237632699784768,Pool & Hot Tub! -2 King Bed Suites -Private oasis,467951159,1470109904432442301,Matthew,,Northwest,40.07072,-83.06116,Entire home/apt,1336,1,188,2026-05-31,5.06,1,250,59,2023-3574
894301792450605374,The Queen of Dublin | Luxury 2BR Near Bridge Park,27280979,1465402775111214573,Jesse,,Hayden Run,40.05884,-83.15776,Entire home/apt,216,30,1,2024-06-30,0.04,22,301,0,
896462459270934720,Marley State of Mind 2 Bed House,286980818,1469497793353894873,Cheryl,,Near South,39.92231,-82.99149,Entire home/apt,80,30,8,2025-09-27,0.26,48,332,2,
896966725478765365,2 Cozy Condos In The Heart Of Short North/OSU,482648128,1463807288778230937,Wendy And James,,Near North/University,39.9878,-83.01081,Entire home/apt,419,1,5,2025-09-07,0.14,4,350,1,2022-3409
897762602308963897,Powell Oasis: 3BR/2BA Sleeps 9,254188364,1469345931096293963,Arman,,Far Northwest,40.1334115,-83.069969,Entire home/apt,307,2,140,2026-06-25,3.78,4,336,38,2023-3635
897849620811368358,OSU Studio | Walk to Stadium & Nightlife,115836608,1462908128595617159,Erich,,Near North/University,39.99154,-83.01544,Entire home/apt,176,1,34,2026-06-14,0.92,45,349,22,2025-2432
898435296414892308,Dublin 1BR | Pets OK | King bed | 0 stairs,27280979,1465402775111214573,Jesse,,Hayden Run,40.05736,-83.15767,Entire home/apt,,30,1,2026-04-27,0.45,22,0,1,
899302351936193729,Quirky 1 BR Short North Loft w/ Private Courtyard,41502525,1465616860879018303,Rainer,,Near North/University,39.98335911555516,-83.00085493743438,Entire home/apt,219,1,130,2026-06-13,4.14,1,320,50,STRP26000713
899410292674572039,A shared Peaceful Space,463019571,1470086164875634355,Oluwaseyi,,Eastland/Brice,39.89453,-82.89775,Private room,54,10,12,2026-02-28,0.33,4,333,2,2025-0133
899424450400882057,Groveport Finest Private room,463019571,1470086164875634355,Oluwaseyi,,Eastland/Brice,39.89596,-82.89967,Private room,77,10,5,2025-08-17,0.22,4,179,1,2025-0133
900705750519254469,Convenient Single Bed Crash Pad,106057128,1467286425509505222,Robbie,,Near South,39.94679,-82.9636,Private room,56,1,229,2026-06-21,6.11,1,6,62,2023-2814
900853427864415552,The C-Suite | 1BR + office near Bridge Park,27280979,1465402775111214573,Jesse,,Hayden Run,40.05809,-83.15775,Entire home/apt,,30,0,,,22,2,0,
902762021938728062,Cozy 1BR Sleeps 4 | 10 min to OSU + DT | Queen Bed,336969447,1469653891832096098,Dan,,Near East,39.9629955,-82.97307029999999,Entire home/apt,105,1,129,2026-06-19,3.63,4,209,44,STRP26000560
902822108997131593,Dublin 2BR | Pets welcome | Ground Floor | Views,27280979,1465402775111214573,Jesse,,Hayden Run,40.05691,-83.15646,Entire home/apt,174,30,1,2023-10-29,0.03,22,320,0,
908087584601677540,Franklin Conservatoire Mansion- Free Parking!,51373382,1465802269849810605,Sean,,Near East,39.96722,-82.95393,Entire home/apt,514,2,18,2026-06-08,0.48,12,341,5,STRP25000355
908536416328015788,Stylish Getaway!-Columbus-3 Bedroom Masterpiece!,480972492,1463803249354164795,Pri,,Near South,39.9519,-82.98677,Entire home/apt,518,1,28,2026-06-01,0.76,3,29,5,Exempt
908679514055529747,Spacious and Private Mid-Century Home,64348042,1466794405380081815,MaryBeth,,Eastmoor/Walnut Ridge,39.94187,-82.92234,Entire home/apt,257,2,81,2026-06-14,2.39,1,319,26,2023-3848
908690392704873801,Spacious Studio w/ King Bed | Walk to OSU + Bars,97405277,1467173375652989130,Darren,,Near North/University,39.98518,-83.00686,Entire home/apt,160,1,159,2026-06-21,4.47,18,356,69,2025-1744
908972296911816588,The Buckeye Nest: 2-Bedroom Apartment in the City,159792213,1468554880769253421,Caitlin,,Clintonville,40.06368222929218,-83.01789075136185,Entire home/apt,,30,2,2024-07-08,0.08,5,0,0,
909368416669747709,Perfect Stay - 2 Bedrooms - Columbus!,158439641,1468543439958083754,GH Hospitality,,Near East,39.9690838,-82.97269059999999,Entire home/apt,240,1,30,2026-06-07,0.82,40,359,10,2023-3549
910240546971267911,Home in Columbus - Grandview!,59106131,1466711808362467943,Erin,,West Olentangy,39.99586,-83.03005,Entire home/apt,339,1,33,2025-11-23,1.13,1,10,11,
911862107626766484,Castle style red brick house,286212007,1469495066913909479,Xiaomei,,Near South,39.94214,-82.95982,Entire home/apt,161,1,22,2026-01-31,0.65,1,232,10,2023-3699
912178062448396118,3br Near Children's Hospital,431344669,1469953247421664960,Jesse,,Near South,39.9488357,-82.96715739999999,Entire home/apt,179,2,100,2026-05-31,2.78,7,325,21,2023-3678
912365946070581653,The Clintonville Nest,42637012,1465633433016199156,Sean,,Clintonville,40.02382,-83.01437,Entire home/apt,76,30,10,2025-12-31,0.28,2,253,4,
912864011222281450,Work Of Art-3 Bedroom Elegant Townhome,480972492,1463803249354164795,Pri,,Near South,39.94938,-82.98656,Entire home/apt,543,2,52,2026-06-07,1.44,3,56,12,2023-3789
913387860559577849,The Goodale Overlook - 2 Bed 3 Bath,498509260,1470242369503230465,Benjamin,,Near North/University,39.97482,-83.00949,Entire home/apt,340,1,50,2026-05-31,1.35,11,350,22,2023-3960
913738740076140613,Spacious King bed apartment in Historical Mansion,32538824,1465477430079269126,Mimi,,Near East,39.96678,-82.9634,Entire home/apt,113,1,56,2026-06-08,1.54,6,59,17,2022-2083
913740812915472985,Charming apartment in Historic Mansion,32538824,1465477430079269126,Mimi,,Near East,39.96682,-82.96182,Entire home/apt,123,2,85,2026-06-14,2.34,6,147,31,2022-2082
913827695030964354,Luxury 1 Bedroom in Grandview,453019578,1470038730828227920,Tom,,West Olentangy,39.9880784,-83.0325291,Entire home/apt,275,1,77,2026-05-31,2.23,63,119,24,STRP26000357
913829924242302587,Cozy 2-Bed Near OSU Campus,453019578,1470038730828227920,Tom,,West Olentangy,40.023858,-83.0287377,Entire home/apt,192,1,93,2026-06-21,2.59,63,160,41,STRP26000405
913920199897901783,2 Bed Near Downtown Columbus,286980818,1469497793353894873,Cheryl,,Near South,39.9486333,-82.9599209,Entire home/apt,71,30,5,2026-06-13,0.20,48,271,4,
914621090122165675,Spacious Studio - Historic Woodland,51373382,1465802269849810605,Sean,,Near East,39.96834,-82.95432,Entire home/apt,171,2,18,2026-06-07,0.51,12,343,9,STRP25000355
915515332951143111,4 BR HOUSE Downtown CBUS,165126152,1468603895819345638,Caitlyn,,Near East,39.97029,-82.96129,Entire home/apt,243,2,59,2026-06-14,2.08,1,219,16,2025-2141
915952871960587476,Chic | Townhome | Fenced Yard | Columbus | NCH,432234139,1467704638516686531,Sara,,Near South,39.93321,-82.98348,Entire home/apt,106,30,6,2025-09-30,0.17,71,354,1,
915965419896138976,Family-Friendly Townhome Near NCH Columbus,432234139,1467704638516686531,Sara,,Near South,39.93353,-82.98189,Entire home/apt,101,30,6,2025-09-06,0.17,71,347,1,
916251730512669077,Charming 3 Bedroom Getaway,428280358,1469940765120496732,Sadie,,South Linden,39.98405,-82.98051,Entire home/apt,238,3,52,2026-06-14,1.46,4,182,9,STRP25000397
916472903840948641,The Cozy Cape Cod,251501598,1463302182860063176,Tiffany,,North Linden,40.02054,-82.98912,Entire home/apt,,2,51,2026-05-18,1.49,1,0,9,2023-3817
916905348666918959,Tranquil Dublin Bungalow 4 min from Bridgepark,77284895,1466946201296412463,Jp,,Northwest,40.08367,-83.10207,Entire home/apt,353,3,133,2026-06-28,3.77,3,247,45,2024-0683
917528184964454129,Modern 3BR Haven – Perfect for Extended Stays,382023018,1463572103298386382,Estephanie,,Eastland/Brice,39.9185703,-82.80617699999999,Entire home/apt,112,30,0,,,1,58,0,2024-2762
918038315299588841,The Slate Estate,6040852,1462696298870107362,Garett,,Near North/University,39.98742,-83.00118,Entire home/apt,384,2,34,2026-06-14,0.96,4,226,8,2023-3525
918602397876885114,A Smooth Penthouse,423041576,1469919549612240597,Darryl,,Downtown,39.9642762,-82.99777870000001,Entire home/apt,119,30,13,2026-03-31,0.38,1,328,4,
918760807123795229,Highland House Columbus,52174539,1465836807997101830,Kate & Nat,,Near North/University,39.98074,-83.01105,Entire home/apt,214,2,54,2026-06-07,1.52,21,328,19,2024-3153
919459002631698832,Cozy 2B House in German Village,53768843,1465873684946481768,Cheyenne,,Near South,39.94415,-82.99074,Entire home/apt,250,2,214,2026-06-25,6.08,1,332,67,2023-3836
920437919845558849,The City Cottage - Unique and Cozy,496464688,1470234037205070583,Housepitality,,Franklinton,39.95834,-83.02548,Entire home/apt,168,1,42,2026-06-13,1.17,25,358,10,STRP25000138
922335974921363937,Woodland Park Living—3BR 1.5Bath House,209158033,1469091123441850185,Felix,,Near East,39.97166,-82.96117,Entire home/apt,,2,11,2025-03-02,0.31,1,0,0,2022-3224
922762159799418019,Full House mins to NCH & OSU!,73355927,1462810318525864731,Maylin,,Near South,39.9458,-82.95698,Entire home/apt,439,3,18,2026-04-17,0.57,6,281,2,STRP26000293
923880283490901188,Beechwold Retreat - Clean & Conveniently located,142420946,1468406199343790091,Steve,,Clintonville,40.05591,-83.01738,Entire home/apt,161,1,112,2026-06-21,3.32,2,133,34,STRP25000208
924827246152456894,Stunning 1 Bedroom Luxury unit with a Pool,453019578,1470038730828227920,Tom,,West Olentangy,39.9880784,-83.0325291,Entire home/apt,300,1,56,2026-04-06,1.58,63,130,19,2022-1999
927819672513624560,Cozy Boho Home Near Downtown/OSU/Short North,251356838,1469332150397179360,Asia,,North Linden,40.01969,-82.98578,Entire home/apt,,30,9,2023-10-22,0.26,1,0,0,2023-4091
928487536070135213,Luxury downtown stunner with patio oasis,523778262,1470356424255504084,Steliane,,Near North/University,39.990830962718455,-82.99844246183629,Entire home/apt,514,2,79,2026-06-08,2.39,1,288,34,2024-2676
928812508638916200,Relaxing Royal York Apartment,174713372,1468694829694755597,Mark,,Near East,39.96661,-82.96212,Entire home/apt,141,30,1,2023-07-23,0.03,1,363,0,2023-3833
929209590515316487,The Hideout - Centrally Located!,127361237,1468280592476165132,Robert,,Near East,39.96285,-82.96919,Entire home/apt,191,2,52,2026-06-21,1.48,2,208,17,2023-2076
930398265352256729,Convenient Stay Downtown! Pets are Welcome!,501999514,1470257160985456019,RoomPicks,,Downtown,39.96874,-83.00042,Private room,192,1,65,2026-06-21,2.34,22,288,28,Exempt
930400753690271402,"You Found it! Pet-Friendly, Near Victorian Village",501999514,1470257160985456019,RoomPicks,,Downtown,39.96874,-83.00042,Private room,344,1,1,2024-07-07,0.04,22,312,0,Exempt
930405355891884792,Relax and Unwind! Pets are Welcome,501999514,1470257160985456019,RoomPicks,,Downtown,39.96874,-83.00042,Private room,319,1,0,,,22,308,0,Exempt
930406551234386068,Look No More! Near Franklin Park Conservatory,501999514,1470257160985456019,RoomPicks,,Downtown,39.96874,-83.00042,Private room,410,1,0,,,22,292,0,2019-1234
930407532635883717,Rare Gem Downtown! Pets are Welcome Here!,501999514,1470257160985456019,RoomPicks,,Downtown,39.96874,-83.00042,Private room,495,1,0,,,22,250,0,2019-1234
930409809868801463,Vacation is Calling! Pets are Welcome Here!,501999514,1470257160985456019,RoomPicks,,Downtown,39.96874,-83.00042,Private room,253,1,9,2026-05-18,0.35,22,322,7,2019-1234
930412199737112272,Affordable Getaway! Pets are Allowed Here!,501999514,1470257160985456019,RoomPicks,,Downtown,39.96874,-83.00042,Private room,298,1,1,2025-03-30,0.07,22,329,0,2019-1234
930424044162950990,Look No More! Pets are Welcome Here!,501999514,1470257160985456019,RoomPicks,,Downtown,39.96874,-83.00042,Private room,295,1,1,2024-08-18,0.04,22,300,0,2019-1234
930426643620486630,Vacation Starts Here! Near Columbus Museum of Art,501999514,1470257160985456019,RoomPicks,,Downtown,39.96874,-83.00042,Private room,291,1,0,,,22,315,0,2019-1234
930449600936947428,Enjoy 2 Posh Units Downtown! Pet are Welcome Here!,501999514,1470257160985456019,RoomPicks,,Downtown,39.96874,-83.00042,Private room,383,1,4,2025-08-31,0.11,22,288,1,2019-1234
930450283397154000,3 Relaxing Units Downtown! Pet-Friendly,501999514,1470257160985456019,RoomPicks,,Downtown,39.96874,-83.00042,Private room,561,1,0,,,22,288,0,2019-1234
930469695825687991,The Crotti Conservatoire Castle - 𝟑 𝐟𝐥𝐨𝐨𝐫𝐬!,51373382,1465802269849810605,Sean,,Near East,39.96883,-82.95555,Entire home/apt,598,2,26,2026-05-18,0.72,12,337,13,STRP25000355
932625493336905975,The Schumacher Townhouse - 2 BR,496464688,1470234037205070583,Housepitality,,Near South,39.9481495,-82.9874882,Entire home/apt,276,1,26,2026-06-12,0.78,25,292,12,STRP25000637
932720775859019827,2-story 2/1 Apt under a mile to 161 & 71!,2791366,1462526320617074815,Kristi,,Northland,40.08512,-82.99325,Entire home/apt,155,1,78,2026-06-20,2.19,2,251,43,2022-3214
933221206262729880,Turquoise Haven 3 Bed Double,286980818,1469497793353894873,Cheryl,,Near South,39.93901,-82.96689,Entire home/apt,93,30,5,2025-12-08,0.19,48,331,2,
933226981699697837,Luxe Studio w/ King Bed + Sofa | Walk to OSU/Bars,97405277,1467173375652989130,Darren,,Near North/University,39.98473,-83.00552,Entire home/apt,171,1,181,2026-06-22,5.09,18,360,62,2025-1744
933229667743112177,Luxe 4BR w/ Chef Kitchen | Walk to OSU + Downtown,97405277,1467173375652989130,Darren,,Near North/University,39.98663,-83.00525,Entire home/apt,362,2,114,2026-06-21,3.19,18,326,33,2025-1743
934031622043036425,Brick & Loft,89119768,1467080681258526373,Sarah,,Near South,39.9521475,-82.99470219999999,Entire home/apt,310,1,132,2026-06-21,3.69,19,163,59,2024-2843
934063904481448035,(D) Lovely 2 bdr boutique retreat,419230929,1469904462959180034,Christy,,Near North/University,39.9788702207786,-83.00359524786472,Entire home/apt,268,2,14,2026-06-22,0.42,8,347,5,2023-3610
937878995069105160,Brick Haus,89119768,1467080681258526373,Sarah,,Near South,39.9521084,-82.9946523,Entire home/apt,255,1,127,2026-06-22,3.61,19,168,44,2024-2844
939029791087461992,Comfortable & Roomy - Work & Family Friendly for 7,83430852,1467010010354387926,Chase,,Clintonville,40.06347,-83.01564,Entire home/apt,145,2,117,2026-06-21,3.30,6,338,32,STRP25000699
939201571478930805,Cozy Mid Century Modern | Bexley,431781339,1469954778333349494,Liz,,Eastmoor/Walnut Ridge,39.95562,-82.92331,Entire home/apt,80,30,2,2023-08-06,0.06,1,153,0,2021-3362
939330399199054418,Stylish Loft with King Bed - Two Parking Spots,94274200,1467137463620564336,Ashley,,Near South,39.952526787172346,-82.99384798031505,Entire home/apt,200,2,302,2026-06-28,8.58,1,269,93,2023-3673
939784415966340452,"Old Charm, Modern Comfort

10 min to all Cbus fun!",148446047,1468453772413987221,Rachel,,Near South,39.94451,-82.97241,Entire home/apt,147,30,51,2024-09-01,1.48,1,269,0,2023-4183
940742751283035683,Bamboo Retreat•Massage Chair•Free Parking Near OSU,476758664,1463793526339500096,John,,Near North/University,39.97708,-83.00854,Entire home/apt,463,1,137,2026-06-14,3.86,7,166,45,2025-2798
940791821179003946,Great Value Stay •Free Parking •Massage Chair• OSU,476758664,1463793526339500096,John,,Near North/University,39.97734,-83.00905,Entire home/apt,207,1,97,2026-06-10,2.72,7,176,23,2025-2797
941538521675757727,The Schumacher - Pet Friendly - German Village,496464688,1470234037205070583,Housepitality,,Near South,39.94815,-82.98749,Entire home/apt,374,1,28,2026-04-19,1.04,25,352,7,STRP25000635
942572391777300138,Northmoor Manor,6040852,1462696298870107362,Garett,,Clintonville,40.03526,-83.0167,Entire home/apt,431,2,25,2026-05-16,0.75,4,169,5,2023-4193
942731492474298817,Luxury close to Children’s Hospital,468961608,1463776263516813814,Ryan,,Near South,39.94436,-82.99466,Entire home/apt,999,1,50,2026-06-07,1.42,2,88,18,2023-3850
943402765803804336,The Peony in Franklinton: Dog Friendly Fenced Yard,152053227,1468492385405616950,Alexandra,,Franklinton,39.9580765,-83.02902569999999,Entire home/apt,,30,61,2026-05-17,1.79,1,0,16,2026-3020
943571170965013472,Winterfell Wonderland with dedicated work space,295931621,1463404477387921586,Emmanuel,,Eastland/Brice,39.9133,-82.84003,Private room,92,10,20,2026-05-16,0.57,6,270,4,STRP25000332
944824864691631646,Big City Living at its Best!,158439641,1468543439958083754,GH Hospitality,,Near East,39.9686936,-82.9664061,Entire home/apt,305,1,37,2026-06-14,1.05,40,340,13,2023-3761
945091847062520071,McAllister Townhouse: cozy comfort!,256068103,1469353154420944792,Jade H,,Near East,39.95598,-82.97321,Entire home/apt,91,30,5,2026-05-16,0.18,2,332,2,
945657712977559613,Winterfell - Duplex close to OSU/Short North,90062227,1467090237542466069,Sam,,Near North/University,39.99421,-82.99793,Entire home/apt,,2,83,2026-05-25,2.35,19,323,21,2026-0691
945673616428625999,Iron Horse Townhouse,54100341,1465880076514323477,Christopher,,Near North/University,40.01039,-82.99751,Entire home/apt,,30,0,,,13,0,0,
946414038990710540,Charming Master Suite,295931621,1463404477387921586,Emmanuel,,Eastland/Brice,39.91492,-82.83995,Private room,84,10,18,2026-05-31,0.53,6,270,6,STRP25000332
947266754163136266,2BR near Short North-perfect for 30+ day stays,140302752,1529322488041147533,Nancy,,Near North/University,39.99224,-82.99802,Entire home/apt,28,90,2,2023-12-10,0.06,1,218,0,
947717638111783194,"New Build, Downtown Views, next to NCH",206636975,1469077979450413023,Kimberleigh M,,Near South,39.95123,-82.98416,Entire home/apt,377,2,59,2026-06-14,1.68,7,2,16,2025-2178
947819719454058769,Cozy Home in Short North! Walk to Downtown & OSU,140465789,1468389817109138675,Amanda,,Near North/University,39.98307954949509,-83.0052530883606,Entire home/apt,,1,67,2026-03-15,2.04,1,0,11,2025-1248
948135620232369756,NEW | Private Yard | Pet Friendly | Fast WiFi |,452955353,1470038461753669198,Jessica,,Franklinton,39.95819,-83.03646,Entire home/apt,,30,0,,,1,0,0,
948800035724034385,Spacious 2 bedroom close to OSU and downtown,401072356,1469840650229167901,Michaelda,,South Linden,39.99523,-82.99499,Entire home/apt,74,30,2,2024-10-16,0.06,7,332,0,
949162093521396755,Quaint Gem in German Village | Free Street Parking,332659858,1469641269062259813,Idit,,Near South,39.9473863,-82.9922922,Entire home/apt,,3,36,2024-11-16,1.02,1,0,0,2023-3843
949876579577092106,Luxury 3-Bed Near Downtown,453019578,1470038730828227920,Tom,,West Olentangy,39.9880784,-83.0325291,Entire home/apt,348,1,85,2026-03-30,2.46,63,164,28,STRP26000360
951641799898716422,Casa de Mucci,170677524,1468659139841670400,Nicholas,,North Linden,40.043028703951,-82.98756401985884,Entire home/apt,148,30,45,2026-04-15,1.33,1,301,9,2023-4207
952101474958045466,"The Blue Door | Near 4th St, Short North, DT, OSU",351498198,1469701111403214077,Sean And Stephanie,,South Linden,39.9817444,-82.9918611,Entire home/apt,248,2,21,2026-06-01,0.64,1,362,4,STRP26000518
953063462062138731,Dublin Columbus Border,530541899,1470383488883308278,Douglas,,Northwest,40.0800019,-83.0950923,Entire home/apt,222,2,122,2026-06-22,3.67,1,300,40,2023-4632
953130303106245405,Attractive Townhome In Old Town East Near Downtown,119659878,1468219296275628525,Kay,,Near East,39.95457,-82.97393,Entire home/apt,192,2,11,2026-06-08,0.33,6,173,2,2023-2488
953517857326181486,Downtown Views from a Stylish 2BR with Balcony,224493353,1469191732960951699,Dom,,Franklinton,39.95592,-83.01052,Entire home/apt,211,2,58,2026-06-24,1.65,26,325,20,2023-4957
953870937247740245,Modern 2BR | Driveway Parking | Near Hospitals/OSU,74335426,1466915191396233328,Karthik,,South Linden,39.98612,-82.98129,Entire home/apt,89,28,11,2026-05-15,0.41,2,83,6,2023-0124
954210156419526605,Cozy 4 beds Jacuzzi 10 mins to Downtown Columbus,431440620,1469953562555995511,Charmail,,Eastland/Brice,39.92423,-82.84516,Entire home/apt,260,2,36,2025-09-22,1.23,1,85,4,2023-4960
954276720811794889,"Brand NEW Build, D-Town Views, must See!.!.!.!.!",206636975,1469077979450413023,Kimberleigh M,,Near South,39.95088,-82.98416,Entire home/apt,460,2,59,2026-06-14,1.68,7,330,17,2025-2177
954300256971062475,Stunning 2BR Penthouse | Garage | Elevator | Gym,27280979,1465402775111214573,Jesse,,Downtown,39.96136,-82.9867,Entire home/apt,,30,0,,,22,1,0,
955153974116761456,Near East Side 3 Bed Double,286980818,1469497793353894873,Cheryl,,Near East,39.97428,-82.95777,Entire home/apt,88,30,6,2026-05-26,0.28,48,215,3,
955496875084378680,"Clintonville Retreat- Central, Quiet, Washer/Dryer",2170625,1462588183240336754,Alex,,Clintonville,40.047461656782104,-83.01107329882296,Entire home/apt,249,3,34,2026-06-28,1.30,1,119,29,STRP26000406
957239844877017510,3-BR patio haven near downtown,257651431,1469361296708037337,Chi,,South Linden,40.0108,-82.98491,Entire home/apt,217,1,76,2026-06-21,2.21,1,171,31,2023-4111
957434081965264478,German Village Gem: Steps from Schiller Park!,7707539,1462739085307196018,Megan,,Near South,39.94433,-82.99117,Entire home/apt,193,2,151,2026-06-22,4.40,5,77,61,2023-4463
957467349665434367,The Willem:  Steps from Schiller Park!,7707539,1462739085307196018,Megan,,Near South,39.945,-82.99073,Entire home/apt,193,2,186,2026-06-25,5.60,5,91,94,2023-4465
957616430659629625,B in1 Bed Downtown Near Hospitals,50481146,1465773600754144749,Gina,,Near South,39.9534706,-82.9739505,Entire home/apt,,30,13,2025-09-14,0.39,2,0,2,Exempt
957939697262810461,1bd/1ba Downtown Columbus! (Free Garage Parking),531826498,1470388418842184536,Abigail,,Downtown,39.9569407,-82.99991849999999,Private room,110,30,0,,,1,355,0,2023-3340
959485226433993809,"Pleasant Stay! Pet-Friendly, 4 Affordable Units!",501999514,1470257160985456019,RoomPicks,,Downtown,39.96874,-83.00042,Private room,766,1,0,,,22,287,0,Exempt
959487404093717085,"Relax and Recharge! Pet-Friendly, 4 Comfy Units!",501999514,1470257160985456019,RoomPicks,,Downtown,39.96874,-83.00042,Private room,766,1,1,2023-12-31,0.03,22,287,0,Exempt
960129570700080543,New Construction | Downtown | Private Parking,447235921,1470014115232054908,Traverse,,Near South,39.95186,-82.97295,Entire home/apt,215,7,6,2026-06-06,0.28,1,342,3,STRP26000464
961080285862132652,Updated German Village Home,16444279,1462986876997499912,Amy,,Near South,39.94053151109557,-82.98821405121362,Entire home/apt,206,30,41,2025-08-02,1.28,1,225,1,2023-4691
961532188048835193,3 Bdrm House Near Easton Mall & CMH,53884276,1465875428250752591,Theresa,,North Linden,40.01449,-82.94995,Entire home/apt,,30,2,2025-12-08,0.07,8,27,1,2022-1853
962265828126316061,Beautifull house in Grove city.,523515249,1470355307505183230,Toussaint,,Hilltop,39.91045,-83.10074,Entire home/apt,10,364,1,2023-09-24,0.03,1,364,0,2023-4366
962540272674976477,"Home near Easton/Airport, 3BR. Fenced yard. 4 TVs",24736063,1465313723076301198,Junfeng,,Northeast,40.044019986189014,-82.9011069063697,Entire home/apt,439,1,98,2026-06-14,2.83,1,314,20,
962813077514002260,Short North Columbus - Private Pool - Free Parking,101008049,1467212283804592016,Daniel,,Near North/University,39.981016470575,-83.00732586532831,Entire home/apt,641,1,176,2026-06-28,5.23,1,249,62,2023-4381
964399464031971484,Lovely Blue Boho 1BR Suite - Columbus!,158439641,1468543439958083754,GH Hospitality,,Downtown,39.9566145,-82.9941023,Entire home/apt,173,1,53,2026-06-13,1.54,40,58,16,2023-4901
965459385920887847,Stylish Family Stay with Game Room,46637844,1465698579552815281,C. Natasha,,Northland,40.08248,-82.9697,Entire home/apt,269,1,79,2026-05-24,2.51,1,313,26,STRP25000039
965982977344617939,Schiller Park Cottage!,158439641,1468543439958083754,GH Hospitality,,Near South,39.9403891,-82.99267789999999,Entire home/apt,228,2,125,2026-06-11,3.64,40,327,31,2025-2075
966133844316770426,2 br Cute Cozy 1st floor flat,262470986,1469387955230150313,Kevin,,Eastmoor/Walnut Ridge,39.94298,-82.90565,Entire home/apt,73,30,23,2026-01-31,0.68,1,341,3,2022-3558
966619451456347006,Industrial Short North Condo,73368483,1466905011194589683,Izzy,,Near North/University,39.9818524,-83.00422569999999,Entire home/apt,83,31,1,2025-05-25,0.07,1,239,0,
968839499173642645,Luxury Home | Walk to OSU | Private Yard | Garage,345450411,1469683136499128718,Evan,,Near North/University,39.9859982,-83.01815839999999,Entire home/apt,354,30,89,2026-05-07,2.59,12,288,32,2022-2764
972550190866928510,"Queen bedroom, shared bathroom",168512667,1463037433895410689,AnnE,,Eastmoor/Walnut Ridge,39.96214809898565,-82.9219488054514,Private room,93,2,21,2026-06-22,0.63,3,41,10,2023-3739
973414509698518148,Sams Spot II - Renovated 1915 Home + Porch & Patio,170368591,1468645954460486290,Samuel,,Near North/University,39.99282,-82.99856,Entire home/apt,242,1,74,2026-06-11,2.26,4,185,26,STRP26000189
973432567143777629,Sam’s Spot III - Huge 1915 Craftsman-Two Kitchens,170368591,1468645954460486290,Samuel,,Near North/University,39.99249,-82.99859,Entire home/apt,339,30,33,2026-05-25,1.25,4,266,16,STRP26000190
973861723913358454,German Village Haus - Pets Allowed!,139332037,1468381177495557943,Jenny,,Near South,39.94547,-82.99712,Entire home/apt,171,1,239,2026-06-24,7.11,7,299,100,2023-4481
973893384059275698,MCM Cottage Bliss,45856209,1465684871324895845,Gina,,Near South,39.93687,-82.99137,Entire home/apt,176,30,94,2026-02-16,3.09,1,272,19,2023-5241
973964317167820786,High-End New Build w/ City Views,107290958,1467300359542408670,Joel,,Near North/University,39.98672,-82.99814,Entire home/apt,450,2,58,2026-05-25,1.75,9,302,18,2023-3787
974068499677194885,"Downtown, 3 BR, 2 ba, garage, fenced backyard",92202870,1467113662169636985,Yuzhi,,Franklinton,39.9503353,-83.0297295,Entire home/apt,156,20,109,2026-06-07,3.21,2,362,4,2023-4444
974660705247371730,Spacious 3 BR House!,246088509,1469305471434751597,Christian,,Near South,39.92956,-82.99096,Entire home/apt,108,30,2,2025-06-01,0.08,5,122,0,
974661134276321636,Apartment Right Outside Downtown,224493353,1469191732960951699,Dom,,Franklinton,39.95595,-83.01125,Entire home/apt,151,2,54,2026-06-21,1.90,26,337,29,2023-4957
975239317064132903,NEW Italian Village Home w/ Rooftop Deck,107290958,1467300359542408670,Joel,,Near North/University,39.98501,-82.99815,Entire home/apt,265,2,87,2026-06-21,2.57,9,344,31,2023-3786
975351118954538482,Spacious 4BR w/ Game Room & Yard Walk to OSU,71299755,1462794647007550827,Roarke,,Near North/University,39.98884,-82.99685,Entire home/apt,548,1,81,2026-06-24,2.39,1,339,36,2025-0172
975916196270361223,Entire Central Columbus Ranch Home!,43135947,1465640473099920489,Patrick,,Northland,40.0917754,-82.9797456,Entire home/apt,421,2,61,2026-06-08,1.86,1,232,20,2023-4552
976342424117694591,"Cute unit close to Nationwide, Mt Carmel etc",377930839,1469771574213264047,Mercy,,Near South,39.92379529999999,-82.98673330000001,Entire home/apt,83,30,0,,,5,167,0,
976760897167117612,"Cute 2b/1ba unit close to OSU, Grant, Nationwide",377930839,1469771574213264047,Mercy,,Near North/University,39.99713,-82.99647,Entire home/apt,79,30,0,,,5,237,0,
976985760502371914,Satis Sage by TyKen - 5 Mins from CMH/Downtown CO,227523566,1469211396330524003,Tyken Real Estate,,South Linden,40.00043,-82.94305,Entire home/apt,167,30,4,2026-05-23,0.14,4,80,2,2024-2901
977402635303750064,"Short North Luxury - Walk to Dining, Shops & More",93033733,1467123914843255218,Wayne,,Near North/University,39.98284,-83.0098,Entire home/apt,188,2,55,2026-06-28,1.63,4,90,2,STRP26000781
977569876542325770,Beautiful bedroom close to OSU and downtown,401072356,1469840650229167901,Michaelda,,Near North/University,39.99659,-82.99642,Private room,38,30,2,2026-04-30,0.42,7,325,2,
978432496691750135,Fenced in Private Yard in Harrison West Near OSU,536679974,1470407873093382072,Sean,,Near North/University,39.9822,-83.01798,Entire home/apt,387,1,81,2026-05-10,2.40,3,144,32,STRP25000522
979065782127427559,"“Big house-clara” huge, near OSU",526251853,1470366735367146917,Sue Oak,,Near North/University,40.00631,-83.00102,Private room,94,1,20,2026-06-10,0.60,8,12,8,2023-4143
979557869555004410,Beautiful 3BR in Vassor Village,83760280,1467013395776998472,Luke,,Near South,39.93397,-82.97702,Entire home/apt,183,2,69,2026-05-31,2.05,8,353,20,2024-2361
979635459679557539,"""The Big house-catallina"", huge home, near OSU.",526251853,1470366735367146917,Sue Oak,,Near North/University,40.0070229,-83.00152899999999,Private room,93,1,23,2026-04-12,0.70,8,12,4,2023-4153
979658684650990979,Orange You Glad You Stayed Here,286980818,1469497793353894873,Cheryl,,North Linden,40.04705,-82.9643,Entire home/apt,93,30,6,2026-06-15,0.18,48,279,3,
979695621073105196,"“The BIg house-cole” huge, near OSU.",526251853,1470366735367146917,Sue Oak,,Near North/University,40.00819,-83.00233,Private room,94,1,30,2026-06-12,0.89,8,13,6,2023-4153
979707912783590998,"“Big house-cameron” huge, near OSU",526251853,1470366735367146917,Sue Oak,,Near North/University,40.0079,-83.00123,Private room,75,2,11,2025-03-23,0.41,8,13,0,2023-4163
979714277632853261,"""The Big House-chase” near OSU",526251853,1470366735367146917,Sue Oak,,Near North/University,40.00626,-83.00033,Private room,95,1,18,2026-06-12,0.67,8,12,4,2023-4153
979717256820112263,"""The Big house-chloe"" huge, nearOSU.",526251853,1470366735367146917,Sue Oak,,Near North/University,40.00765,-83.00095,Private room,105,1,37,2026-03-25,1.11,8,13,8,2023-4143
979721489464472599,"Cecillia - Room in The Big House, Near OSU",526251853,1470366735367146917,Sue Oak,,Near North/University,40.00747,-83.00256,Private room,74,2,18,2026-04-11,0.55,8,13,3,2023-4153
979984900948863617,Secluded Downtown Hideout,286980818,1469497793353894873,Cheryl,,Downtown,39.96517,-82.9937,Entire home/apt,81,30,10,2026-02-28,0.33,48,119,3,
980849960037557866,The Big House Near OSU,526251853,1470366735367146917,Sue Oak,,Near North/University,40.00406,-83.0029,Entire home/apt,1018,1,12,2026-05-31,0.37,8,140,9,2023-4153
981035540987288563,The Dazzling Star! Two minute walk to High Street!,325932974,1469621514476282909,Marc,,Near North/University,39.98269,-83.00571,Entire home/apt,121,2,92,2026-06-05,2.80,16,146,22,2019-2091
982821976155452928,The Lola | Walkable~Gym~Massage Chair~Projector,186340813,1468964174197374053,Michael & Kathleen,,Near North/University,39.98815,-83.01219,Entire home/apt,244,2,120,2026-06-25,3.93,1,339,43,2025-1440
983354705101707252,Pinball House | Pet-Friendly | Quiet Neighborhood,52174539,1465836807997101830,Kate & Nat,,Northland,40.06808,-82.98915,Entire home/apt,377,2,22,2026-05-18,0.74,21,252,3,STRP26000830
983373240221769465,Bethany Church Carriage House,194281106,1463106943901266179,Nicole,,Near North/University,39.985238,-82.9974704,Entire home/apt,316,2,210,2026-06-25,6.29,59,259,68,2023-4878
983687911362274578,La belle,367095138,1463539506483119611,Benson,,Franklinton,39.9532607,-83.0206248,Entire home/apt,100,1,151,2026-05-08,4.49,9,64,32,STRP25000526
984042867215828288,The Short North Star! Two Bed with Free Parking!,325932974,1469621514476282909,Marc,,Near North/University,39.98239,-83.00701,Entire home/apt,127,2,134,2026-06-22,4.02,16,150,25,2022-2608
984091344171541017,Paris 1,367095138,1463539506483119611,Benson,,Franklinton,39.9532607,-83.0206248,Private room,77,1,35,2026-06-01,1.04,9,64,19,STRP25000528
984113806829197176,Paris 2,367095138,1463539506483119611,Benson,,Franklinton,39.9532607,-83.0206248,Private room,100,1,22,2026-05-30,0.66,9,53,9,STRP25000528
985383099252247950,Simple and cozy…,451122401,1470031150866716856,Helen,,Far North,40.1313622,-82.9816611,Private room,100,1,45,2026-06-21,1.46,1,342,17,2023-5049
985621537560195587,Contemporary Vintage Home (Near Downtown!),490063470,1470206134299750654,Unified,,Near East,39.9598584,-82.9663518,Entire home/apt,246,2,82,2026-06-07,2.46,10,250,19,2025-0151
985662827893320139,Secluded Room Walkable To OSU Campus & Med Center!,24519205,1462629664612660834,Darrin,,Near North/University,39.9916358,-83.0112851,Private room,66,1,110,2026-06-14,3.28,6,213,25,STRP26000531
986185355941239629,"Pet-friendly Unit, Near Columbus Museum of Art",501999514,1470257160985456019,RoomPicks,,Downtown,39.96874,-83.00042,Private room,274,1,0,,,22,303,0,Exempt
986188127030964200,"Short Drive to Victorian Village, Pets Allowed!",501999514,1470257160985456019,RoomPicks,,Downtown,39.96874,-83.00042,Private room,237,1,0,,,22,303,0,Exempt
986696522261275729,Excellent Location Downtown! Pet-Friendly!,501999514,1470257160985456019,RoomPicks,,Downtown,39.96874,-83.00042,Private room,243,1,5,2025-07-27,0.29,22,314,1,2019-1234
986696523398010089,Close to Attractions! Near Jack Nicklaus Museum,501999514,1470257160985456019,RoomPicks,,Downtown,39.96874,-83.00042,Private room,243,1,46,2026-06-20,1.44,22,314,2,2019-1234
986696530694898208,"Best Value, Quality Stay! Pets are Welcome",501999514,1470257160985456019,RoomPicks,,Downtown,39.96874,-83.00042,Private room,243,1,3,2024-11-10,0.09,22,314,0,2019-1234
986916860956024377,Modern Spacious Condo on Gay St,177205580,1463067436702945353,Adrian,,Near East,39.96737,-82.97232,Entire home/apt,171,30,8,2026-05-18,0.28,11,253,3,2025-1693
986979705927245677,Schwartz Castle German Village,231369858,1469233739052250694,Brent,,Near South,39.9523443,-82.9957032,Entire home/apt,536,30,27,2026-03-31,1.08,1,323,12,2022-3704
987125597234398698,"Adorable 
attached private bathroom 
W -R",275084618,1463361903759557367,Judy,,Northland,40.06678,-82.98584,Private room,53,4,18,2026-01-04,0.54,21,264,4,2019-2310
987130322822851243,Cozy Below Private bathroom,275084618,1463361903759557367,Judy,,Northland,40.065687,-82.9867481,Private room,54,4,19,2026-01-18,0.61,21,111,4,2019-2310
987663448937286689,"Awesome 
 Attached private bathroom",275084618,1463361903759557367,Judy,,Northland,40.065687,-82.9867481,Private room,66,5,10,2025-10-08,0.30,21,275,3,2019-2310
988231659870577389,Bexley Adjacent Queen II/Shared Bath,168512667,1463037433895410689,AnnE,,Eastmoor/Walnut Ridge,39.96273606379941,-82.92188443243504,Private room,78,2,21,2026-06-23,0.65,3,46,8,2023-3739
989038362486288531,Entire Flat | Garage | Fenced Yard | Columbus,432234139,1467704638516686531,Sara,,Northland,40.06117,-82.98469,Entire home/apt,106,30,6,2026-03-20,0.22,71,295,4,
990603466708884600,*NEW* Downtown Columbus Condo | Sleeps 12 * Arcade,117626724,1468203408776627664,Jared,,Near South,39.94708,-82.9802,Entire home/apt,134,30,141,2026-06-07,4.25,4,327,46,2026-1242
990714611571071105,"OSU Retreat, Wifi, Kitchen, Free PRKG",474700132,1470140389606495898,Marc,,Near North/University,39.99689,-83.00495,Entire home/apt,77,2,80,2026-06-21,2.41,8,12,35,2020-1193
993221707757696262,Downtown Holiday Spree! Pets are Welcome!,501999514,1470257160985456019,RoomPicks,,Downtown,39.96874,-83.00042,Private room,192,1,17,2026-06-21,0.53,22,288,3,2019-1234
993225924633790282,2 Posh Pet-Friendly Units! Holiday in Downtown!,501999514,1470257160985456019,RoomPicks,,Downtown,39.96874,-83.00042,Private room,383,1,2,2024-07-07,0.08,22,288,0,2019-1234
993229892368136350,3  Pet-Friendly Units With Garden!,501999514,1470257160985456019,RoomPicks,,Downtown,39.96874,-83.00042,Private room,575,1,1,2024-01-01,0.03,22,288,0,2019-1234
993579507834210182,The Short North Residence,146160027,1468435229066891149,Quinton,,Near North/University,39.97521,-83.00289,Entire home/apt,106,30,2,2024-11-25,0.06,1,357,0,
994396974744536316,The Columbus Haven-Near OSU & Downtown,490063470,1470206134299750654,Unified,,Near North/University,40.013158,-83.0107582,Entire home/apt,182,1,132,2026-06-09,3.99,10,254,41,2025-0063
994933097197827770,Bespoke Short North Oasis-FLAT,502432635,1470259052978769973,Stacy,,Near North/University,39.97967,-83.00133,Entire home/apt,162,2,151,2026-06-13,4.74,3,311,45,2025-1528
994986930531393975,Ranch Condo Quiet Retreat N. Cbus/ Worthington,76614204,1466939402474998552,Jennifer,,Far North,40.12011,-82.99796,Entire home/apt,111,30,9,2026-06-24,0.37,4,328,5,
995459862733845360,3rd Ave Cottage - Close to Short North & Downtown,32854665,1462659925866193117,Brian,,Near North/University,39.98237,-82.99889,Entire home/apt,214,2,62,2026-06-27,2.02,2,154,19,2023-5245
996498524327972808,3 Bedroom Home West of Columbus,286980818,1469497793353894873,Cheryl,,Franklinton,39.94886,-83.03122,Entire home/apt,84,30,5,2025-10-06,0.15,48,324,1,
997083775782665379,Cap City Cozy,322346269,1469611439027166308,Kathy,,West Scioto,39.98235,-83.10634,Entire home/apt,262,1,161,2026-06-24,4.95,1,291,52,2023-4855
997275651726195098,"Armuth: By Columbus Airport, Modern 4BR 3BA",23609586,1465275567655952436,Ahmed,,Northeast,40.02061,-82.91109,Entire home/apt,327,2,100,2026-06-12,3.12,2,340,28,
999904964651182196,The Brickhouse | Organic Modern 1 BR 12 min to OSU,165422724,1468606088469531363,The Brickhouse At Westgate,,Hilltop,39.95745,-83.08187,Entire home/apt,128,1,105,2026-06-14,3.31,4,258,34,2024-3400
999980697197164755,"Luxury 3BR Home with Spa Pool, Gym & full backyard",528133014,1470374395210198185,Keith,,Eastmoor/Walnut Ridge,39.9381748,-82.91282290000001,Entire home/apt,528,2,24,2026-06-21,0.73,1,252,9,2023-4154
1000645092029118307,Jaeger Haus - Amazing Home in German Village!,158439641,1468543439958083754,GH Hospitality,,Near South,39.9391601,-82.99092259999999,Entire home/apt,346,1,53,2026-06-14,1.62,40,331,19,STRP25000428
1000689168190754679,Modern | 2BR | Balcony | Columbus | NCH,432234139,1467704638516686531,Sara,,Near South,39.95004,-82.96588,Entire home/apt,98,30,3,2026-04-01,0.11,71,239,2,2023-5252
1001998473621512597,The Pearl,194281106,1463106943901266179,Nicole,,Near North/University,39.9820317,-83.0039326,Entire home/apt,698,2,199,2026-06-07,6.12,59,326,79,2024-0882
1002050102537738382,The Grant Cottage | German Village at Nationwide,10620281,1462575061375127071,Robert,,Near South,39.95253,-82.98912,Entire home/apt,343,2,110,2026-04-30,3.38,7,139,32,2023-4923
1002321922415101665,Designer Redone Bungalow 3 / 2.5,225786363,1469200214082665848,Misty,,Rocky Fork-Blacklick,40.09421,-82.8524,Entire home/apt,149,30,0,,,1,205,0,
1002838078280318869,Just East of Downtown Columbus,286980818,1469497793353894873,Cheryl,,Near East,39.97597,-82.95889,Entire home/apt,89,30,7,2024-12-25,0.22,48,310,0,
1004232618213343403,4 Bed 2 Bath Townhouse - Goodale Park,443246026,1469999381313222718,Nsr,,Near North/University,39.97843760000001,-83.00739879999999,Entire home/apt,389,1,39,2026-06-22,1.23,11,291,24,STRP25000164
1005159506219920967,Hudson Cottage | Fast WiFi!,52174539,1465836807997101830,Kate & Nat,,Near North/University,40.01446,-83.01237,Entire home/apt,118,2,46,2026-06-19,1.44,21,264,13,2024-3234
1005426283027706943,Modern Luxury in Columbus (Near Downtown & OSU),490063470,1470206134299750654,Unified,,Near North/University,40.01316,-83.01076,Entire home/apt,182,1,110,2026-06-21,3.36,10,227,39,2025-0067
1006151738004407636,2br with 1.5 bath,347722929,1469689710276867712,George,,Near East,39.9758013,-82.96222,Entire home/apt,343,1,4,2026-05-17,0.45,1,363,4,2025-2680
1006451287253672190,NEW Cozy 1-Bdrm.- Merion/German Village Area,137455937,1468366325161263356,Rori,,Near South,39.93821,-82.98891,Entire home/apt,78,30,6,2025-08-02,0.25,5,226,1,2023-3503
1006566499292229260,Bill Murray - Private Home Near OSU,90062227,1467090237542466069,Sam,,Near North/University,40.0137426,-83.0056125,Entire home/apt,281,2,92,2026-06-28,2.84,19,332,33,2026-3876
1008747285380530881,Spacious home w/fenced yard & big rooms!,398764508,1469833290181012221,Rayna,,North Linden,40.02826,-82.96781,Entire home/apt,101,30,3,2024-08-17,0.10,6,159,0,
1010355347225381175,Entire Flat | Fenced Yard | Pet Friendly |OSU,432234139,1467704638516686531,Sara,,Clintonville,40.06542,-83.01217,Entire home/apt,,30,3,2026-06-08,0.30,71,347,3,
1010375066101030956,Entire Flat|Fenced Yard|Pet Friendly|Columbus,432234139,1467704638516686531,Sara,,Clintonville,40.06495,-83.01256,Entire home/apt,122,30,7,2026-04-23,0.24,71,57,2,
1010745188662673741,Boho Home | Backyard | Garage | Columbus,432234139,1467704638516686531,Sara,,North Linden,40.04419,-82.99201,Entire home/apt,133,30,11,2025-11-01,0.35,71,325,2,2023-4799
1010872140278275585,Historic 2 Bedroom Luxury Home with FREE Parking,543562694,1470434665223778821,C,,North Linden,40.01579,-82.9652,Entire home/apt,,30,1,2025-10-21,0.12,4,270,1,2023-1093
1011026079111525894,Charming Historic Home | Steps to Schiller Park,345450411,1469683136499128718,Evan,,Near South,39.94391,-82.99008,Entire home/apt,213,2,125,2026-06-21,3.94,12,320,47,2023-4514
1011393572146284409,Sauna I Hot Tub I Firepit I Arcades I Fenced Yard,338195933,1469657573469188339,Kyle,,Clintonville,40.07436,-83.01098,Entire home/apt,245,2,99,2026-06-14,3.36,5,311,32,2023-2802
1012947397062991545,Zen-topia 3 Bed House in South Columbus,286980818,1469497793353894873,Cheryl,,Near South,39.94495,-82.98238,Entire home/apt,93,30,7,2026-05-16,0.22,48,123,4,
1013071520861370385,Short North Oasis with Yard & Parking,543982011,1470436286822611449,Michael,,Near North/University,39.98033,-83.00094,Entire home/apt,647,2,70,2026-06-07,2.20,1,317,27,STRP25000322
1013199715209334308,Private King Room Near OSU Campus,142052023,1468403376337670012,Dallas,,Near North/University,40.012771371552624,-83.00693392753601,Private room,68,1,128,2026-06-26,4.02,4,269,59,2023-4663
1013593143869389330,Kate’s Quaint Place - near airport!,20040407,1463097386826545627,Katelyn,,Northeast,39.98243,-82.93251,Private room,98,2,82,2026-06-14,3.11,1,135,14,2023-5130
1013699368196833112,2 BR/2 BA condo-walking distance 2 OSU!,40997857,1465610109612677929,Christina,,Near North/University,39.98027,-83.01891,Entire home/apt,185,30,2,2026-05-10,0.14,1,229,1,
1013885252416005167,Cozy Clintonville Cottage-Near OSU-Sleeps 6-Pets,49280951,1465750508553087177,Kari,,Clintonville,40.0242189,-83.0120214,Entire home/apt,481,1,100,2026-06-20,3.25,1,226,37,STRP25000642
1014065438177863604,Renovated 3bed dedicated office 2 mi from Hospital,20418203,1462613026357508596,Shreesha,,Near South,39.929088560324026,-82.98956368061903,Entire home/apt,63,45,1,2026-02-13,0.21,1,224,1,
1015815149374714465,Luxury Downtown Apartment,224493353,1469191732960951699,Dom,,Downtown,39.95923,-82.99979,Entire home/apt,218,2,113,2026-06-21,3.64,26,312,43,2025-4945
1017706717705690270,Cbus Cottage- Columbus Guest House- 3 bedroom,303029574,1469552986172757299,Kimberly,,Near South,39.94716,-82.98674,Entire home/apt,,30,3,2025-11-11,0.14,5,318,2,
1018254345364473380,Cozy Home: A Modern Luxe Getaway,349896391,1469696612112571607,Carlissa,,Near South,39.9450358,-82.95655289999999,Entire home/apt,313,1,62,2026-06-14,2.09,1,289,14,2023-5362
1018985072826317291,Renovated/3BD/ Near Children’s Hospital/ Downtown,545268851,1470441267887541704,Kl,,Near South,39.93122,-82.98198,Entire home/apt,124,30,2,2025-10-31,0.08,4,353,1,
1019597920806805144,"3 Bed Home: Near Short North, OSU & Downtown",34691209,1465511430706519275,Rudy,,West Olentangy,39.98972,-83.03398,Entire home/apt,287,2,25,2024-08-13,0.81,3,268,0,2023-5007
1020500070115335176,Remodeled 3BR 2B • 15 min to OSU • Quiet Area,29603551,1465435635338168017,Hanna,,Far Northwest,40.13378,-83.07218,Entire home/apt,116,30,18,2025-12-06,0.57,2,339,1,2023-4562
1021078638116930137,Amazing private apartment,545765802,1470443036888659561,Kenneth,,Near South,39.94032,-82.96918,Entire home/apt,157,2,50,2026-06-14,1.61,1,130,12,2025-1661
1022352121310169036,Cozy Private Room Near OSU Campus,142052023,1468403376337670012,Dallas,,Near North/University,40.01268350000001,-83.006884,Private room,67,1,92,2026-06-25,2.89,4,264,26,2023-4663
1022384551195511692,Comfort on Champion,504044700,1470265984610417224,Samira,,Near South,39.95371140377617,-82.96997024287957,Entire home/apt,96,30,2,2026-06-13,1.00,4,348,2,Exempt
1022678999133796477,King Room Near OSU & High Street,142052023,1468403376337670012,Dallas,,Near North/University,40.0137,-83.00651,Private room,67,1,106,2026-06-28,3.35,4,268,39,2023-4663
1023247849940036238,Downtown Condo /Amazing Views + Parking + Gym,275645688,1469453886523579844,Andora,,Near East,39.96676,-82.95868,Entire home/apt,,30,5,2024-11-19,0.16,4,88,0,2024-6789
1023326356984408752,German Village Gem: Cozy Luxury & Hot Tub Haven,546202569,1470444725635341997,Chelsey,,Near South,39.95157,-82.9914,Entire home/apt,388,1,133,2026-06-28,4.16,1,159,59,2023-3975
1023393786341677802,Private Suite Near OSU & High St,142052023,1468403376337670012,Dallas,,Near North/University,40.01178,-83.00608,Private room,70,1,105,2026-06-28,3.29,4,253,48,2023-4663
1023559857080016093,Private Minimalist Queen Room mins to NCH & OSU,73355927,1462810318525864731,Maylin,,Near South,39.94727,-82.95662,Private room,83,3,20,2026-05-18,0.64,6,300,3,STRP26000293
1025490009362467632,Entire Flat | Backyard | Garage | Columbus,432234139,1467704638516686531,Sara,,Northland,40.0619143,-82.9843396,Entire home/apt,,30,4,2026-04-03,0.18,71,295,2,
1028299148230061484,Charming Two Bedroom Home,89119768,1467080681258526373,Sarah,,Near East,39.96138464739451,-82.97433284973755,Entire home/apt,263,1,162,2026-06-21,5.13,19,12,46,STRP25000587
1028467641760751574,Blue House Near OSU & Downtown,269530303,1469424162701078304,Kia,,North Linden,40.02341,-82.98874,Entire home/apt,,30,33,2025-08-04,1.34,1,87,4,2024-1555
1028499663346119208,Calm Clean Stylish Multi-level House,430132685,1469948333739773096,Staci,,Eastmoor/Walnut Ridge,39.95105,-82.90528,Entire home/apt,393,1,16,2026-05-17,0.53,1,74,4,2023-4109
1029118238302930175,Grandview Studio| 1 Bed: Near OSU & Short North,34691209,1465511430706519275,Rudy,,West Olentangy,39.98989565980039,-83.03436535269971,Entire home/apt,165,3,22,2026-05-21,0.70,3,56,1,2023-5007
1029848171405027825,Peaceful Ranch Close to OSU / Riverside Hospital,76614204,1466939402474998552,Jennifer,,Northwest,40.06004,-83.06999,Entire home/apt,120,30,4,2026-03-21,0.14,4,53,1,
1030039930904491020,The Bliss Lodge - Large House,519156832,1470336044328166601,Housepitality,,South Linden,39.9828975,-82.9661809,Entire home/apt,239,30,6,2026-04-12,0.27,9,356,4,2022-2465
1031414472613577486,C-bus cozy corner,493414181,1470221444064431238,Kit,,Near East,39.957935,-82.9658049,Entire home/apt,105,2,82,2026-06-26,2.68,1,129,42,2023-5104
1031948067039834799,An Urban Canopy Beautiful Private Short North Stay,286980818,1469497793353894873,Cheryl,,Near North/University,39.97553,-83.01029,Entire home/apt,138,30,6,2026-03-31,0.30,48,240,3,
1032032233114495990,4 Bedroom | Hosts 10 | Near OSU + Downtown CBUS,453307192,1487976163118275402,David,,West Olentangy,39.98901,-83.04282,Entire home/apt,358,1,162,2026-06-11,5.20,3,345,53,2025-1342
1032097923035397796,2 Bedroom | Hosts 7 | Near OSU + Downtown CBUS,453307192,1487976163118275402,David,,West Olentangy,39.98854,-83.04215,Entire home/apt,214,1,134,2026-06-10,4.36,3,307,53,2025-1343
1032115738396758169,2 Bedroom | Hosts 5 | Near OSU + Downtown CBUS,453307192,1487976163118275402,David,,West Olentangy,39.98737,-83.04232,Entire home/apt,231,1,126,2026-06-10,4.02,3,322,49,2023-5043
1032771043907309654,Driveway Parking •Sleeps 8 •Private Yard Near •OSU,476758664,1463793526339500096,John,,Near North/University,39.98851,-83.01416,Entire home/apt,307,1,72,2026-01-11,2.28,7,152,17,STRP26000723
1032896610708912618,Private Queen Star Room w/Bathroom mins to NCH/OSU,73355927,1462810318525864731,Maylin,,Near South,39.94605,-82.95654,Private room,75,5,26,2026-06-19,0.84,6,313,4,STRP26000293
1033694181333456113,Private Royal Q Room mins to NCH & OSU,73355927,1462810318525864731,Maylin,,Near South,39.94577,-82.95864,Private room,89,3,27,2026-06-15,0.91,6,198,5,STRP26000293
1033928334130904857,The Cozy Italian Village Home : Business & Leisure,548356842,1470453285814116326,Lois,,Near North/University,39.98518,-83.00321,Entire home/apt,,2,28,2025-11-30,0.93,1,0,7,2023-5246
1034118134190691684,Cozy Campus Townhome,548408900,1470453442362255837,Donald,,Near North/University,40.0082112,-83.0018329,Entire home/apt,232,2,20,2026-06-14,0.78,2,321,8,2023-5261
1034327964479308577,Downtown Columbus Home,484895556,1470182980289826393,Yemane,,Near South,39.94987,-82.97294,Entire home/apt,182,30,32,2026-06-13,1.02,1,335,3,2023-4404
1034889928518600446,The Goodale House - 2 Units - 4 BR 5 Bath,508106152,1470284064862256974,Benjamin Alan Dixon,,Near North/University,39.9748239,-83.009485,Entire home/apt,439,1,14,2026-03-15,0.47,23,351,1,2023-3960
1036955093788118653,Vic Village Townhome,72216518,1466892189687666062,John,,Near North/University,39.97944,-83.0118,Entire home/apt,252,1,60,2026-06-14,2.12,3,349,26,2023-4926
1039413192865508277,Spacious Vacation Home in Dublin OH,549518177,1463875802803468460,Shalini Devi,,Northwest,40.086952083996906,-83.10358632355928,Entire home/apt,311,2,69,2026-06-14,2.44,1,273,26,2023-5359
1040898399531133472,Charming 1BR Retreat • OSU Nearby • Free Parking,115836608,1462908128595617159,Erich,,Clintonville,40.02451,-83.0151,Entire home/apt,,1,39,2026-06-11,1.40,45,0,18,2023-3510
1040965444777929993,Private Queen Calm Room mins to NCH & OSU,73355927,1462810318525864731,Maylin,,Near South,39.94583,-82.95873,Private room,86,3,36,2026-04-29,1.16,6,279,2,STRP26000293
1041255844040003617,Modern Cozy 3BR in Short North Arts District,14737363,1462945684360474672,Adrianah,,Near North/University,39.98517,-83.01441,Entire home/apt,152,30,4,2025-06-16,0.14,1,141,0,
1041335098534103995,Cozy Stay Close to 670,286980818,1469497793353894873,Cheryl,,Near East,39.97572,-82.95736,Entire home/apt,81,30,4,2025-07-19,0.13,48,170,1,
1041938420479678034,Stylish Spacious 3BR 2BA Modern,543562694,1470434665223778821,C,,Near South,39.95328,-82.95583,Entire home/apt,137,30,1,2024-10-25,0.05,4,269,0,2022-1390
1041955859799785999,Up North in Columbus Stay for 6,286980818,1469497793353894873,Cheryl,,North Linden,40.02115,-82.96484,Entire home/apt,80,30,3,2025-11-03,0.16,48,177,1,
1042001009753226995,Brewery District Backyard Carriage House,4167000,1462649219995293264,Alex,,Near South,39.94476,-82.99914,Entire home/apt,226,2,47,2026-06-27,1.52,3,219,19,STRP25000051
1042203387685438537,Private Perfect For You w/Bathroom mins to NCH/OSU,73355927,1462810318525864731,Maylin,,Near South,39.94579,-82.95844,Private room,78,5,20,2026-05-15,0.67,6,209,4,STRP26000293
1042699934401086071,Home away from home,550207241,1470460596531545821,Anthony,,Near South,39.9456036,-82.9646102,Entire home/apt,133,7,6,2025-09-22,0.21,3,128,4,2023-5109
1042946149352993217,Steps to High St • Short North • Near OSU,476758664,1463793526339500096,John,,Near North/University,39.9815,-83.00343,Entire home/apt,142,1,93,2026-06-16,3.11,7,176,32,2025-1973
1044173827235671026,It's Giving Cozy 3 Bedroom,286980818,1469497793353894873,Cheryl,,South Linden,39.99926,-82.97579,Entire home/apt,84,30,7,2025-10-28,0.25,48,345,3,
1044241905275430236,Clintonville Gem • Fireplace • Modern Kitchen,115836608,1462908128595617159,Erich,,Clintonville,40.0245,-83.01474,Entire home/apt,,2,62,2026-06-07,2.25,45,0,23,2023-3510
1045616324195121486,Cape Cod Home Near OSU/Downtown 4Bed PET Friendly!,537299944,1470410123477678814,Abel,,South Linden,39.99602,-82.98366,Entire home/apt,155,2,65,2026-05-31,2.20,2,22,20,2023-3849
1045671000674104851,Olentangy Motor Inn,550835820,1470463082900108673,Janet,,West Olentangy,39.9894389,-83.0264021,Private room,119,1,141,2026-06-19,4.91,2,135,43,Exempt
1045804234745941340,Bexley Park Modern Retreat House,76935284,1466942702458219628,Shay,,Eastmoor/Walnut Ridge,39.9594885,-82.9226499,Entire home/apt,219,3,86,2026-06-14,2.84,1,229,30,2025-2067
1045827170088644986,Mid-Century Entertainer! Pickleball Court & HotTub,79178712,1466968128140496245,Natalie,,South Linden,39.9850707,-82.98226509999999,Entire home/apt,288,2,26,2026-05-24,0.84,1,334,11,STRP25000239
1048633850721640974,Spacious two bedroom close to OSU and downtown,401072356,1469840650229167901,Michaelda,,Near North/University,39.9963,-82.99585,Entire home/apt,76,30,1,2025-11-30,0.14,7,235,1,
1049321808426470650,Walk to High St • Free Parking & Private Backyard,115836608,1462908128595617159,Erich,,Clintonville,40.02459,-83.01533,Entire home/apt,131,2,30,2026-06-14,1.10,45,359,18,2025-2459
1049442744581518236,Central NY Loft-Style Apt 1BR Steps to High St,474700132,1470140389606495898,Marc,,Near North/University,40.01781,-83.01056,Entire home/apt,102,2,49,2026-06-24,1.60,8,145,9,2022-2608
1050089802346833887,4BR w/ Hot Tub + Patio | Walk to German Village,97405277,1467173375652989130,Darren,,Near South,39.935,-82.99382,Entire home/apt,247,2,102,2026-06-14,3.41,18,357,36,STRP26000305
1050586342300749401,Tranquil Pet Friendly Retreat,537983459,1470412899456306279,Estephanie Valdez,,Eastland/Brice,39.9186,-82.8062,Entire home/apt,303,2,18,2025-02-01,0.61,1,236,0,2023-4544
1050779434845417289,"Mediterranean Style Home Close to OSU, EXPO, DWNTN",111826874,1467350980246937947,Simone,,Near North/University,39.99621,-82.99655,Entire home/apt,294,1,75,2026-06-14,2.57,1,338,26,2025-1885
1050891506070222361,I Love Living in the City 4 Bed 2.5 Bathroom,286980818,1469497793353894873,Cheryl,,Near East,39.97027,-82.97197,Entire home/apt,94,30,3,2026-05-03,0.28,48,210,3,2023-5242
1050943391481121624,Cozy and quiet historic home 1200,37602996,1465563030634111933,Domenico,,South Linden,40.0029,-82.97524,Entire home/apt,,30,3,2025-11-13,0.11,9,269,1,
1050950163818205288,Jewel in Woodland Park 1630,37602996,1465563030634111933,Domenico,,Near East,39.97773,-82.95823,Entire home/apt,89,30,2,2025-12-20,0.09,9,332,1,
1050952342245043427,102B 80 Governors Place,37602996,1465563030634111933,Domenico,,Near East,39.96759,-82.96908,Entire home/apt,65,30,4,2026-02-02,0.15,9,303,3,
1050958421410126392,101A 80 Governors place,37602996,1465563030634111933,Domenico,,Near East,39.96857,-82.96781,Entire home/apt,73,30,9,2026-05-10,0.39,9,314,4,
1050964491889923369,202C 80 Governors Place,37602996,1465563030634111933,Domenico,,Near East,39.96815,-82.96927,Entire home/apt,63,30,6,2025-09-20,0.24,9,188,3,
1051433713032464957,Modern Home with Arcade Games 15 min from Zoo/OSU,552000757,1470467674799592708,Joseph,,Hayden Run,40.05367,-83.11542,Entire home/apt,294,2,138,2026-05-24,4.52,1,317,43,2023-3676
1051508716679710617,Extended Stay Elegance for Eight,286980818,1469497793353894873,Cheryl,,Near East,39.97094,-82.9733,Entire home/apt,88,30,4,2026-05-03,0.33,48,184,4,2023-5243
1051796994220333622,Columbus 2-Bedroom Apartment,159792213,1468554880769253421,Caitlin,,Clintonville,40.063756124129114,-83.01784951239824,Entire home/apt,171,30,4,2025-12-17,0.14,5,54,2,
1052161408967761461,Holtz Häusle | Cozy Apartment in the Woods,72965873,1466900292745340430,Kasey,,Clintonville,40.04676,-83.01522,Entire home/apt,369,2,138,2026-06-26,4.54,1,293,65,2023-5287
1053696263915202142,Modern City View Home By Convention Center,552434649,1470469185186004337,Rashed,,Near East,39.9727915,-82.9818493,Entire home/apt,216,2,100,2026-06-24,3.28,5,359,22,STRP26000407
1054931615941909257,Charming house & great location,76351581,1466936583417793594,Sergey,,Northeast,39.99173,-82.93055,Entire home/apt,250,1,172,2026-06-21,5.66,1,213,63,2023-5328
1055919542031086408,The Modern True Urban Loft—Downtown Columbus,116400313,1468193597600247100,Nate,,Downtown,39.9648135,-82.9982003,Entire home/apt,112,30,5,2026-04-01,0.19,26,249,3,2023-1111
1056454073910068233,Yellow Door For 2 Bedrooms,191916098,1468997543561250074,Jami,,Near South,39.94978,-82.95643,Entire home/apt,122,2,115,2026-06-22,3.79,6,7,41,STRP26000030
1056470781105102902,Columbus Getaway! Stylish Apartment!,158439641,1468543439958083754,GH Hospitality,,Near North/University,40.008869,-82.9977157,Entire home/apt,,30,24,2026-06-14,0.85,40,365,11,2023-2476
1056501687759654933,Charming studio in Campus area,474700132,1470140389606495898,Marc,,Near North/University,39.99734,-83.00381,Entire home/apt,79,2,73,2026-05-28,2.58,8,8,13,2022-2166
1060994591377795973,Walk to Mount Carmel | Pet Friendly,52174539,1465836807997101830,Kate & Nat,,Franklinton,39.9541,-83.02173,Entire home/apt,95,30,7,2026-05-10,0.24,21,340,2,2000-1000
1061244624757481942,Urban Condo in the Heart of Short North on High St,475474709,1470143605618735299,Ken,,Near North/University,39.9851142,-83.0052465,Entire home/apt,92,30,2,2025-02-26,0.11,2,339,0,2024-1168
1061253621725360803,The Top of the Stairs: Chic Loft on 3rd Ave,52174539,1465836807997101830,Kate & Nat,,Near North/University,39.9838133,-83.006601,Entire home/apt,132,1,110,2026-06-14,3.69,21,205,98,2023-4853
1062273343384612895,Fresh Extended Stay Near 670,286980818,1469497793353894873,Cheryl,,Near East,39.97436,-82.95961,Entire home/apt,80,30,5,2025-10-30,0.18,48,46,2,
1063180941306645465,The Perfect Perch Over The Short North,116400313,1468193597600247100,Nate,,Downtown,39.97369,-83.00382,Entire home/apt,126,2,51,2026-06-11,1.72,26,245,18,STRP26000492
1063867934736203162,Secluded Ravine Retreat near OSU & Short North,43569174,1465646883867286947,Troy,,Clintonville,40.02862,-83.00193,Entire home/apt,359,1,85,2026-06-19,3.13,1,217,44,2024-0977
1065195635345518376,Serenity & the City | 3BR & Garage Near Everything,39921753,1465595860980836538,Elise,,Near East,39.96159,-82.9606,Entire home/apt,456,3,33,2026-03-16,1.12,1,169,12,2023-4586
1066038263128788988,Fancy retreat near Bridge Park: 3BR/2.5BA/2Car Gar,555739323,1470481619865023199,William,,Northwest,40.08412,-83.10871,Entire home/apt,261,2,81,2026-06-27,2.94,1,140,31,2024-1031
1066294529365511809,New Heaven,367095138,1463539506483119611,Benson,,Franklinton,39.95886,-83.03914,Entire home/apt,,1,54,2026-01-04,1.82,9,0,14,2024-0573
1066819558661846482,Charming Room,512588539,1470305252877037719,Atenafu,,Eastmoor/Walnut Ridge,39.9385553,-82.8710237,Private room,30,30,61,2025-09-26,2.08,5,179,2,Exempt
1066844054681870580,Cave Room,512588539,1470305252877037719,Atenafu,,Eastmoor/Walnut Ridge,39.9385553,-82.8710237,Private room,35,28,59,2026-03-23,2.00,5,364,15,2025-1705
1066859441059828631,Conducive Room,512588539,1470305252877037719,Atenafu,,Eastmoor/Walnut Ridge,39.9385553,-82.8710237,Private room,34,25,55,2026-03-06,1.88,5,358,17,2025-1706
1068874817068116201,3BR/1BA with Workspace Near Nationwide/Downtown,441487398,1469992505819363379,Scott,,Near South,39.93343,-82.97081,Entire home/apt,83,30,3,2025-08-28,0.12,1,129,1,
1069536805605529230,Furnished cute Studio in Campus,474700132,1470140389606495898,Marc,,Near North/University,39.99709,-83.00545,Entire home/apt,77,2,74,2026-06-21,2.63,8,11,38,2022-2184
1075407513838638286,Near OSU 2 bed!,453019578,1470038730828227920,Tom,,Near North/University,39.9998213,-82.9996407,Entire home/apt,127,1,59,2026-06-21,2.08,63,7,31,STRP26000369
1075408644092935137,2 Bedroom on 4th St and 15th Ave,453019578,1470038730828227920,Tom,,Near North/University,39.9998213,-82.9996407,Entire home/apt,119,1,65,2026-06-25,2.30,63,7,27,STRP26000367
1076203600479969646,Chic | Trendy | Short North | Free Parking,432234139,1467704638516686531,Sara,,Near North/University,39.98235,-83.00481,Entire home/apt,,1,107,2026-06-21,3.66,71,72,58,2025-1833
1076690584574967823,Modern 2BR Central KingBed DownT,533073266,1470393322495601529,Advent,,North Linden,40.01368,-82.96584,Entire home/apt,252,1,1,2025-11-01,0.12,1,158,1,2022-1390
1077048832109845890,"Spacious & Clean Campus Retreat-Downtown CBUS, OSU",83760280,1467013395776998472,Luke,,Near North/University,40.00856391683035,-82.99954689818327,Entire home/apt,359,2,33,2024-08-09,1.13,8,138,0,STRP26000703
1079117046432515023,La retreat 2,275084618,1463361903759557367,Judy,,Northland,40.06508,-82.98567,Private room,58,1,24,2026-04-20,0.82,21,187,7,2019-2310
1079120704496472464,La retreat 1,275084618,1463361903759557367,Judy,,Northland,40.06462,-82.98634,Private room,45,30,10,2025-10-31,0.35,21,120,4,2019-2310
1080276802570862913,Morrill Modern Retreat – Desirable Marion Village!,463267531,1470087400930393529,Grand Welcome Ohio Kentucky,,Near South,39.92906,-82.98908,Entire home/apt,,1,23,2025-02-23,0.78,43,0,0,2023-5308
1080365860633776411,Luxury 2-Bed 2-Bath in Grandview,453019578,1470038730828227920,Tom,,West Olentangy,39.9871072,-83.0341657,Entire home/apt,187,1,79,2026-06-26,2.78,63,167,31,STRP26000411
1080749017578334718,Fantastic R,275084618,1463361903759557367,Judy,,Northland,40.06527,-82.98772,Private room,66,5,11,2026-06-25,0.52,21,273,6,2019-2310
1080767930043670748,Étonante (Incredible),275084618,1463361903759557367,Judy,,Northland,40.06517,-82.98761,Private room,68,4,7,2025-01-11,0.24,21,124,0,2019-2310
1081286947929287594,Merion Village House Near Downtown,286980818,1469497793353894873,Cheryl,,Near South,39.92791,-82.98915,Entire home/apt,79,30,3,2025-05-12,0.11,48,179,0,
1081378780724668071,"Independent 
 Private Bathroom",275084618,1463361903759557367,Judy,,Northland,40.06213,-82.98454,Private room,,4,9,2025-03-22,0.37,21,2,0,2019-2310
1082673678325894380,Large 4 BR Near Children's Hospital and Downtown,431344669,1469953247421664960,Jesse,,Near South,39.9477,-82.96716,Entire home/apt,240,1,17,2026-06-05,0.81,7,260,6,2024-0848
1084809743638019397,Renn at Calahan,471938952,1470128584293612332,"The Kidwell Group, Renn Properties",,Far South,39.90536,-82.99155,Entire home/apt,245,1,54,2026-04-26,1.97,1,336,17,2024-1332
1084892858203892081,Short North Oasis: 2BR/1.5BA/2 Car Garage/Sleeps 6,62298904,1466768325519803245,Mazin,,Near North/University,39.97634,-83.00337,Entire home/apt,327,2,80,2026-06-14,2.91,1,352,33,2025-2080
1086938456692031355,Luxury Rose Manor - Perfect for Bachelorettes!,158439641,1468543439958083754,GH Hospitality,,Near North/University,39.9789252,-83.0007382,Entire home/apt,397,2,66,2026-05-24,2.28,40,331,19,STRP25000581
1086971444484268092,Short North Clubhouse w/Hot Tub! Free Parking!,158439641,1468543439958083754,GH Hospitality,,Near North/University,39.9792205,-83.0016617,Entire home/apt,394,2,80,2026-06-14,2.76,40,315,24,STRP25000582
1088575467757268976,Valentine’s Day rooms / regular,450236155,1470027451648495750,Trystin,,Clintonville,40.05173,-83.02107,Private room,146,1,0,,,1,267,0,2024-2827
1089235368307641101,1 mi to Nationwide Childrens | German Village,8963103,1462791412955111071,Sarah,,Near South,39.94554,-82.98482,Entire home/apt,90,30,3,2026-06-08,0.11,7,325,1,
1089389015315479465,Magnificent(Private Attached Bathroom),275084618,1463361903759557367,Judy,,Northland,40.06345,-82.98457,Private room,69,4,7,2025-11-07,0.27,21,232,1,2019-2310
1089866577152241887,Mozart Flat with Hot Tub! Free Parking!,158439641,1468543439958083754,GH Hospitality,,Near North/University,39.9806612,-83.003593,Entire home/apt,304,1,69,2026-06-14,2.46,40,350,22,STRP25000389
1089876562265305934,Moxie Flat / High Street / Free Parking!,158439641,1468543439958083754,GH Hospitality,,Near North/University,39.9806612,-83.003593,Entire home/apt,239,1,29,2026-06-07,1.05,40,351,10,STRP25000392
1090520693342195530,Beautiful renovated ranch in Columbus,177913024,1468721243791282131,Laura,,North Linden,40.04047,-82.97415,Entire home/apt,,30,20,2026-04-18,0.71,1,48,3,2023-5382
1090695668926029392,"Modern 4bd 2ba | Quiet Street, Ample Parking",530437206,1470383104567870044,Darlene,,Far Northwest,40.1149966414461,-83.06951558998897,Entire home/apt,,17,1,2025-04-24,0.07,1,292,0,2024-1001
1090802858983501439,The Buckeye's Gem Near Downtown & OSU,490063470,1470206134299750654,Unified,,Near North/University,40.01316,-83.01076,Entire home/apt,234,1,79,2026-05-30,2.81,10,249,20,2025-0064
1092224182211603531,Enjoy German Village History | 1mi to Childrens,8963103,1462791412955111071,Sarah,,Near South,39.94562,-82.98477,Entire home/apt,92,30,4,2026-05-10,0.17,7,306,1,
1092818521213610076,Boho Chic Studio by High St w/Parking & Wi-Fi,325932974,1469621514476282909,Marc,,Near North/University,39.9978,-83.00415,Entire home/apt,89,2,48,2026-06-20,1.74,16,14,5,2022-2164
1094307391940859931,Modern 1BR Sleeps 4 | Near Downtown | Full Kitchen,336969447,1469653891832096098,Dan,,Near East,39.9629955,-82.97307029999999,Entire home/apt,159,1,121,2026-06-11,4.27,4,201,40,STRP26000559
1095005318117569665,Entire Home | Stylish | Backyard | Garage,432234139,1467704638516686531,Sara,,Near South,39.93665,-82.9693,Entire home/apt,143,30,2,2025-10-31,0.17,71,313,2,
1095587144709583406,Old Town East Luxury Escape,177205580,1463067436702945353,Adrian,,Near East,39.96486,-82.97502,Entire home/apt,200,30,4,2026-05-18,0.29,11,296,3,2025-1701
1096019233916622979,Home Away from Home (Near Downtown),490063470,1470206134299750654,Unified,,Near North/University,40.01316,-83.01076,Entire home/apt,355,1,62,2026-05-25,2.19,10,256,22,2025-0065
1096667559395868012,Cozy & quiet historic style home 1202,37602996,1465563030634111933,Domenico,,South Linden,40.00193,-82.97668,Entire home/apt,,30,3,2025-12-22,0.11,9,332,2,
1096688199703159345,Cozy & quiet historic style home 1206,37602996,1465563030634111933,Domenico,,South Linden,40.00188,-82.97633,Entire home/apt,,30,2,2026-03-31,0.20,9,154,2,
1096718018120074604,Impressive,275084618,1463361903759557367,Judy,,Northland,40.06609,-82.98734,Private room,,4,4,2025-05-13,0.17,21,1,0,2019-2310
1096736322862353008,Street view,275084618,1463361903759557367,Judy,,Northland,40.06461,-82.98586,Private room,,30,23,2026-02-23,0.83,21,41,5,2019-2310
1097134522558721358,Jungle Oasis by Newport Music & High St w/ Parking,474700132,1470140389606495898,Marc,,Near North/University,39.99593,-83.00381,Entire home/apt,121,2,72,2026-06-18,2.58,8,12,13,2022-2166
1097145787738544504,Bright Mid-Century Studio | Park & Walk to High St,474700132,1470140389606495898,Marc,,Near North/University,39.9962,-83.00555,Entire home/apt,116,2,48,2026-05-31,1.71,8,12,11,2022-2159
1099430909643998709,the town house,409527900,1463634733582696908,Terry,,South Linden,39.9835706,-82.9833866,Entire home/apt,240,2,12,2026-06-21,0.56,1,354,7,2024-2411
1100291868162482653,"Affordable 1 bedroom Apt. near I-70, 270, downtown",120455802,1462918465382224777,Norma,,Hilltop,39.95697,-83.08024,Entire home/apt,44,30,2,2025-02-23,0.07,15,82,0,
1100750887807436806,"Hot Tub, Tiki Bar & Harry Potter Room- Clintonvill",129335572,1468297199934306277,Alex,,Clintonville,40.02224,-83.01169,Entire home/apt,252,2,90,2026-06-21,3.18,2,348,34,STRP26000203
1100844617587446615,Serene Escape! Blissful Haven,51373382,1465802269849810605,Sean,,West Olentangy,40.04676,-83.0443,Entire home/apt,578,2,36,2026-06-11,1.37,12,207,18,2025-1612
1101348699193653476,Victorian Village/Short North Townhome,564439376,1470516219048134311,Michelle,,Near North/University,39.9821457,-83.0101698,Entire home/apt,247,1,83,2026-06-21,2.99,1,47,37,2024-0718
1101782132026407890,Stately Columbus Beauty: 3BR/2.5BA w/ 1G Mesh WiFi,9761047,1462571045899842517,Anika,,Near South,39.94993,-82.97141,Entire home/apt,292,3,46,2026-05-17,1.95,2,146,9,2023-3768
1106695262791044979,Backyard Garden Oasis | Game Room + Parking | OSU,27439453,1462641017440159043,Ingrid & Mike,,Near North/University,39.98421,-83.01204,Entire home/apt,380,1,76,2026-06-24,2.72,15,203,34,2024-0951
1108710063946052187,Alexandria - OSU Home SOHUD/Clintonville,90062227,1467090237542466069,Sam,,Near North/University,40.01354,-82.99719,Entire home/apt,234,2,44,2026-05-18,1.62,19,226,4,2026-0685
1110677541321980940,"Bliss on Beechwold, located in trendy Clintonville",482339455,1470172092702698415,Denise,,Clintonville,40.06093,-83.01744,Entire home/apt,256,1,69,2026-06-14,2.50,1,208,38,STRP25000703
1111082687550321260,Large Home with Guesthouse in the Brewery District,4167000,1462649219995293264,Alex,,Near South,39.94479,-82.99902,Entire home/apt,745,3,7,2025-11-03,0.32,3,102,4,STRP25000050
1111818106202231621,Cozy Studio w/ Patio | Walk to Short North + OSU,97405277,1467173375652989130,Darren,,Near North/University,39.9882277,-83.0085168,Entire home/apt,134,1,116,2026-06-21,4.20,18,352,54,2024-1030
1113120393905970295,Urban Oasis in Southern Orchards with 2 car garage,77284895,1466946201296412463,Jp,,Near South,39.93886,-82.97796,Entire home/apt,255,3,53,2026-06-21,2.02,3,340,31,2024-1179
1115608318573213147,Jewel in Woodland Park 1632,37602996,1465563030634111933,Domenico,,Near East,39.97601,-82.95958,Entire home/apt,90,30,5,2026-02-28,0.23,9,174,2,
1116058124383995784,Luxe & Cozy | Unwind in Style with FREE parking!,115836608,1462908128595617159,Erich,,Near North/University,39.992,-83.01272,Entire home/apt,130,2,36,2026-06-04,1.34,45,333,17,STRP26000320
1116576644957754074,Entire Apartment | Modern | Convenient | Columbus,432234139,1467704638516686531,Sara,,Near South,39.95047,-82.96453,Entire home/apt,98,30,1,2025-08-31,0.10,71,320,1,2024-2035
1116631426650992029,Convention Center Townhouse,158439641,1468543439958083754,GH Hospitality,,Near North/University,39.9756338,-83.0017987,Entire home/apt,306,1,65,2026-04-29,2.36,40,342,25,STRP25000580
1118253371974524231,Walk to OSU | 4BR Retreat with Patio and Hot Tub,99137257,1467192067376362074,Charles,,Near North/University,39.9898466,-83.0043453,Entire home/apt,559,1,99,2026-06-22,3.68,6,275,49,2024-3226
1118253718638871277,Inviting 7 Bed Home with Hot Tub and Fire Pit,99137257,1467192067376362074,Charles,,Near North/University,40.0158531,-82.99842939999999,Entire home/apt,492,1,28,2026-06-07,1.14,6,275,17,2024-3224
1118253846571472862,Spacious 5-Bedroom Home with Hot Tub,99137257,1467192067376362074,Charles,,Near North/University,40.0158522,-82.9984222,Entire home/apt,280,1,32,2026-06-07,1.20,6,283,17,2024-3223
1118885084121571773,Short North Pied a Terre,568559262,1470529047143365127,Jennifer,,Near North/University,39.98738,-83.00882,Entire home/apt,86,30,37,2025-07-26,1.44,1,113,8,2024-1378
1119839086571534913,Townhome Across From East Market,79004963,1466966387301942934,Amy,,Near East,39.96115,-82.95501,Entire home/apt,128,2,32,2026-06-12,1.24,2,45,25,2024-0729
1122087764943079351,2BR - Walk to Short North - Free Parking,569334537,1470531292528110184,Liza,,Near North/University,39.98308,-83.00264,Entire home/apt,,1,56,2026-04-26,2.28,1,0,17,2025-2215
1123802780846242646,Olentangy Motor Inn 2,550835820,1470463082900108673,Janet,,West Olentangy,39.99018,-83.02746,Private room,119,1,122,2026-06-22,4.46,2,144,34,Exempt
1123927742640077109,Historic & Luxurious Downtown Condo,569723893,1470532541904514797,Esther,,Downtown,39.96393,-83.00024,Entire home/apt,113,30,2,2025-05-05,0.10,1,196,0,
1124678997711417273,"Guest Favorite 1BR - Top Rated, Quiet and Comfy",83430852,1467010010354387926,Chase,,Clintonville,40.02432,-83.01927,Entire home/apt,,1,52,2025-08-31,1.92,6,0,2,STRP25000698
1125258547210166944,Pool*GolfCourse*Kitch*Laundry,394994495,1469821761668001246,Laura,,Rocky Fork-Blacklick,40.0861492,-82.88218289999999,Private room,49,30,8,2026-05-29,0.32,1,146,5,
1125774497853637451,Historic Townhome | Private Patio | German Village,432234139,1467704638516686531,Sara,,Near South,39.94619,-82.99515,Entire home/apt,967,1,63,2026-05-30,2.51,71,45,24,2024-1344
1126867157507091142,The Greenhouse,6040852,1462696298870107362,Garett,,Near East,39.96089,-82.95419,Entire home/apt,482,2,11,2026-06-14,0.45,4,210,5,2024-1519
1126904361018212615,The Quarters,545206860,1470441040465218623,Robin,,Rocky Fork-Blacklick,40.06781,-82.89426,Entire home/apt,364,1,62,2026-06-25,2.30,1,260,31,STRP25000626
1127051133290792751,Harmony,275084618,1463361903759557367,Judy,,Northland,40.064,-82.98504,Private room,36,12,3,2025-09-30,0.27,21,50,3,2019-1023
1127163347557396002,Luxe 3BR Townhome | German Village & Schiller Park,120628756,1468227046270282963,Ed,,Near South,39.94178998169017,-82.98785531185091,Entire home/apt,295,30,0,,,2,333,0,
1128471092061959732,Family-Friendly/WiFi + Kitchen,115836608,1462908128595617159,Erich,,Hilltop,39.94643,-83.07511,Entire home/apt,186,2,22,2026-06-08,1.08,45,334,15,2024-2340
1128870725814986282,Great new build townhome near Easton/airport!,372508871,1469755550413351187,Taylor,,Rocky Fork-Blacklick,40.10503023785961,-82.84454054458813,Entire home/apt,285,2,56,2026-06-14,4.40,1,308,52,2025-2072
1129964279760854815,Peaceful Ranch Home. Close to the Zoo!,131360820,1468314974761917878,Robert,,Far Northwest,40.12517,-83.0647,Entire home/apt,236,1,123,2026-06-13,4.95,1,326,53,STRP25000036
1131181512782354353,Spacious Wonderbread Loft,194281106,1463106943901266179,Nicole,,Near North/University,39.97803732425511,-82.9982268423279,Entire home/apt,345,2,162,2026-06-28,6.09,59,266,79,2024-0881
1133227457017387668,"Ohio Hideaway Escape- Modern, 3BR, 3 TVs, Office",33532725,1465490575545440662,Brandon,,Near South,39.9526865,-82.9715567,Entire home/apt,122,2,149,2026-06-17,5.96,5,117,58,STRP25000467
1134702546831987345,The Studio One Apartment - Mixing Art with Comfort,254584559,1469347928276891175,Suzanne,,South Linden,39.98650877917345,-82.9734905001739,Entire home/apt,44,30,3,2025-10-11,0.20,4,94,2,
1135075225832304520,English Court Barcade,90062227,1467090237542466069,Sam,,Near North/University,39.98983,-82.99635,Entire home/apt,135,2,57,2026-06-26,2.18,19,338,29,2026-0686
1135741709960020512,French Court Barcade,90062227,1467090237542466069,Sam,,Near North/University,39.99039,-82.99692,Entire home/apt,789,2,42,2026-05-18,1.62,19,92,13,2026-0687
1136106202096919249,Happy Room close to OSU,78310390,1466959251525286219,Gary,,Clintonville,40.02767,-83.01969,Private room,38,30,4,2026-04-19,0.16,2,272,1,
1136412690437944378,Modern Apt By OSU & Short North,49742958,1465759804531959937,Emily,,Near North/University,39.9891,-83.01302,Entire home/apt,83,31,0,,,1,147,0,
1140179082879977557,Stylish Room:King Bed+Private Bath–Easton Columbus,388704006,1469802293398208736,Oluwatosin,,Northland,40.06503623223428,-82.93777366373945,Private room,115,2,26,2026-06-14,1.41,1,359,14,STRP26000398
1140680888050457436,"CBus Retro: Children's, German Vill, Downtown, OSU",500983045,1470252885809317474,Rita,,Near South,39.94627,-82.98142,Entire home/apt,94,30,31,2026-06-01,1.24,1,124,5,2024-1775
1141383235675045379,East Side Getaway for Four Near 670,286980818,1469497793353894873,Cheryl,,Near East,39.97595,-82.9597,Entire home/apt,71,30,4,2026-03-07,0.18,48,343,2,
1142042400494039557,South Columbus Paradise,573817035,1470566792670071573,Carletta,,Far South,39.90721,-82.9271,Private room,348,1,0,,,1,362,0,2024-1401
1142056791280024045,Backyard Garden Oasis | ½ Mi OSU + Free Parking,27439453,1462641017440159043,Ingrid & Mike,,Near North/University,39.98494,-83.01269,Entire home/apt,428,1,79,2026-06-21,3.02,15,213,41,2024-0773
1142710953895646007,The Ellis Loft - Free Parking,194281106,1463106943901266179,Nicole,,Near North/University,39.9786868987171,-82.99847808161466,Entire home/apt,152,1,189,2026-06-23,7.17,59,281,99,2024-0891
1142714205249422526,Elegant Short North Factory Loft,194281106,1463106943901266179,Nicole,,Near North/University,39.97863346005112,-82.99841907301634,Entire home/apt,152,1,163,2026-06-21,6.23,59,302,71,2024-0892
1142720834087446611,Cozy Short North Loft Apt.,194281106,1463106943901266179,Nicole,,Near North/University,39.97864049519137,-82.99831974853082,Entire home/apt,152,1,185,2026-06-27,7.11,59,302,98,2024-0893
1142723709404103491,Airy Factory Loft - Short North,194281106,1463106943901266179,Nicole,,Near North/University,39.97862523871421,-82.99846198836057,Entire home/apt,152,1,182,2026-06-21,6.89,59,294,73,2024-0890
1142730131158386501,Spacious Factory Flat,194281106,1463106943901266179,Nicole,,Near North/University,39.97858824268576,-82.99825814047544,Entire home/apt,152,1,248,2026-06-25,9.39,59,293,109,2024-0889
1142904812942811236,Apt A MerionVillage/GermanVillage,574257396,1470568190536134839,Benjamin,,Near South,39.9383369,-82.9726486,Entire home/apt,183,1,216,2026-06-08,8.34,12,327,105,2025-1881
1143470978415380888,Brand New | Fun Games | Comfy Beds,345450411,1469683136499128718,Evan,,Near East,39.97047,-82.97477,Entire home/apt,703,2,63,2026-06-07,2.40,12,333,27,2022-1464
1144118364839078010,Apt D MerionVillage/GermanVillage,574257396,1470568190536134839,Benjamin,,Near South,39.93865,-82.97296,Entire home/apt,172,1,207,2026-06-14,7.96,12,339,102,2025-1880
1144479841568196883,The Sanctuary - 3BR/2BA Converted Church near OSU,175883174,1468705028249288964,Michael,,Near North/University,40.01346,-83.00507,Entire home/apt,323,1,22,2026-05-18,0.87,8,227,14,2025-1085
1145278734034455691,Modern 3BR w/ Game Room + Patio,240528916,1469278916958297690,Phillip,,North Linden,40.0562,-82.96252,Entire home/apt,260,1,89,2026-06-08,4.08,1,312,49,2024-1604
1146647344427673008,Modesty Home in Columbus,479252567,1470158930576398867,Modesty Home,,Greenlawn/Frank Road,39.90349148006941,-83.04479986556176,Entire home/apt,99,2,42,2026-06-06,1.62,1,252,16,2024-1564
1146673756021949015,Indoor Fireplace | Smart Home | Private Patio,345450411,1469683136499128718,Evan,,Near South,39.94435,-82.99604,Entire home/apt,283,1,113,2026-06-15,4.39,12,325,60,2024-1615
1146714891454689111,The Columbus Cape Cod Cottage | 1st Floor Beds!,52174539,1465836807997101830,Kate & Nat,,Clintonville,40.06115,-83.00499,Entire home/apt,204,2,19,2025-12-31,0.83,21,221,3,2023-2286
1147278793992593659,Maria's Place - Private Westerville Home,188365764,1468975999583944860,Offer Solutions,,Rocky Fork-Blacklick,40.09702,-82.85689,Entire home/apt,144,30,6,2026-05-13,0.25,2,258,3,
1147873948907751004,Tammy's Cottage,479942653,1470161871057066578,Tammy,,Far Northwest,40.13401,-83.03905,Entire home/apt,360,1,38,2026-06-07,1.64,1,335,18,
1149349155506808412,"Miller Hideaway- Garage, EV Charging, Pets, Yard",33532725,1465490575545440662,Brandon,,Near South,39.9427983,-82.96193869999999,Entire home/apt,288,2,114,2026-06-15,4.55,5,101,47,STRP26000219
1150840478384854722,Close to Everything!,48971989,1465744165057065297,Megumi,,North Linden,40.02852,-82.99041,Entire home/apt,126,30,1,2024-06-29,0.04,1,193,0,2024-1895
1151493022570990401,THE MANOR - Luxury Resort Living,328875799,1469629909806379875,Yolanda,,Eastmoor/Walnut Ridge,39.9478565,-82.8513408,Entire home/apt,,30,27,2026-06-14,1.26,1,13,17,STRP00552630
1151607496751281412,Italian Vil Gem | GameRm • High St .2mi • Parking,27439453,1462641017440159043,Ingrid & Mike,,Near North/University,39.97756,-82.99817,Entire home/apt,511,1,30,2026-06-22,1.23,15,227,14,2024-0952
1152284266370868865,House in beautiful Clintonville,24072586,1465282701960500682,Eva,,Clintonville,40.0274651,-83.01819689999999,Entire home/apt,231,1,79,2026-06-21,3.13,1,150,35,2024-1499
1154960050012342042,Bespoke Short North Oasis-LOFT,502432635,1470259052978769973,Stacy,,Near North/University,39.97802,-83.0002,Entire home/apt,144,2,108,2026-06-14,4.20,3,319,36,2025-1529
1156162240485832678,Harmony 1,367095138,1463539506483119611,Benson,,Franklinton,39.9538,-83.0354,Entire home/apt,173,1,65,2025-12-20,2.52,9,23,18,2024-1680
1156452609889720035,Family Retreat Near OSU • Hosp • DT & Short North,577513707,1470578257146500178,Lee,,West Olentangy,40.02400189999999,-83.0429551,Entire home/apt,272,2,90,2026-06-23,3.53,1,328,42,2024-1700
1157395959696954408,Bedroom with private bath and office close to OSU,401072356,1469840650229167901,Michaelda,,South Linden,39.99491,-82.99475,Private room,44,30,1,2025-12-13,0.15,7,98,1,
1157624593534856412,Harmony 2,367095138,1463539506483119611,Benson,,Franklinton,39.95543,-83.03554,Entire home/apt,,1,43,2025-09-28,1.74,9,0,9,2024-1681
1157926675368767607,Halbedel Guesthouse: Short North,577897342,1470579441005091661,Eileen,,Near North/University,39.98401,-83.00223,Entire home/apt,274,1,83,2026-06-14,3.35,1,233,43,2024-1779
1157929363883675837,Cozy 1 Bedroom Walking Distance to Grant Medical,54606293,1462729337510781661,Nick,,Downtown,39.9598772,-82.9930347,Entire home/apt,165,1,34,2026-06-10,1.37,14,336,16,STRP25000648
1157933949761136887,Relaxing Studio with Parking~Walk to Ohio State,235497311,1469253643263290319,⁨Marc (TailwindSTR)⁩,,Near North/University,39.99785,-83.00406,Entire home/apt,,7,27,2026-03-14,1.10,19,0,7,2022-2168
1157936991165754946,Cozy and Quaint Walking distance to Grant Medical,54606293,1462729337510781661,Nick,,Downtown,39.9598772,-82.9930347,Entire home/apt,165,1,26,2026-05-17,1.12,14,355,14,STRP25000649
1157945650566827470,Downtown Charm Cozy Apartment near Hospital,54606293,1462729337510781661,Nick,,Downtown,39.9598772,-82.9930347,Entire home/apt,165,1,19,2026-06-10,0.77,14,359,11,STRP25000651
1157946862658000744,105 Modern Apartment near Grant Medical Center,54606293,1462729337510781661,Nick,,Downtown,39.9598772,-82.9930347,Entire home/apt,162,1,42,2026-05-31,1.66,14,357,18,STRP25000652
1157959627052228705,Downtown Private Retreat - Modern Apt,54606293,1462729337510781661,Nick,,Downtown,39.9598772,-82.9930347,Entire home/apt,165,1,31,2026-06-07,1.23,14,353,19,STRP25000653
1157969699577651090,Private Full Suite near Downtown and Hospital Area,54606293,1462729337510781661,Nick,,Downtown,39.9598772,-82.9930347,Entire home/apt,137,1,44,2026-05-21,1.78,14,352,16,STRP25000653
1158716612897768764,Short North Penthouse | Free Parking | No Steps!,27280979,1465402775111214573,Jesse,,Near North/University,39.98535,-83.00688,Entire home/apt,,30,0,,,22,1,0,
1161593529761852662,Urban Elegance Getaway,463267531,1470087400930393529,Grand Welcome Ohio Kentucky,,Near East,39.95859,-82.95256,Entire home/apt,435,1,26,2026-05-25,1.03,43,308,4,2024-0997
1161626876190187859,Nu Bexley Villas I,75465636,1462815381799575309,Marcelo,,Eastmoor/Walnut Ridge,39.9742073,-82.91300869999999,Entire home/apt,295,4,3,2026-06-21,0.80,3,177,3,2025-1380
1162217600476620071,"Cozy Condo, The Heartland Retreat",157266814,1468533527408568490,Jaelyn,,Far North,40.11996816817669,-82.99369650350367,Entire home/apt,115,30,2,2025-07-31,0.10,1,299,1,
1162288736678855909,"B Spacious lux apt, next to Convention center OSU",419230929,1469904462959180034,Christy,,Near North/University,39.97965019114609,-83.00388888836059,Entire home/apt,291,2,5,2026-06-14,0.22,8,361,3,2023-3607
1163235353657361507,Mid-Century Haven: Curated Cottage with Music Room,127221720,1468279398408195259,Julie,,Clintonville,40.075248627999976,-83.01647320389748,Entire home/apt,618,1,127,2026-06-26,5.08,1,234,52,2024-1980
1164726463420199374,Cute Columbus Bungalow/7 min from Downtown!,259386526,1463322202987266368,Griffin,,Near South,39.927062844926766,-82.99303725767213,Entire home/apt,183,1,75,2026-06-26,3.14,19,326,30,2024-1739
1165519315053039572,Tommy's studio,54100341,1465880076514323477,Christopher,,Near North/University,40.01221,-82.99946,Entire home/apt,,2,3,2024-11-17,0.12,13,0,0,2024-1637
1165561352357027124,Tyler's Funhouse,54100341,1465880076514323477,Christopher,,Near North/University,40.01378799062214,-83.00017107278109,Entire home/apt,39,30,2,2024-10-06,0.09,13,263,0,2024-1637
1165577107774139681,Private bedroom OSU,54100341,1465880076514323477,Christopher,,Near North/University,40.01205518651873,-83.00031121820211,Private room,,30,2,2024-10-08,0.08,13,0,0,2024-1637
1166592930310902738,"Group Getaway | Hot Tub, Theater & Arcade Lounge",188952964,1468979365533274168,Luana,,Near East,39.9555371,-82.9722305,Entire home/apt,362,2,46,2026-05-17,1.82,7,241,14,STRP26000084
1166608003859890786,Cozy Chic Ellis Loft,194281106,1463106943901266179,Nicole,,Near North/University,39.97864579205467,-82.99833860674589,Entire home/apt,151,1,184,2026-06-21,7.35,59,303,89,2024-0899
1166634215751585726,The Brick House - Columbus!,158439641,1468543439958083754,GH Hospitality,,Near North/University,39.987198,-83.00447969999999,Entire home/apt,83,2,4,2026-04-25,0.23,40,282,2,2024-5005
1166761294651702510,Cozy Villa Near Everything,485716483,1470186467839667202,Aishia,,South Linden,40.0132,-82.98736,Entire home/apt,106,30,3,2024-09-15,0.12,3,268,0,2002-2979
1166977996687414020,"The Village Home-5BR | Near OSU, Short North & DT",15063953,1462953338363736525,Susan And Boris,,Near North/University,40.00226,-82.99731,Entire home/apt,273,2,29,2026-06-01,1.17,13,111,10,2024-1709
1167334907098097752,City Cabin,428280358,1469940765120496732,Sadie,,South Linden,39.9971989,-82.9743285,Entire home/apt,222,3,32,2026-06-21,1.35,4,170,17,2024-0671
1167581901563187040,Vibrant Spacious BR | 6 mins to OSU-Short North-DT,15063953,1462953338363736525,Susan And Boris,,Near North/University,40.00232,-82.99947,Private room,60,1,71,2026-06-18,3.11,13,28,43,2024-1709
1167946879866469078,Beautiful 4BR House Near Downtown W Garage Parking,519743392,1470338570445329996,Claude,,Near East,39.97222,-82.98062,Entire home/apt,485,1,22,2026-06-14,0.99,2,296,11,2023-3869
1167993090992042554,Charming Private Room Near OSU Campus and DT,15063953,1462953338363736525,Susan And Boris,,Near North/University,40.00244,-82.99783,Private room,67,1,70,2026-06-23,3.07,13,26,37,2024-1709
1168044323112796815,Chic | King Bed | Family Items & Games | Dogs ok,120989543,1468229836971229285,Evan,,Clintonville,40.06852,-83.01831,Entire home/apt,,2,46,2026-04-27,1.93,17,302,25,2025-2601
1168090646393992545,Chic Private BR mins from OSU Campus & Short North,15063953,1462953338363736525,Susan And Boris,,Near North/University,40.0011,-82.99786,Private room,63,1,76,2026-06-23,3.32,13,27,37,2024-1709
1168423093424207062,Urban Oasis: Stylish BR Near DT in Uni District!,15063953,1462953338363736525,Susan And Boris,,Near North/University,40.00285,-82.99937,Private room,60,1,80,2026-06-16,3.52,13,26,43,2024-1709
1170304953592872105,Cozy room in South Clintonville,94471322,1467139684523058192,Derek,,Clintonville,40.02319019999999,-83.0067064,Private room,92,1,39,2026-06-14,1.72,1,228,24,2025-2751
1171119365886181915,"Columbus Lounge: Hot Tub, Game Room, Karaoke",581342040,1470589310185709724,Mazen,,Near East,39.97176,-82.97377,Entire home/apt,522,1,147,2026-06-24,5.89,1,351,51,2024-1880
1171831744770698978,Fun upscale oasis w/hot tub near OSU & Short North,99137257,1467192067376362074,Charles,,Near North/University,39.9898096,-83.0035547,Entire home/apt,395,1,88,2026-06-22,3.83,6,272,46,2024-3227
1171921801817699779,"Mins to OSU, Short North & DT | Stylish PVT Room",15063953,1462953338363736525,Susan And Boris,,Near North/University,40.00219,-82.99747,Private room,60,1,41,2026-06-23,1.82,13,28,24,2024-1709
1172072102389418507,Master en-suite close to OSU,377930839,1469771574213264047,Mercy,,Near North/University,39.99514,-82.99669,Private room,44,30,0,,,5,147,0,
1172400209704110859,Room & shared bath close to OSU,377930839,1469771574213264047,Mercy,,Near North/University,39.99566,-82.99663,Private room,39,30,2,2026-04-06,0.39,5,118,2,
1172801116518846310,Tonia’s Cozy Place,581815830,1470590625498930434,Tonia,,North Linden,40.04079,-82.94924,Entire home/apt,229,1,68,2026-05-25,2.74,4,67,29,2024-1724
1173363357848228894,Urban Oasis w/Hot Tub Near Downtown & Arena Dist.,99137257,1467192067376362074,Charles,,Franklinton,39.9619749,-83.0430016,Entire home/apt,352,1,99,2026-06-25,4.30,6,306,45,2024-3225
1173512223464254159,"Newly Renovated! 4bd/2bth Centrally Loc’d, Fenced!",132894967,1468328426963640298,Chastity,,Eastmoor/Walnut Ridge,39.9432552,-82.9048643,Entire home/apt,,2,7,2026-05-18,0.34,5,0,2,2024-1959
1174705920972060887,Cozy Private Room with Workspace,582299247,1470592064191502492,Gilma,,Westland,39.93403,-83.14482,Private room,,30,1,2025-11-27,0.14,4,0,1,
1174778386293030010,Private Room with Workspace - Hoya Azul,582299247,1470592064191502492,Gilma,,Westland,39.93522,-83.14622,Private room,,30,2,2025-11-23,0.14,4,0,1,
1174793756514268336,Long Stay Spot w/ Gym – GriGri Room,582299247,1470592064191502492,Gilma,,Westland,39.93534,-83.1466,Private room,,30,1,2026-03-31,0.32,4,0,1,
1174824094078119571,"Extended Stay in Columbus – Gym, Patio, Parking",582299247,1470592064191502492,Gilma,,Westland,39.93396,-83.14702,Entire home/apt,109,30,3,2025-10-15,0.19,4,279,2,
1175756175907679348,King Cozy Space at Easton near airport,426798829,1469934445111278418,Briana,,Northeast,40.04829,-82.91369,Entire home/apt,99,30,49,2026-05-18,1.98,1,296,26,2026-1245
1176080965169874634,Beautiful bedroom close to OSU and downtown-2,401072356,1469840650229167901,Michaelda,,Near North/University,39.99542,-82.99534,Private room,38,30,1,2024-08-05,0.04,7,224,0,
1176903962096905557,Townhome | Backyard | Garage | Westerville,432234139,1467704638516686531,Sara,,Northland,40.09484,-82.94363,Entire home/apt,133,30,2,2025-05-11,0.09,71,363,0,
1177617872708799327,Columbus Music Box,158439641,1468543439958083754,GH Hospitality,,Near East,39.955048,-82.9695141,Entire home/apt,303,2,8,2026-04-26,0.44,40,329,4,2024-1691
1177620878323073136,1-Bedroom luxury w/free garage parking *Near OSU*,572718002,1470552639648340991,LuxuryRentz,,West Olentangy,39.9945,-83.03935,Entire home/apt,113,30,5,2024-12-24,0.24,2,61,0,2024-2404
1177836743023800918,201D Historical governors place.,37602996,1465563030634111933,Domenico,,Near East,39.9678352,-82.9681531,Entire home/apt,72,30,1,2025-03-31,0.07,9,330,0,
1178116120124950379,Room ONLY with En suite bathroom,245891120,1469304439983899025,Fred,,Rocky Fork-Blacklick,40.0632914,-82.8804808,Private room,116,1,31,2026-06-14,1.39,1,341,23,2024-0948
1178970703910867909,Dolly's Short North Condo!,17020410,1463000294195427202,Mike,,Near North/University,39.9799423,-83.0043985,Entire home/apt,57,45,2,2026-06-13,0.58,1,129,2,
1179234546957454774,Minutes to everywhere in Cbus!,52670347,1465853444992420757,Patrick,,Franklinton,39.9562925,-83.02792529999999,Entire home/apt,81,30,4,2026-02-20,0.22,8,172,2,
1180699200250936859,"5 bed Modern Brick Home, 10 mins from Downtown",52902268,1465857019042246409,Erica,,Near South,39.94746,-82.96927,Entire home/apt,246,2,37,2026-06-21,1.64,1,288,23,2024-1707
1181178340660599574,Vassor Village Villa for 4,286980818,1469497793353894873,Cheryl,,Near South,39.9366,-82.98285,Entire home/apt,88,30,5,2025-12-30,0.21,48,148,1,2024-6112
1181724424456196979,The View | 4 Bed | 3 Bath: Near OSU & Short North,34691209,1465511430706519275,Rudy,,West Olentangy,39.98790372284266,-83.03432635985256,Entire home/apt,354,2,4,2026-06-14,2.45,3,206,4,2023-5007
1182126795041247441,Cozy Columbus Haven Home | 3BD | Free Parking,478345345,1470155138044731984,Erick,,North Linden,40.0276975,-82.9910538,Entire home/apt,219,2,25,2026-06-05,1.06,1,124,11,2022-2620
1182517436880740046,Cbus Escape | 3BD HotTub &Close to Breweries+ Eats,213387235,1469115436170066737,Brian,,Near North/University,39.9851213,-82.9994899,Entire home/apt,272,2,60,2026-06-21,2.44,2,153,31,2024-1063
1182578060847555630,Walkable City Center Apartment,54606293,1462729337510781661,Nick,,Downtown,39.9656797,-82.9965612,Entire home/apt,155,1,22,2026-06-14,1.02,14,309,11,STRP25000725
1182769479377413949,Victorian Suite,266843512,1469411001425386689,Stephanie,,Near North/University,39.98722,-83.0133,Private room,125,1,53,2026-06-28,2.57,1,91,34,2024-2648
1183335325613208251,30 Nights • Pet-Friendly Modern Retreat + WiFi,115836608,1462908128595617159,Erich,,Near East,39.96342,-82.96638,Entire home/apt,82,30,9,2026-04-25,0.44,45,331,6,2024-2056
1183340654753793321,Escape 3BR w/ Hot Tub and BBQ,518407740,1463864281815460249,Manjot,,Westland,39.95630389999999,-83.1476251,Entire home/apt,678,2,54,2026-06-14,2.20,4,139,20,2024-1983
1183488725403070419,Newly Renovated Townhome!,268199988,1469417652439180932,Jenny,,Far Northwest,40.12594,-83.06912,Entire home/apt,125,30,4,2026-06-05,0.44,2,330,4,2024-1899
1184081372805262159,One Bedroom Unit at The Standard,421334830,1469912679290787699,Ohio Shores Hospitality,,Downtown,39.96542,-82.99553,Entire home/apt,160,1,35,2026-05-30,1.51,2,350,10,STRP25000727
1184293168517432909,The Columbus Adventure,508106152,1470284064862256974,Benjamin Alan Dixon,,Near North/University,39.9912506,-82.99897969999999,Entire home/apt,327,2,14,2026-06-07,0.61,23,352,10,STRP26000013
1184709831949842537,Penthouse Vue 180 + FREE Parking + Gym,275645688,1469453886523579844,Andora,,Near East,39.96737359999999,-82.95805229999999,Entire home/apt,133,30,1,2025-03-06,0.06,4,48,0,2024-1234
1184809809835777603,"Spacious 6BD 1.5BA Home Near CMH, Downtown, OSU",179436862,1468733113875557025,Brendan,,South Linden,39.98657,-82.94199,Entire home/apt,212,2,107,2026-06-04,4.64,4,124,43,2024-2320
1186147078396828014,Cozy Downtown Gem!,137455937,1468366325161263356,Rori,,Near South,39.940030750992356,-82.98739655960955,Entire home/apt,97,30,2,2025-09-06,0.09,5,149,1,2024-2161
1186222762560291918,Spacious 2BR | Attached Garage | Near Data Centers,27280979,1465402775111214573,Jesse,,Rocky Fork-Blacklick,40.06301,-82.84596,Entire home/apt,170,30,2,2025-12-22,0.21,22,308,2,
1186331725244671283,Olde Towne East Patio Living,286980818,1469497793353894873,Cheryl,,Near East,39.95912,-82.9562,Entire home/apt,72,30,5,2026-06-09,0.23,48,240,4,2024-4572
1186348038466244922,Retreat in Historic OTE,286980818,1469497793353894873,Cheryl,,Near East,39.96065,-82.95682,Entire home/apt,51,30,6,2026-05-27,0.27,48,31,4,2024-4574
1186971168336686906,"Room, shared bath close to OSU",377930839,1469771574213264047,Mercy,,Near North/University,39.99479,-82.99623,Private room,39,30,0,,,5,147,0,
1187121365128913835,Home in Columbus,156050549,1468523179969936290,Christopher,,South Linden,39.99164084282871,-82.94991387009064,Entire home/apt,156,1,17,2026-06-28,0.89,1,157,7,2024-2879
1187154735962714126,The South Campus Suite,490063470,1470206134299750654,Unified,,Near North/University,40.0131079,-83.0107886,Entire home/apt,193,1,79,2026-06-10,3.30,10,356,32,2025-0066
1187877436207993485,Modern Luxe 3BR/1BA with Bar (SuperHost) 9,91598844,1467106871778223926,Luis,,Near South,39.95117,-82.9537,Entire home/apt,219,2,10,2026-03-08,0.42,1,65,5,2024-2167
1187883735064589520,Cozy Brick Retreat | Heart of German Village,84946785,1467025160330760923,James And Bobbi,,Near South,39.94642,-82.9887,Entire home/apt,307,1,67,2026-06-21,3.02,1,105,28,2024-2390
1188182959363728729,The South Campus Loft,490063470,1470206134299750654,Unified,,Near North/University,40.0131079,-83.0107886,Entire home/apt,327,1,61,2026-06-21,2.56,10,346,20,2025-0069
1191650120087462776,NEW! One Bedroom Unit at The Standard,54606293,1462729337510781661,Nick,,Downtown,39.9656797,-82.9965612,Entire home/apt,155,1,22,2026-06-14,0.92,14,312,12,STRP25000730
1192354719479426931,Trendy Luxury Spacious 2BR+Flex space Sleeps 6,34396526,1465504630739630712,DCMA Realty LLC,,Near North/University,39.9755,-83.00884,Entire home/apt,442,3,24,2026-06-21,1.04,4,246,10,STRP25000405
1192366944617552919,The Worthington - 3 BR and Parking,443246026,1469999381313222718,Nsr,,Near North/University,39.9912259,-83.0127826,Entire home/apt,230,2,22,2026-06-21,0.95,11,344,17,2024-1746
1193583209550488249,luxury Spacious rental,467332873,1470106925332609093,Obsa,,Eastland/Brice,39.92507,-82.79411,Entire home/apt,201,30,0,,,1,365,0,2023-4567
1196391358347783497,The Ohio Escape - Modern & Quiet,197032732,1469027248376766871,Claudia,,Northland,40.07186,-82.98897,Entire home/apt,118,30,1,2025-03-20,0.06,5,236,0,
1196525968986333099,The East Franklinton Castle,42637012,1465633433016199156,Sean,,Franklinton,39.95568,-83.01616,Entire home/apt,88,30,6,2026-03-31,0.26,2,301,2,
1197097238072879138,Tranquil Green Pine,197032732,1469027248376766871,Claudia,,Northland,40.07159,-82.98907,Entire home/apt,102,30,16,2025-10-17,0.81,5,147,9,2025-1373
1197144173955599524,Updated Historical Home Downtown - Sunroom & Yard!,259386526,1463322202987266368,Griffin,,Near East,39.96462,-82.96868,Entire home/apt,354,1,17,2026-01-01,0.76,19,79,11,2024-3344
1197730783002969138,Columbus Private Room #4|Centrally Loc’d|Peaceful,132894967,1468328426963640298,Chastity,,Eastmoor/Walnut Ridge,39.9432552,-82.9048643,Private room,,3,0,,,5,0,0,2024-1959
1197860391719184326,7 Mi to Downtown Columbus: Family Getaway w/ Yard,456513928,1467695476215770400,Evolve,,Eastmoor/Walnut Ridge,39.9499477,-82.8861638,Entire home/apt,173,2,39,2026-06-08,1.67,9,326,23,2024-1755
1197936290851380404,Mo to Mo/all utils/furn/wifi inc. Clintonville Apt,88886839,1467078328940367134,Cameron,,Near North/University,40.01878,-83.00432,Entire home/apt,76,31,5,2026-05-02,0.27,1,266,3,
1198212660086204389,The Headquarters by: BLUE 5 bedrooms_Hot tub_park!,463720466,1463764101641169555,Dubbs Vision Property Management,,Northland,40.07333689711029,-82.97949931111346,Entire home/apt,622,2,29,2026-06-20,1.61,3,156,13,2024-2996
1198716892294645300,Tonia’s Cozy Place,581815830,1470590625498930434,Tonia,,North Linden,40.04028,-82.94691,Private room,160,1,1,2026-05-18,0.70,4,172,1,2024-1724
1199265212459062077,Hot Tub | Game Room | Near Downtown,517625467,1470328826194773954,Clayton,,Near East,39.96127,-82.95879,Entire home/apt,567,1,73,2026-06-28,3.22,1,297,37,2024-2022
1199421911981532179,Modern & Cozy 2BR Townhouse,559169069,1470499935606875908,Yanyun,,Far Northwest,40.11979,-83.08765,Entire home/apt,250,1,150,2026-06-26,6.36,1,333,73,2025-2611
1201521388027226800,Open Plan in Old Oaks,286980818,1469497793353894873,Cheryl,,Near South,39.95059,-82.96289,Entire home/apt,118,30,4,2026-05-26,0.25,48,227,2,2024-4387
1202119753054644020,Stylish Brownstone! Short North Area,16528376,1462988806337413776,Jenean,,Near North/University,39.98928,-83.00607,Entire home/apt,82,30,1,2025-06-14,0.08,7,206,0,
1202530986928253990,"Rm/Suite private bath, 15 min to Intel/Meta, OSU",75495697,1466927635846260328,⁨William (Scott)⁩,,Rocky Fork-Blacklick,40.061840353441724,-82.8805485740304,Private room,63,1,72,2026-06-15,3.14,3,68,27,2024-2213
1203039800446873743,Walk to OSU • Game Room • Fire Pit • Sleeps 11,82863880,1467004390224991124,Katie,,Near North/University,39.99548,-82.99861,Entire home/apt,367,1,87,2026-06-14,3.88,2,135,49,STRP25000288
1203638788048625543,"Home on Henderson, 3 Bed, Central, Fenced Yard",89119768,1467080681258526373,Sarah,,Clintonville,40.051069896458344,-83.02572040575683,Entire home/apt,331,1,21,2026-06-14,1.48,19,107,16,2025-1838
1203780517817027003,Groveport Finest Compact Room,463019571,1470086164875634355,Oluwaseyi,,Eastland/Brice,39.89513,-82.89809,Private room,49,10,10,2026-03-28,0.43,4,174,2,2025-0133
1204277752849057506,"Your Home-3 Bed Rooms, 4 Guesses",590798482,1463893393028423203,Andrew,,Northland,40.09699,-82.95814,Entire home/apt,297,2,19,2026-06-07,0.89,2,343,11,2024-2305
1205010341027302593,Steps to High St * Chef's Kitchen * Free Parking,467966456,1470109788395141530,Stephen,,Near North/University,39.98167,-83.00803,Entire home/apt,417,2,62,2026-06-14,2.65,1,277,25,2024-2113
1206561803019322293,30 Nights • OSU guests + WiFi,115836608,1462908128595617159,Erich,,Near East,39.96244,-82.96592,Entire home/apt,92,30,4,2026-05-28,0.33,45,181,4,
1206679392688062872,Luxurious Blissful Retreat,51373382,1465802269849810605,Sean,,Near North/University,39.99001,-83.00669,Entire home/apt,270,2,24,2026-05-18,1.17,12,354,15,STRP25000382
1207883592502384018,3BR | 1BA | Townhouse | East Columbus,432234139,1467704638516686531,Sara,,Near East,39.97619,-82.95779,Entire home/apt,111,30,3,2026-03-31,0.24,71,120,2,
1207952575164148611,Eldridge Echo R - 3BR|1BA|East Columbus,432234139,1467704638516686531,Sara,,Near East,39.97632,-82.95756,Entire home/apt,111,30,2,2025-10-27,0.16,71,362,1,
1207962319755531227,"Modern, simple, spacious 2BR Apt",83760280,1467013395776998472,Luke,,Near South,39.9496975,-82.9644168,Entire home/apt,,2,29,2026-06-12,1.43,8,347,19,2024-2360
1208453854374664621,3BR|2BA|Entire Home|Columbus,432234139,1467704638516686531,Sara,,Near South,39.94575,-82.96342,Entire home/apt,129,30,0,,,71,327,0,
1209201707481427608,"Short North Victorian Oasis 5br w Hot Tub, Peleton",23239190,1465270511449707457,Jake,,Near North/University,39.99036,-83.01564,Entire home/apt,478,2,54,2026-06-23,2.41,1,331,32,2024-4219
1211084051402531958,Oasis on Ohio,67808565,1466837941975304205,Rachel,,Near South,39.94604,-82.97145,Entire home/apt,103,30,2,2025-10-29,0.09,1,347,1,
1211556290495559508,Large House in Easton 5 min,485897495,1470187306114726057,Arsen,,Northeast,40.04079,-82.91347,Entire home/apt,225,2,59,2026-06-20,2.65,2,337,44,2024-2378
1211756852184183832,"Rm #1: 15 min from Meta/Intel, & OSU football",75495697,1466927635846260328,⁨William (Scott)⁩,,Rocky Fork-Blacklick,40.06203,-82.88032,Private room,74,1,38,2026-05-29,1.81,3,17,13,2024-2213
1211789649301047145,Charming Ranch 3BR W/ Hot Tub & Ping Pong & BBQ,518407740,1463864281815460249,Manjot,,Northwest,40.08307,-83.099,Entire home/apt,838,2,68,2026-06-07,2.97,4,147,26,2024-2200
1211791701094327631,Tonia's Cozy Haven,581815830,1470590625498930434,Tonia,,North Linden,40.04067,-82.94923,Private room,139,1,3,2025-05-08,0.15,4,177,0,2024-1724
1211821502814819504,Tonia's Cozy Haven,581815830,1470590625498930434,Tonia,,North Linden,40.04028,-82.94836,Private room,199,1,1,2024-10-16,0.05,4,115,0,2024-1724
1212218352433259908,high end furniture stylish townhouse,164122383,1468595642175273360,Meixue,,Far North,40.1282544,-83.01843219999999,Entire home/apt,,30,0,,,1,89,0,
1214450490875765824,Cozy Room in Canal Winchester and Columbus,209749721,1469094332630301061,Racheal,,Eastland/Brice,39.9116,-82.83685,Private room,120,1,35,2026-06-21,1.54,2,357,4,STRP26000314
1214635320232154281,Extra Comfy Private Queen Bed,65250167,1462768666729777603,Marina,,Near South,39.93585,-82.98646,Private room,79,1,12,2026-05-18,0.56,4,118,7,2024-1786
1216487288725966148,Urban Retreat: Modern BR Close to DT & Short North,15063953,1462953338363736525,Susan And Boris,,Near North/University,40.00232,-82.9973,Private room,60,1,63,2026-06-10,2.73,13,28,27,2024-1710
1216602875297259508,Stylish BR mins from OSU Campus and Downtown,15063953,1462953338363736525,Susan And Boris,,Near North/University,40.00294,-82.99933,Private room,60,1,40,2026-06-17,1.74,13,28,21,2024-1709
1216671340273008235,Chic City Retreat 93H,463267531,1470087400930393529,Grand Welcome Ohio Kentucky,,Near East,39.96372,-82.96916,Entire home/apt,182,1,15,2026-06-13,0.68,43,288,4,2022-2283
1216681647463449512,Chic City Retreat 93G,463267531,1470087400930393529,Grand Welcome Ohio Kentucky,,Near East,39.96369,-82.96916,Entire home/apt,135,1,23,2026-06-06,1.06,43,311,13,2022-2283
1216708457801136151,Chic City Retreat 93A,463267531,1470087400930393529,Grand Welcome Ohio Kentucky,,Near East,39.96374,-82.96921,Entire home/apt,172,1,20,2026-05-18,0.88,43,304,9,2022-2283
1216922824790641275,Gleaming Private Bedroom in University District!,15063953,1462953338363736525,Susan And Boris,,Near North/University,40.00112,-82.99908,Private room,60,1,71,2026-06-21,3.09,13,28,44,2024-1710
1216986543875461169,"Chic Urban Stay: 6 Mins to OSU, Short North & DT",15063953,1462953338363736525,Susan And Boris,,Near North/University,40.00214,-82.99706,Private room,60,1,72,2026-06-01,3.18,13,26,42,2024-1710
1217270485141443818,Luxury 1bed1bath w/free parking,572718002,1470552639648340991,LuxuryRentz,,Northwest,40.06574,-83.10367,Entire home/apt,114,30,1,2025-02-28,0.06,2,305,0,
1217290026808589357,6 mins to OSU-Short North-DT| Charming & Cozy BR,15063953,1462953338363736525,Susan And Boris,,Near North/University,40.00153,-82.99882,Private room,60,1,89,2026-05-31,3.89,13,28,40,2024-1710
1217329623631156930,"The District Home-5BR | Near OSU, Short North & DT",15063953,1462953338363736525,Susan And Boris,,Near North/University,40.00151,-82.998,Entire home/apt,258,2,15,2026-05-18,0.66,13,113,3,2024-1710
1217651262399817815,"Sydney - Room near OSU Med Center, Downtown",217660325,1463200571785010328,Jin,,Near North/University,39.99011,-83.00966,Private room,,2,14,2026-04-30,0.61,27,0,3,STRP26000138
1217658678508513348,"Selena - Room near OSU Med Center, Downtown",217660325,1463200571785010328,Jin,,Near North/University,39.99026,-83.01009,Private room,94,1,9,2025-08-17,0.39,27,3,2,STRP26000138
1218202949186300239,Stunning home close to OSU with fenced backyard,401072356,1469840650229167901,Michaelda,,Near East,39.97693,-82.96807,Entire home/apt,89,30,2,2025-07-09,0.15,7,302,1,
1218783887029626353,Near OSU-Short North-DT| 20 Guests | Stylish Home,15063953,1462953338363736525,Susan And Boris,,Near North/University,40.00239,-82.998,Entire home/apt,531,2,27,2026-06-13,1.21,13,352,17,2024-1710
1218840142699168738,Color Therapy  in Columbus,286980818,1469497793353894873,Cheryl,,Near South,39.93867,-82.96748,Entire home/apt,92,30,2,2025-06-01,0.14,48,179,0,2024-0815
1219013238413770274,#8 Merion/German Village Columbus Townhouse,574257396,1470568190536134839,Benjamin,,Near South,39.93802,-82.97169,Entire home/apt,305,1,124,2026-06-14,5.52,12,339,65,2025-1876
1219064257686700189,#7 Merion/German Village Columbus Townhouse,574257396,1470568190536134839,Benjamin,,Near South,39.9396,-82.9718,Entire home/apt,187,1,97,2026-06-09,4.38,12,351,54,2025-1877
1219070222600938205,#6 Merion/German Village Columbus Townhouse,574257396,1470568190536134839,Benjamin,,Near South,39.93898,-82.97209,Entire home/apt,187,1,81,2026-06-10,3.59,12,346,33,2025-1878
1220171668378711959,#5 Merion/German Village Columbus Townhouse,574257396,1470568190536134839,Benjamin,,Near South,39.93875,-82.97214,Entire home/apt,191,1,52,2026-06-13,2.31,12,354,22,2025-1879
1220277794367956087,AG Family Vacation Home,595354829,1463895665870226380,Amanuel,,Eastland/Brice,39.92711617964702,-82.79366100772525,Entire home/apt,311,1,45,2026-06-21,2.18,1,195,27,Exempt
1222361690744559672,Perfect location-Short North home HUGE4-car garage,182197479,1468758062202247834,Austin,,Near North/University,39.9884561,-83.00447319999999,Entire home/apt,684,2,45,2026-06-21,2.02,6,309,20,STRP25000306
1223173560062929966,Downtown Park View Apartment,224493353,1469191732960951699,Dom,,Downtown,39.9593347,-82.99957859999999,Entire home/apt,196,2,77,2026-05-18,3.40,26,316,39,2023-9589
1223974442188532168,Charming 2-Bedroom Townhome,548408900,1470453442362255837,Donald,,Near North/University,40.0089,-83.0023,Entire home/apt,352,2,16,2026-05-18,0.79,2,323,10,2024-2756
1224588459165258772,Luxury 4BR/2BA | Soaking Tub | Fire Pit | Near OSU,4897616,1462537795998172932,Hannah,,Near North/University,40.00913,-82.99738,Entire home/apt,,4,4,2025-11-22,0.19,1,0,2,STRP25000702
1227086222098225463,Oasis Retreat  & Game Room with 4 bedrooms,519270708,1470336508311962941,Ty,,Westland,39.936902978338416,-83.12555897980928,Entire home/apt,237,2,72,2026-06-15,3.26,1,147,37,STRP25000160
1227627633244401454,Classic Charm on Ashland – For 8,463267531,1470087400930393529,Grand Welcome Ohio Kentucky,,West Olentangy,39.99063,-83.04996,Entire home/apt,393,1,37,2026-05-28,1.68,43,314,20,2024-2219
1227650172229809178,Heart of Columbus • In-Unit Laundry • Free Parking,115836608,1462908128595617159,Erich,,South Linden,39.98375,-82.98285,Entire home/apt,209,7,3,2026-05-31,0.80,45,323,3,STRP25000590
1228192639020165624,Columbus Private Room #2|Centrally Loc’d|Peaceful,132894967,1468328426963640298,Chastity,,Eastmoor/Walnut Ridge,39.94405,-82.90389,Private room,,30,0,,,5,0,0,2024-1959
1228231539327567318,Columbus Private Room #1|Centrally Loc’d|Modern,132894967,1468328426963640298,Chastity,,Eastmoor/Walnut Ridge,39.9439,-82.90417,Private room,,2,3,2025-03-02,0.14,5,0,0,2024-1959
1228253034016678639,Columbus Private Room #3|Centrally Loc’d|Peaceful,132894967,1468328426963640298,Chastity,,Eastmoor/Walnut Ridge,39.94262,-82.90515,Private room,,2,2,2025-03-02,0.09,5,0,0,2024-1959
1228308725095848171,Galla House On High Street!,158439641,1468543439958083754,GH Hospitality,,Near North/University,39.9806612,-83.003593,Entire home/apt,535,1,19,2026-05-08,0.91,40,346,4,2024-0779
1228450105166877459,Absolute at Maize,275084618,1463361903759557367,Judy,,Northland,40.064260109033796,-82.98344592118022,Private room,58,2,1,2026-04-19,0.42,21,343,1,2019-1023
1228520081117068948,Short North Corner Studio Loft—Downtown Columbus,116400313,1468193597600247100,Nate,,Near North/University,39.9746755,-83.00346309999999,Entire home/apt,179,2,41,2026-06-08,1.95,26,255,19,2025-2757
1228842996732347091,Pet Friendly Extended Stay Nationwide Children's,17678586,1463026484674038449,Stephanie,,Near South,39.94683,-82.97972,Entire home/apt,72,30,5,2026-03-09,0.25,1,32,1,
1229172110169403267,DowntownColumbus | King | business travel,34396526,1465504630739630712,DCMA Realty LLC,,Near North/University,39.976890148939574,-83.00895522188051,Entire home/apt,394,5,0,,,4,336,0,STRP25000405
1229717242234919774,cul-de-sec home 4BR 3.5 Baths Sleeps 7 Jacuzzi tub,257665734,1469361362414883730,Sunny,,Northland,40.07214426600832,-82.94821835254118,Entire home/apt,320,2,50,2026-06-21,2.57,1,119,32,STRP25000353
1229932422232632838,Columbus Charm 1 Bedroom Cozy Apartment,54606293,1462729337510781661,Nick,,Downtown,39.9598772,-82.9930347,Entire home/apt,165,1,31,2026-06-07,1.52,14,349,15,STRP25000650
1230010939284380986,The Artisan - An Atelier in Nature's Canopy,5487378,1462540862042585082,Simon,,Far Northwest,40.09085,-83.06289,Entire home/apt,260,1,95,2026-06-14,4.36,1,313,53,
1231963902912805707,Short North Urban Retreat 2BR + loft flex space,34396526,1465504630739630712,DCMA Realty LLC,,Near North/University,39.976437,-83.009929,Entire home/apt,,1,17,2026-01-05,0.79,4,0,12,STRP25000405
1232553252956794092,Italian Villa | Short N | Walkable | OSU | Parking,33767309,1465493657234078356,Rob,,Near North/University,39.98509,-83.00188,Entire home/apt,349,1,70,2026-06-21,3.15,1,288,35,2024-2077
1232899598065196052,Sleeps 10 • Chef’s Kitchen • Parking • OSU,476758664,1463793526339500096,John,,Near North/University,39.98696,-83.00114,Entire home/apt,226,1,57,2026-06-05,2.60,7,361,29,STRP26000125
1232987920144268301,Short North Townhome,393556321,1469817224008256607,Stephen,,Near North/University,39.98791,-83.01302,Entire home/apt,452,30,12,2025-05-12,0.61,3,169,0,2023-2024
1233970759494560152,Serene Ridge Retreat – Unwind & Rejuvenate,492168624,1470216159410990440,Nagappan,,Rocky Fork-Blacklick,40.08539180245422,-82.88308893916896,Entire home/apt,504,2,49,2026-06-22,2.65,1,307,33,2024-3107
1234147710625572244,Modern Flat Short North!,194281106,1463106943901266179,Nicole,,Near North/University,39.9863592,-83.0055326,Entire home/apt,146,2,71,2026-06-21,4.37,59,252,54,2024-1023
1234150196215693866,Industrial Flat - Short North,194281106,1463106943901266179,Nicole,,Near North/University,39.98636,-83.00553,Entire home/apt,140,2,100,2026-06-18,4.60,59,290,52,2024-1023
1234152774304772001,Chic 2bd Flat-Victorian Village,194281106,1463106943901266179,Nicole,,Near North/University,39.9843469,-83.01385619999999,Entire home/apt,140,2,112,2026-06-26,5.32,59,255,69,STRP25000586
1234158915107737314,Spacious Vic. Village Townhome,194281106,1463106943901266179,Nicole,,Near North/University,39.9843332,-83.0138844,Entire home/apt,138,2,81,2026-06-19,3.76,59,309,59,STRP25000510
1234729498546566522,Pickleball Paradise near the Zoo,67826667,1466838151405291597,Jordan,,Far Northwest,40.13473,-83.06925,Entire home/apt,246,2,97,2026-06-18,4.40,8,283,57,2024-2410
1236862199214758621,"Rm #2: 15 min from Intel/Meta, & OSU football",75495697,1466927635846260328,⁨William (Scott)⁩,,Rocky Fork-Blacklick,40.06211,-82.87938,Private room,,1,39,2025-11-08,1.76,3,0,13,2024-2213
1237160920431820194,"NEW 4BR Home, downtown, Crew Stadium, OSU.",93942219,1467133581203214085,Jotham,,Hilltop,39.947258101391206,-83.03773701163942,Entire home/apt,107,30,259,2026-06-25,11.75,1,330,110,2023-5118
1237296448452428876,Chic Lux Home heart of village.,15643329,1462967205348821875,Benjamin P,,Near South,39.94707,-82.99086,Entire home/apt,185,1,127,2026-06-26,5.83,3,138,64,2024-2393
1237665181175440281,The Cove: Wellness Retreat & Haven - Sleeps 10,72359678,1462807909465106621,Alon,,Westland,39.9682881,-83.16001609999999,Entire home/apt,347,1,59,2026-06-22,3.07,1,261,33,2024-2793
1238315525577086118,City View Designer • Elevator • Covered Parking,27280979,1465402775111214573,Jesse,,Franklinton,39.95563,-83.01149,Entire home/apt,,30,1,2025-12-01,0.14,22,1,1,
1238315616272586692,Short North 1BR | Near OSU | Garage | Elevator,27280979,1465402775111214573,Jesse,,Near North/University,39.98526,-83.00639,Entire home/apt,,30,0,,,22,1,0,
1238315726460203418,New Albany 2BR | 2-Car Garage | Walk to Dinner,27280979,1465402775111214573,Jesse,,Rocky Fork-Blacklick,40.05943,-82.84527,Entire home/apt,,30,1,2025-12-31,0.16,22,1,1,
1238315787694543840,Luxury 1BR Penthouse | Secure Parking | Elevator,27280979,1465402775111214573,Jesse,,Downtown,39.96176,-82.98807,Entire home/apt,,30,0,,,22,124,0,
1238460345739772382,Spacious 4 BED Home Close to Everything,650218711,1470636062325369224,Pavel,,Northland,40.08018,-82.96353,Entire home/apt,230,2,35,2026-06-20,1.61,1,347,14,STRP25000343
1238524914468885569,Gorgeous Studio with Patio,401072356,1469840650229167901,Michaelda,,Far East,39.94211,-82.8446,Entire home/apt,,30,2,2025-09-01,0.12,7,0,1,
1239322633210513902,4-Bedroom Home in Vic Village,431344669,1469953247421664960,Jesse,,Near North/University,39.98585,-83.01173,Entire home/apt,,2,41,2026-05-24,1.88,7,0,17,2024-2460
1240499976567109966,Stylish Glam 2BD Apt,235497311,1469253643263290319,⁨Marc (TailwindSTR)⁩,,Near South,39.95298,-82.98977,Entire home/apt,145,2,23,2026-06-08,1.10,19,88,16,2024-1135
1240569893503070367,"2bd Loft, King Bds, by Starbucks",235497311,1469253643263290319,⁨Marc (TailwindSTR)⁩,,Near South,39.95174,-82.9889,Entire home/apt,106,2,30,2026-05-01,1.49,19,150,18,2024-1139
1240590107729053464,Bohemian Style Apt in Downtown,235497311,1469253643263290319,⁨Marc (TailwindSTR)⁩,,Near South,39.95303,-82.98855,Entire home/apt,102,2,49,2026-06-26,2.28,19,150,21,2024-1141
1242743909786318730,Impossible Mission Suite,478747799,1470156859735472947,Anthony,,Far East,39.98035,-82.81093,Private room,115,1,18,2026-05-29,1.29,1,84,16,2025-1050
1243547284019337384,Short North Backyard Paradise + Hot & Cold Tubs,29985279,1465441768037177893,Julie,,Near North/University,39.97887920320037,-83.01282548599846,Entire home/apt,,1,9,2026-06-14,0.93,1,128,9,2024-2805
1243615228646419668,Chic City Retreat 93E,463267531,1470087400930393529,Grand Welcome Ohio Kentucky,,Near East,39.96376,-82.96923,Entire home/apt,182,1,33,2026-06-22,1.57,43,316,15,2022-2283
1244198585672202193,The Pop Fusion Pad in Short North,158439641,1468543439958083754,GH Hospitality,,Near North/University,39.975604,-83.00183299999999,Entire home/apt,277,1,42,2026-06-07,2.32,40,327,32,STRP25000583
1244241198503940317,Simply 1Bd Between Airport and Downtown,235497311,1469253643263290319,⁨Marc (TailwindSTR)⁩,,Eastmoor/Walnut Ridge,39.95527,-82.92352,Entire home/apt,90,2,21,2026-06-16,1.02,19,88,13,STRP25000243
1245140233983884772,The Indiana Stunner,519443040,1470337278875216471,Houspitality,,Near North/University,40.0122939,-83.00157779999999,Entire home/apt,926,1,14,2025-09-23,0.68,7,333,3,2024-2229
1245684437430111756,Cozy Home Away From Home,273423825,1469442967712021225,Kayleigh,,West Scioto,39.98217210903332,-83.09158053967813,Entire home/apt,357,2,15,2026-06-14,0.77,1,12,7,2024-3027
1245824219281862156,Urban Nest + FREE Parking + Gym,275645688,1469453886523579844,Andora,,Near East,39.96737359999999,-82.95805229999999,Entire home/apt,113,30,0,,,4,57,0,2024-0911
1246457767985466101,#4 Merion/German Village Columbus Townhouse,574257396,1470568190536134839,Benjamin,,Near South,39.93965,-82.97165,Entire home/apt,191,1,98,2026-06-12,4.64,12,358,49,2025-1872
1246465055730947715,#3 Merion/German Village Columbus Townhouse,574257396,1470568190536134839,Benjamin,,Near South,39.9379,-82.97312,Entire home/apt,189,1,92,2026-06-14,4.36,12,355,54,2025-1873
1247095027461672812,12-Guest Vic Village Retreat w/ Free Parking,115836608,1462908128595617159,Erich,,Near North/University,39.98058,-83.00925,Entire home/apt,528,2,31,2026-05-25,1.44,45,224,13,2019-1914
1247190958310284457,Two Bedrooms Two Tenant,540646938,1470423046896538176,Josephine,,Near North/University,40.017247655717256,-83.01486481183974,Private room,,90,0,,,1,90,0,
1248483416016603390,German Village Bungalow,463267531,1470087400930393529,Grand Welcome Ohio Kentucky,,Near South,39.93721,-82.99508,Entire home/apt,128,1,61,2026-06-14,2.90,43,295,34,2024-1366
1248636809783094360,The Yellowstone - Private Home Near OSU,90062227,1467090237542466069,Sam,,Near North/University,40.00982366038203,-83.00561486174041,Entire home/apt,237,2,70,2026-06-26,3.26,19,329,35,2026-2292
1249233028844334066,Charming Studio by Children's Hospital!,104032520,1467248938308172976,Zari,,Near South,39.94291,-82.9829,Entire home/apt,73,30,6,2026-04-24,0.30,11,145,2,
1249523017649499570,Spacious Historic Cottage w/ Sunroom-Mins Downtown,57247068,1462736721555938266,Rue,,Hilltop,39.9514893796253,-83.07875358774088,Entire home/apt,255,30,17,2026-04-24,0.84,1,184,3,2025-1385
1250175151054754759,Remodel Studio Near German Village!,104032520,1467248938308172976,Zari,,Near South,39.94291,-82.9829,Entire home/apt,73,30,1,2024-11-22,0.05,11,328,0,
1251077493825578278,Solace On the Hill  by TyKen - Mins to CMH/DTWN CO,227523566,1469211396330524003,Tyken Real Estate,,South Linden,40.000943703802534,-82.94071254497902,Entire home/apt,136,30,2,2025-10-05,0.18,4,89,2,2024-2899
1252278797889979831,Gorgeous 2 bedroom close to OSU,653664568,1470643308520275694,Prince,,Near North/University,39.99705491601861,-82.99583654055048,Entire home/apt,72,30,1,2026-05-05,0.54,6,256,1,
1252944433722579541,Wilber B - Victorian Village | Free Parking | OSU,432234139,1467704638516686531,Sara,,Near North/University,39.9796456,-83.012582,Entire home/apt,106,30,3,2025-12-20,0.17,71,265,2,
1253198163692079657,Chic City Retreat 93F,463267531,1470087400930393529,Grand Welcome Ohio Kentucky,,Near East,39.96372,-82.96913,Entire home/apt,125,1,12,2026-06-19,0.58,43,286,3,2022-2283
1253201996952993090,Merion Village Residences Suites,463267531,1470087400930393529,Grand Welcome Ohio Kentucky,,Near South,39.93835,-82.99566,Entire home/apt,943,1,12,2026-04-19,0.61,43,271,5,2023-3591
1253206728270830757,Merion Village Residences 1164,463267531,1470087400930393529,Grand Welcome Ohio Kentucky,,Near South,39.93838,-82.99587,Entire home/apt,264,1,29,2026-06-19,1.49,43,279,19,2023-3591
1253212523637121355,Merion Village Residences 1166,463267531,1470087400930393529,Grand Welcome Ohio Kentucky,,Near South,39.93831,-82.99587,Entire home/apt,177,1,13,2026-05-05,0.62,43,315,6,2023-3591
1253215278737988714,Merion Village Residences 1166.5,463267531,1470087400930393529,Grand Welcome Ohio Kentucky,,Near South,39.93831,-82.99574,Entire home/apt,257,1,23,2026-05-16,1.15,43,313,10,2023-3591
1253488843241254676,Downtown | Sleeps 10 | Parking | Hot Tub,390089294,1468722721823294155,Traverse,,Near South,39.95032,-82.9721,Entire home/apt,213,2,8,2026-06-06,0.59,6,360,6,STRP26000465
1253601360041229500,2 Bedroom Apt near North OSU,125226121,1468262686720871869,Alexandra,,Near North/University,40.0170286646867,-83.01494675899126,Entire home/apt,28,90,4,2025-12-20,0.20,3,233,2,
1253813100537156503,Downtown Columbus | Sleeps 16 | Spacious + Arcades,117626724,1468203408776627664,Jared,,Near South,39.948056324739426,-82.97987072626678,Entire home/apt,310,30,114,2026-06-14,5.36,4,326,58,2026-1242
1255081223532401139,Modern Central 2BR Home FreePkng,543562694,1470434665223778821,C,,North Linden,40.01372906171393,-82.96599829168979,Entire home/apt,98,30,1,2024-11-03,0.05,4,333,0,2022-1450
1255936220810930664,Comfy Room Near OSU & Downtown,37853441,1465566431372072356,Azar,,Near East,39.97229177051188,-82.95703325770558,Private room,69,5,27,2026-05-02,1.28,15,267,11,STRP25000365
1255947025939139336,Cozy room near Franklin Park,37853441,1465566431372072356,Azar,,Near East,39.9710630147947,-82.95778954563693,Private room,56,5,21,2026-06-21,1.00,15,253,12,STRP25000365
1255973709932876160,#2 Merion/German Village Columbus Townhouse,574257396,1470568190536134839,Benjamin,,Near South,39.93814232212538,-82.9723739349771,Entire home/apt,189,1,86,2026-06-01,4.08,12,352,57,2025-1874
1256586781906206699,"Private Home GYM, N. Central Close to OSU, Dwntwn",76614204,1466939402474998552,Jennifer,,North Linden,40.03039513782752,-82.98539731464822,Entire home/apt,104,30,7,2026-06-19,0.38,4,258,5,
1257149598261901949,King 1BR |1 Parking+Gym|5 min to Columbus Downtown,314699866,1469593483997356027,Trish,,Near East,39.9570487,-82.96786580000001,Entire home/apt,140,1,67,2026-05-29,3.22,6,361,34,2024-2692
1257305423995959222,Hilliard Oasis: 3BR/2BA sleeps 9,254188364,1469345931096293963,Arman,,Far West,40.00853,-83.14678,Entire home/apt,256,2,63,2026-06-28,3.84,4,343,50,Strp26000489
1257325427493969128,Grove City Oasis: 3BR/2 car garage/Sleeps 9,254188364,1469345931096293963,Arman,,Westland,39.90846,-83.10541,Entire home/apt,440,2,40,2026-05-17,2.06,4,321,20,2024-3121
1257334274937331536,Spacious 3 Bedroom near OSU and High St.,453019578,1470038730828227920,Tom,,Near North/University,39.990648,-83.003523,Entire home/apt,242,1,48,2026-06-17,2.33,63,10,29,STRP26000420
1257344556416955479,The Luxe Pearl Residences 870,463267531,1470087400930393529,Grand Welcome Ohio Kentucky,,Near North/University,39.98021,-83.00345,Entire home/apt,199,1,44,2026-06-10,2.13,43,306,20,2023-2904
1257347515573052975,The Luxe Pearl Residences 870.5,463267531,1470087400930393529,Grand Welcome Ohio Kentucky,,Near North/University,39.98022,-83.00331,Entire home/apt,190,1,37,2026-06-21,1.76,43,285,17,2023-2906
1257429685336632318,Clintonville Art House- Quarter Horse Congress GEM,14037717,1462929055892070658,Brandy,,Clintonville,40.03957,-83.01398,Entire home/apt,400,2,12,2025-10-05,0.57,3,48,6,2022-3274
1258314447456147443,Spacious Bedroom with King Bed & Private Bath,37853441,1465566431372072356,Azar,,Near East,39.97139318592313,-82.95598290856648,Private room,67,5,30,2026-05-18,1.42,15,245,11,2024-2787
1258604207410422406,#1 Merion/German Village Townhouse,574257396,1470568190536134839,Benjamin,,Near South,39.937645155900576,-82.9721022396252,Entire home/apt,187,1,61,2026-05-24,2.92,12,319,25,2025-1875
1258666748235155674,Stylish Walk-Up Near Downtown!,158439641,1468543439958083754,GH Hospitality,,Near East,39.9686936,-82.9664061,Entire home/apt,200,1,6,2026-05-17,0.29,40,323,2,2024-3304
1261133480197101763,The Jungle Room Studio Retreat,254584559,1469347928276891175,Suzanne,,South Linden,39.98487579832971,-82.97150065018049,Private room,,30,0,,,4,0,0,
1261852232886599468,townhome near ohio state fair,652301860,1463900582595103400,Ronny,,South Linden,40.00494,-82.97641,Entire home/apt,104,7,16,2026-06-16,0.86,1,318,12,2024-2288
1262562023790342380,8 Mi to Downtown: Pet-Friendly Columbus Home,456513928,1467695476215770400,Evolve,,Northland,40.06676921471955,-82.9266807215095,Entire home/apt,327,2,14,2026-06-21,0.69,9,272,7,2024-1957
1263148756877427566,208 - Apt near OSU | Gym Access & Free Parking,432234139,1467704638516686531,Sara,,Northwest,40.055562345525274,-83.03457662083423,Entire home/apt,92,30,1,2026-05-20,0.73,71,321,1,
1263866310427386655,Dublin Oasis,386873307,1469796608845072224,Roamin' Quarters LLC,,Downtown,39.95630051378881,-82.99375732820977,Entire home/apt,121,30,1,2025-03-27,0.07,6,210,0,
1264593597041850560,Studio near High St,453019578,1470038730828227920,Tom,,Near North/University,39.9981222,-83.00638409999999,Entire home/apt,171,1,40,2026-06-22,2.06,63,12,32,2023-4734
1265294726416328421,Modern 1BR/1BA Comfort in Columbus,314699866,1469593483997356027,Trish,,Near East,39.95821825650019,-82.96733343441576,Entire home/apt,168,1,72,2026-06-09,3.52,6,359,46,2024-2693
1265294987779064917,Cozy 1BR/1BA Urban Retreat in Columbus,314699866,1469593483997356027,Trish,,Near East,39.95822021174674,-82.96864534224368,Entire home/apt,123,1,62,2026-06-14,3.01,6,358,31,2024-2695
1266015788418011429,Chic 1BR/1BA Haven in Columbus,314699866,1469593483997356027,Trish,,Near East,39.95755328856854,-82.96731794810225,Entire home/apt,119,1,52,2026-05-21,2.54,6,364,32,2024-2691
1266035026286900057,Top Floor Downtown Condo & FREE Parking,21788252,1463164013124939712,Bradford,,Downtown,39.970838251864805,-83.00232254952108,Entire home/apt,97,30,3,2025-10-17,0.16,1,241,2,
1267067227206077637,Stylish 4BR 3bth Home w/ Game Room– old town East,120274099,1468224209320348922,Mo,,Near East,39.9574454,-82.9716827,Entire home/apt,335,2,9,2026-06-08,0.47,2,310,6,2024-2924
1267098269586697332,Charming 4BR New Home Columbus With Garage Parking,519743392,1470338570445329996,Claude,,South Linden,39.99955,-82.96214,Entire home/apt,509,1,23,2026-05-31,1.16,2,304,13,2024-2235
1267462806405889938,Olde Towne East Whole Apartment,286980818,1469497793353894873,Cheryl,,Near East,39.95917822128539,-82.95663309196735,Entire home/apt,75,30,2,2025-09-18,0.19,48,281,2,2024-3104
1267513649428955429,"Golden Grove Retreat, 2 Bed Home",57801039,1466692961904753376,Joshua,,Franklinton,39.960757121126996,-83.03363573676765,Entire home/apt,335,1,36,2026-06-14,2.23,1,148,26,2025-1377
1267538775362775509,Stunning 2-Bed in Grandview,453019578,1470038730828227920,Tom,,West Olentangy,39.9879922,-83.0333359,Entire home/apt,202,1,55,2026-06-26,3.40,63,170,45,STRP26000364
1267546891611835367,Stylish 2 bedroom with Pool and Hot Tub,453019578,1470038730828227920,Tom,,West Olentangy,39.9880784,-83.0325291,Entire home/apt,202,1,74,2026-06-25,3.95,63,166,52,2022-1998
1267563348061515928,Luxury 2 Bed with a loft,453019578,1470038730828227920,Tom,,West Olentangy,39.9880784,-83.0325291,Entire home/apt,252,1,55,2026-06-26,3.03,63,159,39,STRP26000374
1267684662512497483,New Urban Studio Getaway!,104032520,1467248938308172976,Zari,,Near South,39.94291,-82.9829,Entire home/apt,,30,3,2026-02-11,0.16,11,232,2,
1267704345217443342,Cozy Studio close to downtown!,104032520,1467248938308172976,Zari,,Near South,39.9418,-82.98258,Entire home/apt,79,30,10,2026-04-04,0.52,11,238,7,
1268127561700560558,Happily Ever Astor - Modern|Ranch|Patio|Garage,432234139,1467704638516686531,Sara,,Eastmoor/Walnut Ridge,39.95190138041159,-82.91904343757896,Entire home/apt,,30,3,2026-03-07,0.16,71,318,2,
1268167027898787627,Stylish 2 Bedroom With Pool,453019578,1470038730828227920,Tom,,West Olentangy,39.9880784,-83.0325291,Entire home/apt,,1,82,2026-06-18,4.43,63,0,57,STRP26000361
1268254969086782869,"Studio w/ Garage and Driveway Parking, N. Central",76614204,1466939402474998552,Jennifer,,North Linden,40.02860350216093,-82.98684811736058,Entire home/apt,107,30,0,,,4,348,0,
1268433757528980197,Cozy Room with private bathroom,37853441,1465566431372072356,Azar,,Near East,39.972812255012045,-82.95603616523023,Private room,68,6,20,2026-05-18,0.98,15,6,12,STRP25000364
1268506948189394055,"Cozy Renovated 19th Century Home, 5 Min to Osu!",657191903,1470651102959624631,Paula Goins,,Near East,39.9747,-82.9816,Entire home/apt,275,2,3,2026-06-14,0.34,1,34,3,2024-2632
1268819118581522046,Sleeps 12!  Modern house +Arcade w/Large  Backyard,453711433,1470041421803682612,Goose Fox LLC,,North Linden,40.02386,-82.96468,Entire home/apt,199,2,25,2026-06-14,1.23,18,249,14,STRP25000342
1268974986598224146,An Ode to Albert Einstein,286980818,1469497793353894873,Cheryl,,South Linden,39.999594206900184,-82.97428552291773,Entire home/apt,77,30,6,2026-02-03,0.31,48,303,4,
1268982874181334276,Red House on the Left,286980818,1469497793353894873,Cheryl,,Near East,39.95415047222156,-82.9704010340834,Entire home/apt,71,30,1,2026-03-10,0.27,48,286,1,
1270254105103554745,Private Room on Main Near Bexley 34,39662644,1462682190609064553,Paul,,Eastmoor/Walnut Ridge,39.95560697431063,-82.91620026078596,Private room,97,1,4,2025-09-23,0.21,15,174,1,2024-2982
1270345372780929704,It's a duplex,657701111,1463908290108159097,Adan,,North Linden,40.02482766587276,-82.96281187138969,Entire home/apt,3025,1,2,2025-03-29,0.13,1,365,0,2024-3054
1271023335118716842,Ohio state | Cozy 1bd Apt| parking,235497311,1469253643263290319,⁨Marc (TailwindSTR)⁩,,Near North/University,39.995912525445085,-83.00707953297403,Entire home/apt,93,2,22,2026-06-14,1.13,19,16,5,2022-2155
1271045320203631158,Welcome to our spacious home!,363937156,1469731546230242403,Foday,,Near South,39.940583062761974,-82.9650414331164,Entire home/apt,87,30,2,2024-11-21,0.10,1,335,0,2024-3062
1272823655914353795,Downtown Luxury with a View!,658356789,1470653608167523576,Items,,Downtown,39.9584123,-82.9996239,Entire home/apt,144,30,3,2025-03-02,0.15,1,270,0,2024-5298
1273261612848855504,7 Bed - Urban Hot Tub Oasis near OSU & Short North,99137257,1467192067376362074,Charles,,Near North/University,39.9887632,-83.00354050000001,Entire home/apt,229,1,73,2026-06-12,3.79,6,298,48,2024-2838
1273330172899107742,Charming 2 Bedroom Condo in Victorian Village!,92790263,1467121276398700602,Kim,,Near North/University,39.9783869,-83.0142959,Entire home/apt,103,30,0,,,1,55,0,2025-1076
1273334594795866455,Private carriage house suite 1br 1ba full kitchen,556849390,1463878866365628123,Bobby,,Near East,39.967057370491204,-82.97383799406391,Entire home/apt,95,30,44,2025-08-11,2.16,1,365,10,2024-2796
1273766019815794690,6-Bedroom Affordable Co-Living OSU & Downtown,462438220,1470083437502067912,Exquisite Rentals,,North Linden,40.01441206648628,-82.9601813078178,Entire home/apt,286,30,5,2025-11-16,0.50,2,163,5,2024-2559
1273977678225435398,The Simmons House,487591358,1470194385526527812,Emily,,Near North/University,39.98383570913163,-83.00421819090843,Entire home/apt,268,30,0,,,1,365,0,
1274022336682983820,Pro Designed | King Bed | Fireplace | Dogs OK,120989543,1468229836971229285,Evan,,Clintonville,40.07022,-83.01839,Entire home/apt,272,2,53,2026-06-07,2.60,17,327,28,2025-0053
1274746768975424941,"3B/1.5B quiet, safe, ranch",24501011,1465305408275905515,Abigael,,Hilltop,39.93450598745676,-83.10356779974157,Entire home/apt,121,30,3,2025-03-13,0.16,1,331,0,
1274858700599245521,Family-Friendly 5BR Home w/ Private Spa,115836608,1462908128595617159,Erich,,Near East,39.95940791345172,-82.97830055213329,Entire home/apt,326,30,23,2026-06-15,1.27,45,329,13,STRP26000309
1274858747075156078,OSU Worker Hub—Studio w/ Parking,115836608,1462908128595617159,Erich,,Near North/University,39.992022918074795,-83.01472623807055,Entire home/apt,137,2,26,2026-06-14,1.27,45,353,17,2025-2440
1274957651972422643,Harrison West Brick| 5 BR w/ extra beds,498509260,1470242369503230465,Benjamin,,Near North/University,39.9836772,-83.0149655,Entire home/apt,495,1,16,2026-06-21,0.81,11,172,11,STRP26000377
1275430414866341635,Family-Friendly Home | Downtown Location + Garage!,259386526,1463322202987266368,Griffin,,Near South,39.936228829295295,-82.98630020775428,Entire home/apt,215,1,55,2026-06-12,2.73,19,166,16,STRP26000449
1275480252375993209,30 Nights • Stylish Stay • Pets & Parking,115836608,1462908128595617159,Erich,,Near East,39.96311821931666,-82.96614563705192,Entire home/apt,88,30,4,2026-04-03,0.27,45,273,3,
1275513500303890442,30 Nights • Pet-Friendly Apartment Near Park,115836608,1462908128595617159,Erich,,Near East,39.96378682986325,-82.96812228631804,Entire home/apt,101,30,7,2026-05-06,0.43,45,271,4,
1275539816332064950,Near Downtown • Free Parking • High-Speed WiFi,115836608,1462908128595617159,Erich,,South Linden,39.98485876698518,-82.98489247851973,Entire home/apt,172,21,7,2026-05-18,0.51,45,241,6,STRP25000589
1276180214691543110,Buckeye Bliss • Sleeps 7 • Fire Pit • Parking,82863880,1467004390224991124,Katie,,Near North/University,39.99551,-82.99706,Entire home/apt,,2,15,2025-12-05,0.74,2,0,2,STRP25000288
1277559297251627119,"Cozy Escape: Retreat Near Airport, OSU & More!",659398895,1470655949887380740,Fleecie Yvette,,South Linden,39.9846707,-82.94362369999999,Entire home/apt,229,1,166,2026-06-28,9.71,1,322,132,2025-1051
1277889206223498930,Our Sweet Retreat- Your America 250 Headquarters!,659487491,1470656129303709791,Andrew,,Far Northwest,40.112615399434354,-83.07843162629402,Entire home/apt,207,2,14,2026-06-19,0.89,1,58,10,2025-1047
1277943254779115217,Northern Valley - Updated|2BD|Garage|Westerville,432234139,1467704638516686531,Sara,,Northland,40.09510995741891,-82.94315035455351,Entire home/apt,,30,2,2026-06-13,0.18,71,326,2,
1278247378246802321,Sycamore Cottage,180788653,1468745096397346932,Melissa,,Near South,39.94897316433511,-82.99383308095092,Entire home/apt,347,1,31,2025-12-26,1.60,1,70,17,STRP25000572
1278305361123287448,Victorian in Franklin Park,40026410,1465597227757038622,Jamie,,Near East,39.962362829303636,-82.95614218344478,Entire home/apt,262,2,43,2026-06-14,2.21,3,330,26,2024-2304
1279207909820670464,Chic City Retreat 97,463267531,1470087400930393529,Grand Welcome Ohio Kentucky,,Near East,39.9637081,-82.9691546,Entire home/apt,182,1,18,2026-06-21,0.93,43,345,11,2022-2283
1279954721677380122,Spacious Columbus Retreat: Activities+Games Galore,278603588,1469467513470800627,Kyle,,Northwest,40.069735393014994,-83.05857299280187,Entire home/apt,228,2,42,2026-06-14,2.12,1,339,18,2024-3122
1280084366612259259,The Franklinton Farmhouse- 4 Bedrooms,508106152,1470284064862256974,Benjamin Alan Dixon,,Franklinton,39.9583467,-83.02548929999999,Entire home/apt,438,1,17,2026-05-18,0.85,23,358,6,STRP25000137
1280488937840513634,Yellow Suite Retreat,145371682,1468428991541213643,Paul,,Hilltop,39.956467149675895,-83.07223128869033,Entire home/apt,286,2,20,2026-06-14,1.01,1,179,4,2024-3029
1280553201170451789,Charming Grandview Close to OSU,16528376,1462988806337413776,Jenean,,West Olentangy,39.991272807182355,-83.04377733199121,Entire home/apt,86,30,3,2025-05-31,0.18,7,288,0,
1282123744236205542,"Saige - Room near OSU Med Center, Downtown",217660325,1463200571785010328,Jin,,Near North/University,39.991883014054125,-83.00834368056822,Private room,74,2,24,2026-04-18,1.23,27,11,15,STRP26000138
1282692569014754058,Lincoln Locale,72216518,1466892189687666062,John,,Near North/University,39.97708,-83.00114,Entire home/apt,555,1,52,2026-06-14,2.71,3,352,32,2024-1607
1283667461454677382,Modern Manor in Historic German Village,343587333,1469677222591410371,Kiara,,Near South,39.9468776,-82.9969012,Entire home/apt,167,30,7,2025-09-28,0.36,1,359,3,2024-3152
1283841043697824321,House Of Infinity •,42490267,1465631599539951760,Sydney,,Near North/University,39.97973627627944,-83.01133375614882,Entire home/apt,557,1,37,2026-05-31,2.00,1,243,24,2024-3200
1284799974067017678,"modern 
GUEST HOUSE
(Garage Parking)",387663101,1463585490678733194,Kevin,,Northeast,39.984706829139085,-82.92863104512804,Entire home/apt,126,1,160,2026-06-27,9.94,1,68,133,2024-3440
1285465574527916110,Cute & Cozy Studio • Near OSU + Free Parking,115836608,1462908128595617159,Erich,,Near North/University,39.99321041165442,-83.0112785109093,Entire home/apt,141,2,14,2026-06-14,1.26,45,356,14,STRP26000310
1285525826535210660,Chic City Retreat 93I,463267531,1470087400930393529,Grand Welcome Ohio Kentucky,,Near East,39.9637081,-82.9691546,Entire home/apt,182,1,23,2026-06-14,1.19,43,321,7,2022-2283
1285526733913271096,Spacious four-Level Duplex with 2 Queen- bedrooms,16882528,1462997214084397735,Sab,,Eastland/Brice,39.919246,-82.8137074,Entire home/apt,228,3,50,2026-05-25,2.58,1,121,25,2023-5341
1286604937598390829,"3 Bedroom in 
Downtown Columbus",110554323,1467336885963998388,Maria,,Near North/University,39.9799283,-83.00713909999999,Entire home/apt,269,1,50,2026-06-27,2.96,1,290,41,2024-3177
1287113724250391217,Miss Eileen’s House! Luxury 3BDR Home in Columbus!,573177862,1470554199035000429,Shari,,Near East,39.96169984268029,-82.9670818542123,Entire home/apt,334,2,23,2026-06-14,1.20,1,220,17,2024-3137
1287711806830342570,Quaint Gem in German Village | Free Street Parking,15643329,1462967205348821875,Benjamin P,,Near South,39.94839,-82.99253,Entire home/apt,217,1,116,2026-06-27,6.08,3,151,65,2024-2392
1288598018846335115,"New Studio, Children's Hospital! Sleeps 4.",104032520,1467248938308172976,Zari,,Near South,39.9429066,-82.9829022,Entire home/apt,72,30,2,2025-06-07,0.14,11,249,0,
1289126597124447913,Cozy Cbus Condo,434709396,1469966874874501117,Angel,,Far North,40.12054768192729,-82.99624987553251,Entire home/apt,,30,0,,,1,330,0,
1289359670228799341,2 Bed Cozy Columbus Escape,286980818,1469497793353894873,Cheryl,,Franklinton,39.9608241,-83.04321089999999,Entire home/apt,85,30,6,2026-05-03,0.43,48,312,5,
1289797334473952412,Central • Updated • Fireplace • Garage,338195933,1469657573469188339,Kyle,,Far North,40.134602403926046,-83.0215875128377,Entire home/apt,219,2,38,2026-06-12,2.05,5,242,25,2024-3355
1289899151176879282,3 Bedroom Cottage in The Heart of Clintonville,383345181,1469785869446726350,Thomas,,Clintonville,40.039078639288654,-83.01048424511026,Entire home/apt,201,30,1,2026-01-01,0.17,2,324,1,
1290119793100575508,Columbus Comfort & Charm!,286980818,1469497793353894873,Cheryl,,Near South,39.9481363,-82.9791923,Entire home/apt,81,30,2,2025-11-17,0.15,48,345,1,
1290544023214076390,Quaint Gem in German Village | King Suite,15643329,1462967205348821875,Benjamin P,,Near South,39.9473863,-82.9922922,Entire home/apt,221,1,133,2026-06-28,6.84,3,155,83,2024-2394
1290844444686247182,"Prime Spot! Firepit, 3 Kings, OSU/Short North",662384267,1470662689032933745,Jason,,Near North/University,39.9861779,-83.009805,Entire home/apt,350,1,99,2026-06-28,6.36,2,323,82,2025-1078
1291319885854966870,Space Camp Barcade Ranch,90062227,1467090237542466069,Sam,,Far South,39.88062972143694,-82.98517329360692,Entire home/apt,483,2,43,2026-04-26,2.19,19,270,20,2026-0685
1291508914095004228,Lovely 5Br with Pool Table in Olde Town East,662515578,1463914734190478164,Chubby Acorn,,Near East,39.95513052822028,-82.96620192070263,Entire home/apt,388,2,27,2026-05-31,1.75,2,147,24,2024-2318
1292873220408162229,Dublin Vino Retreat: Sip & Stay!,286980818,1469497793353894873,Cheryl,,Northwest,40.0875472,-83.0968049,Entire home/apt,82,30,3,2026-05-17,0.28,48,208,3,
1293587862009001620,Clintonville Charm,463267531,1470087400930393529,Grand Welcome Ohio Kentucky,,Clintonville,40.0243323,-83.0040964,Entire home/apt,347,1,18,2026-06-21,0.98,43,304,11,2024-2479
1293608501804096858,La Dolce Vita Retreat w Hot Tub,463267531,1470087400930393529,Grand Welcome Ohio Kentucky,,Near North/University,39.9811682,-83.00291899999999,Entire home/apt,370,1,41,2026-06-21,2.16,43,311,17,2024-1017
1293638777616046034,"Walk to Convention Center, Secured Apt in Columbus",456513928,1467695476215770400,Evolve,,Near North/University,39.97467752697899,-83.00346377439847,Entire home/apt,125,2,38,2026-05-11,1.98,9,320,22,2024-3058
1294198592667945276,Scholars Haven - Close to OSU!,463267531,1470087400930393529,Grand Welcome Ohio Kentucky,,Near North/University,40.0092084,-83.0018228,Entire home/apt,289,1,35,2026-05-29,1.89,43,292,23,2024-2480
1294366892696725508,Modern Comfort & 2-Car Garage,52174539,1465836807997101830,Kate & Nat,,Near South,39.9451637,-82.9838879,Entire home/apt,222,2,29,2026-06-09,2.00,21,252,24,2025-1906
1294511504589503277,German Village Getaway w/ Courtyard near Downtown,53439725,1465868987581686136,Ashley,,Near South,39.9470314,-82.9901151,Entire home/apt,210,1,131,2026-06-23,7.15,1,154,84,2024-3349
1295117187171752517,The City Cabin - Unique and Historic!,443246026,1469999381313222718,Nsr,,Near North/University,40.0078098,-83.00826119999999,Entire home/apt,239,2,23,2026-06-14,1.19,11,362,11,STRP25000001
1295175152921313891,"Near German Village | Modern 4BR, 4 Ensuite Baths",539902397,1470420141743692285,Rebecca,,Near South,39.9369871,-82.9760474,Entire home/apt,174,30,3,2026-05-08,0.18,4,334,2,
1295740471619994770,The Restful Roost w Hot Tub,463267531,1470087400930393529,Grand Welcome Ohio Kentucky,,Near South,39.95091,-82.9736403,Entire home/apt,283,2,20,2025-11-09,1.05,43,324,2,2024-2478
1295858735633035244,Brand New Guest Suite in Clintonville Home,280003,1462514561494966113,Ryan,,Clintonville,40.0277253,-82.9985107,Entire home/apt,93,1,155,2026-07-01,8.00,1,14,109,2024-3184
1296039119169274383,"Home Sweet Home-3 Bed Rooms, 4 Guesses",590798482,1463893393028423203,Andrew,,Northland,40.0980794806701,-82.95891169600893,Entire home/apt,291,2,19,2026-05-10,0.99,2,335,11,2024-2305
1298044461261912381,"Designer 4BR | Fire Pit, Fenced Yard, Pet friendly",487020630,1463817950400730559,Sara Beth,,Near North/University,40.01560400129615,-82.99803053331135,Entire home/apt,251,1,36,2026-06-07,1.95,7,339,23,STRP25000502
1298326552765505058,Cozy 2BR Stay + Steps to OSU + North,432234139,1467704638516686531,Sara,,Near North/University,40.004,-82.99838,Entire home/apt,92,30,3,2025-12-20,0.16,71,339,2,
1298340167150070453,Denney at the Quad- 2BR|1BA|North Campus|OSU,432234139,1467704638516686531,Sara,,Near North/University,40.00453,-82.99853,Entire home/apt,92,30,3,2026-04-30,0.21,71,332,2,
1298663713050902654,Brand New Renovation- 5 bedroom 4 full bath,284785,1462514687732816190,Angela,,Near East,39.9587829,-82.9710185,Entire home/apt,,30,0,,,1,0,0,
1298830367035463162,1st Floor -Entire Floor- 2bd/1bth & Washer/Dryer,662060968,1470661959809831838,John,,Near North/University,40.01684,-83.01335,Entire home/apt,117,30,0,,,1,331,0,
1298908962625487680,Modern & Sleek 3bd Corporate Home: Fully Equipped,20950146,1463142800131473260,Christianah,,South Linden,40.0090483423072,-82.93759273321692,Entire home/apt,,30,0,,,1,2,0,
1300804515009413851,• Oslo Oasis •,89119768,1467080681258526373,Sarah,,West Olentangy,40.02528,-83.04093,Entire home/apt,315,1,40,2026-06-14,2.75,19,180,35,2025-1064
1300841077326241004,Urban Chic in the Heart of Columbus,224493353,1469191732960951699,Dom,,Near North/University,39.9843919,-83.0051939,Entire home/apt,145,2,70,2026-06-17,3.70,26,303,54,2025-1029
1303777677403974443,Private Room in Luxury Condo,665261381,1470669310669135170,Stephanie,,Near East,39.96793554528552,-82.97476049538969,Private room,57,30,0,,,1,237,0,
1303910019838482598,4BR Near Downtown | Pool Table + Free Parking,662515578,1463914734190478164,Chubby Acorn,,Franklinton,39.95746287382911,-83.03544209345857,Entire home/apt,358,2,15,2026-06-02,0.97,2,151,13,2024-2931
1304224666907587381,Cottage Rose,665354525,1470669511435638928,Corey,,Near South,39.946616347022875,-82.99213754602728,Entire home/apt,208,1,72,2026-06-25,4.97,1,255,61,2025-1400
1305358536081562863,"Clintonville Retreat • Fireplace, Games • Near OSU",559094147,1470499732148456736,Rineeth,,Clintonville,40.042886414297975,-83.00157788462674,Entire home/apt,327,1,191,2026-06-24,10.14,1,275,116,STRP25000188
1305777694354508868,Luxury Inspired Private Room,582013052,1470591233605291401,Denise,,Far East,39.96323740789445,-82.84273759172798,Private room,75,2,5,2026-03-22,0.41,1,89,5,2025-3456
1305848227601600091,Private house in south  Columbus,659648645,1470656472671132468,Sara,,Near South,39.91768,-82.96525,Entire home/apt,279,1,122,2026-06-14,7.11,2,171,86,STRP26000487
1306026107366199873,Huge Patio • Private Parking • Steps to High St,476758664,1463793526339500096,John,,Near North/University,39.98870826648056,-83.00681157224909,Entire home/apt,267,1,50,2026-06-12,2.63,7,360,36,2025-1843
1306555826527062222,The Hall - 3BD/2.5BA Renovated Church Apt Near OSU,175883174,1468705028249288964,Michael,,Near North/University,40.013695476047126,-83.00522953347925,Entire home/apt,194,2,21,2026-06-14,1.28,8,226,10,2025-1084
1306928902490881780,The Northern Light - 3 BR 2 full bath,496464688,1470234037205070583,Housepitality,,North Linden,40.0231293,-82.9776608,Entire home/apt,224,30,0,,,25,344,0,
1307374206483249823,Hue Haven - Upstairs bedroom with workspace,121842535,1468236740473196139,Carmen,,South Linden,40.011930298037356,-82.97578029112836,Private room,99,3,15,2026-04-12,0.89,2,326,11,2025-1316
1307470564448660434,Spacious 2-Bed Apt – Steps from Vibrant City Life,224493353,1469191732960951699,Dom,,Near North/University,39.9844037,-83.0053851,Entire home/apt,211,2,64,2026-06-16,3.60,26,310,44,2025-5026
1307574578666083556,The Golden Hour Getaway,666087382,1470671297540708359,Keinan,,South Linden,39.98131195446726,-82.98685834890308,Entire home/apt,216,1,93,2026-06-26,5.65,1,112,60,STRP26000228
1308050415038128705,C.A.S.H. of the Titans 3 bed,286980818,1469497793353894873,Cheryl,,Near South,39.93987374300678,-82.96879606107309,Entire home/apt,91,30,5,2025-10-23,0.28,48,129,4,
1308143375310329003,Clean Cozy Bed |Sanitized |TV |Work desk |Wi-Fi,175456091,1463063537753654276,Rinku,,Greenlawn/Frank Road,39.92563,-83.04117,Private room,33,1,2,2025-04-01,0.11,5,329,0,2025-1202
1308148076714527985,Comfortable Bed | TV |Wi-Fi | Free Parking| Fridge,175456091,1463063537753654276,Rinku,,Greenlawn/Frank Road,39.92549835733492,-83.04045044055255,Private room,36,1,2,2026-04-02,0.29,5,311,2,2025-1202
1308214292731088130,"Med/CTR friendly – Minutes to OSU, CBJ & Downtown",73653683,1466908096020527862,Nrut,,Franklinton,39.95678,-83.02674,Entire home/apt,229,2,33,2026-06-15,1.78,1,336,23,2024-2863
1308714697402982768,"The Overlook: movie theater, hot tub, patio",343894237,1469678205436424785,Daniel,,North Linden,40.03866854304869,-82.98585793137829,Entire home/apt,505,2,62,2026-06-14,4.07,1,133,51,2024-3377
1309571998005138321,Spacious Historic Manor in Short North - Perfect f,443246026,1469999381313222718,Nsr,,Near North/University,39.9839998,-83.0041384,Entire home/apt,763,1,12,2026-05-31,0.81,11,328,9,2023-2190
1311041033179782939,Newly Renovated Historic Gem | Centrally Located!,259386526,1463322202987266368,Griffin,,Near East,39.96070247661762,-82.95503044088217,Entire home/apt,438,1,59,2026-06-14,3.31,19,114,44,2024-3345
1311168862433443157,Vintage Bricks in Short North | Two Parking Spots,52174539,1465836807997101830,Kate & Nat,,Near North/University,39.986993,-83.0067832,Entire home/apt,210,2,21,2026-06-14,1.32,21,344,17,STRP26000148
1311209620577204587,The Emerald Escape with 4 bedrooms 2 baths,664124257,1470666786864682846,Eric,,Hayden Run,40.06914,-83.11641,Entire home/apt,414,2,25,2026-06-15,1.37,1,363,10,STRP26000588
1311281252682716276,Comfy Bed | TV| Wi-Fi| Fridge l kitchen |workspace,175456091,1463063537753654276,Rinku,,Greenlawn/Frank Road,39.92509358893949,-83.0407102632603,Private room,35,30,3,2025-04-30,0.18,5,333,0,2025-1202
1311777778429052602,Lux Room w/Private Attached Bath-Close to Hospital,664126239,1470666790966018881,Elizabeth,,Near East,39.959600459309875,-82.97189253411105,Private room,48,30,2,2026-04-03,0.33,12,224,2,
1311777857856106490,Stunning suite! With Gorgeous private bath. Quiet.,664126239,1470666790966018881,Elizabeth,,Near East,39.95977410222004,-82.97196211577014,Private room,51,30,3,2026-05-15,0.60,12,324,3,
1312000196983624593,Cozy Bed | Wi-Fi | Work space|Kitchen,175456091,1463063537753654276,Rinku,,Greenlawn/Frank Road,39.92546190449947,-83.04063990034403,Private room,35,30,3,2026-05-29,0.38,5,310,3,
1313057741026797620,Columbus GreenHouse - Central Location • Modern,259386526,1463322202987266368,Griffin,,Near South,39.93085757405167,-82.97881167290772,Entire home/apt,203,1,36,2026-06-21,1.98,19,88,21,2023-3998
1313068923156801867,Historic Brick Home in German Village,39152106,1465584878968524915,Rahul,,Near South,39.94982009477034,-82.98663248161469,Entire home/apt,376,1,57,2026-06-19,3.92,1,310,51,2025-1423
1313104377554665204,Beulah Burrow,152148715,1468493130382919164,Cody,,North Linden,40.04086540000001,-82.9953785,Entire home/apt,96,2,13,2026-03-08,0.92,2,204,8,2024-0988
1314397536366416940,Vino & Vibes Villa,463267531,1470087400930393529,Grand Welcome Ohio Kentucky,,Near North/University,39.9806684,-83.0022496,Entire home/apt,,1,33,2026-02-06,1.80,43,0,17,2024-2288
1314761495329432138,Gateway to 1 Bed Apartment in the Sky,286980818,1469497793353894873,Cheryl,,Near South,39.937969263933425,-82.98265613364906,Entire home/apt,51,30,6,2026-06-06,0.46,48,331,5,
1315156114185431394,Bed | Tv | Wi-Fi | work Space | Kitchen,175456091,1463063537753654276,Rinku,,Greenlawn/Frank Road,39.9248683,-83.0416205,Private room,35,30,3,2025-05-25,0.19,5,332,0,2025-1202
1316002630570735069,Apt B Merion/German Village,574257396,1470568190536134839,Benjamin,,Near South,39.93908555388152,-82.97149544132711,Entire home/apt,153,1,53,2026-06-10,3.31,12,237,36,2025-1871
1316249841366635100,Modern 5 Bed Apt Plenty of Sun,453711433,1470041421803682612,Goose Fox LLC,,Near South,39.94705,-82.98699,Entire home/apt,149,2,44,2026-06-16,2.61,18,337,33,STRP26000147
1316273021429693282,Modern and Lux Apt near Downtown,453711433,1470041421803682612,Goose Fox LLC,,Near South,39.94905860110539,-82.98870971355245,Entire home/apt,139,2,69,2026-05-18,3.95,18,362,50,STRP26000142
1317052494239798475,Cozy Studio German Village,453711433,1470041421803682612,Goose Fox LLC,,Near South,39.94708382400442,-82.9883426542344,Entire home/apt,194,2,67,2026-06-19,3.79,18,355,40,STRP26000144
1317062981290926251,Charming Studio in German Village,453711433,1470041421803682612,Goose Fox LLC,,Near South,39.94892399201609,-82.98828089519601,Entire home/apt,99,2,48,2026-05-15,2.73,18,361,34,STRP26000142
1317727910723375366,1BR Basement suite - Bathroom  & laundry,400772217,1469839678149482641,Michael,,Near South,39.95120199999999,-82.9577855,Private room,67,30,17,2025-11-16,0.95,1,89,11,2025-1002
1320275938715587732,Garden Suite - Sauna - King Bed - Garage Parking,3216904,1462528581338916014,David M,,West Olentangy,39.98884,-83.04488,Entire home/apt,183,1,142,2026-06-18,7.90,7,317,92,2024-2574
1320283225371872751,Harrison West |Garage|Walkable to OSU Hospitals,432234139,1467704638516686531,Sara,,Near North/University,39.98628,-83.01847,Entire home/apt,248,30,1,2025-11-22,0.14,71,357,1,
1320289052864006534,Downtown Luxury Flat,386873307,1469796608845072224,Roamin' Quarters LLC,,Downtown,39.96361,-83.0004,Entire home/apt,128,30,0,,,6,331,0,
1320378258635992371,Art House 2.0,293243989,1463399668457871323,Susan,,Clintonville,40.07111,-83.00634,Entire home/apt,409,2,7,2026-06-21,0.56,1,314,6,2025-2234
1321125263330066746,Cozy 4BR House Close to OSU - Sleeps 8 +Game Room,466824754,1470104500531612172,Nathan,,West Olentangy,40.03267,-83.04396,Entire home/apt,305,2,58,2026-06-14,3.49,2,216,47,STRP26000057
1321825841980355959,Gondor!  OSU Castle Barcade,90062227,1467090237542466069,Sam,,Near North/University,40.00573,-82.99918,Entire home/apt,183,2,54,2026-06-28,3.07,19,295,46,2026-1020
1321870360971212049,The Red Lion OSU British PubCade Castle,90062227,1467090237542466069,Sam,,Near North/University,40.00358,-82.99736,Entire home/apt,264,2,28,2026-06-11,1.68,19,326,22,2026-1019
1321934105431016617,Private Patio |German Village| Walk Everywhere,432234139,1467704638516686531,Sara,,Near South,39.94534,-82.99276,Entire home/apt,261,1,104,2026-06-14,5.84,71,335,63,2024-0677
1321940676189189899,Stevie: Pet Friendly |Modern Touches |Walk to Bars,432234139,1467704638516686531,Sara,,Near North/University,39.98475,-83.01121,Entire home/apt,182,1,58,2026-06-07,3.31,71,351,35,2023-4464
1321943681557150347,Historic Meets Modern | Walk to Coffee | OSU,432234139,1467704638516686531,Sara,,Near North/University,39.98328,-83.00712,Entire home/apt,268,1,46,2026-06-21,2.69,71,352,31,2023-4973
1321943681754052116,58A: OSU & Crew Stadium | Easy Walk | Great Design,432234139,1467704638516686531,Sara,,Near North/University,39.98471,-83.00745,Entire home/apt,103,2,64,2026-05-26,3.58,71,347,39,2023-4967
1321943764650251696,FREE Parking | Walkable Neighborhood | Short North,432234139,1467704638516686531,Sara,,Near North/University,39.98493,-83.00719,Entire home/apt,,1,31,2026-06-21,1.74,71,359,13,2021-2546
1321944179178641243,Near OSU & Arena | Walkable | Great Eats Nearby,432234139,1467704638516686531,Sara,,Near North/University,39.98429,-83.0119,Entire home/apt,292,1,39,2026-06-14,3.26,71,346,39,2023-4461
1321944179439820777,Amelia: OSU & Crew Stadium|Easy Walk |Great Design,432234139,1467704638516686531,Sara,,Near North/University,39.98616,-83.01196,Entire home/apt,174,1,67,2026-06-24,3.75,71,349,45,2023-4459
1321944179598026820,Pet Friendly | Luxury Design | Close to Campus,432234139,1467704638516686531,Sara,,Near North/University,39.98604,-83.0113,Entire home/apt,118,30,18,2025-06-01,1.04,71,336,0,2023-4460
1321944892911929784,Free Parking|Walkable to Coffe Shops|Short North,432234139,1467704638516686531,Sara,,Near North/University,39.98509,-83.00618,Entire home/apt,,1,53,2026-05-31,3.06,71,1,28,2023-4971
1321946408779173313,FREE Parking | Smart TV | Steps to Everything,432234139,1467704638516686531,Sara,,Near North/University,39.98523,-83.0061,Entire home/apt,99,1,45,2025-11-21,2.56,71,357,23,2023-4976
1321950214923357863,Balcony with Seating | Pet Friendly | Parking,432234139,1467704638516686531,Sara,,Near North/University,39.98316,-83.00558,Entire home/apt,292,1,75,2026-06-14,4.23,71,359,49,2023-4975
1321950215859945859,"Eat, Shop, Stroll | Walkable | Modern Comfort",432234139,1467704638516686531,Sara,,Near North/University,39.98331,-83.0077,Entire home/apt,109,1,49,2026-06-07,2.78,71,345,22,2023-4968
1321950215915792759,64A: Pet Friendly | Modern Touches | Walk to Bars,432234139,1467704638516686531,Sara,,Near North/University,39.98456,-83.00623,Entire home/apt,107,1,77,2026-06-14,4.33,71,343,54,2023-4972
1321968225275249826,Mater’s Garage,431615820,1469954234084195828,Kellie,,Far South,39.89958,-82.98204,Entire home/apt,261,1,97,2026-06-28,5.86,4,304,69,2024-3292
1322578615167948293,3-bed Historic Victorian home,60225705,1466740485772710579,Aziza,,Near East,39.96264,-82.97128,Entire home/apt,173,30,39,2026-06-14,2.38,2,334,21,2024-1189
1323412312048834121,Best in the West 1 BR Unit 5 min from downtown,669771722,1470679510322495710,Brian,,Hilltop,39.9549963,-83.0621669,Entire home/apt,109,1,102,2026-06-25,6.27,2,176,66,2025-1243
1323488524515628231,Pondside Retreat 4BR w/ Hot Tub & Pool Table & BBQ,518407740,1463864281815460249,Manjot,,Far West,39.99303,-83.15999,Entire home/apt,751,2,49,2026-06-07,2.75,4,350,27,2024-3434
1325412944146836762,Stylish & Spacious 4BR/3BA Near German Village,539902397,1470420141743692285,Rebecca,,Near South,39.94281,-82.95555,Entire home/apt,174,30,1,2025-11-02,0.13,4,334,1,
1325777103934309304,Free Bikes + Garage | 2 Master Suites Stay,22594232,1463183602426771998,Karen,,Eastland/Brice,39.89852,-82.8864,Entire home/apt,172,30,3,2026-01-17,0.23,1,240,2,
1326083059537996930,2BR Boutique Downtown Escape w/ Parking,500021778,1463845771054078580,Keira,,Downtown,39.96223,-82.99534,Entire home/apt,67,30,0,,,4,271,0,
1327190149733681407,Housepitality - The Lilley Pad - Near Downtown,519443040,1470337278875216471,Houspitality,,Near East,39.95667,-82.95771,Entire home/apt,185,30,0,,,7,347,0,2024-0743
1327593234066840902,"The Church | 6BR Home Near OSU, Perfect for Groups",175883174,1468705028249288964,Michael,,Near North/University,40.01467,-83.00608,Entire home/apt,433,7,10,2026-04-12,0.64,8,223,6,STRP26000297
1327605103051905181,2 bed / 1 bath Apt And Utilities Included!,163847363,1468594152792318632,Danny,,Near North/University,40.01665,-83.01476,Entire home/apt,72,30,3,2025-12-22,0.18,1,289,1,
1328286285857765680,*King bed|Garage|Walking|Fenced backyard*,653823909,1463902711214477929,Kyle J,,Near South,39.94475,-82.98432,Entire home/apt,385,1,74,2026-06-14,4.51,1,314,51,STRP26000226
1328979024467885658,Treetop Suite - Sauna - King Bed - Garage Parking,3216904,1462528581338916014,David M,,West Olentangy,39.99061,-83.0445,Entire home/apt,210,1,171,2026-06-11,9.54,7,307,115,2024-2573
1329063818199535273,"Historic Short North: Hot Tub, BBQ, Free Parking",20583258,1463133437995446446,Madeline,,Near North/University,39.98401,-83.00322,Entire home/apt,474,1,64,2026-06-11,3.64,1,66,38,2025-1094
1329294466695961340,Short North Queen Room w/ Private Bath & Wi-Fi,175078890,1468698058414220878,Robert,,Near North/University,39.97712921713772,-83.00201997116396,Private room,141,1,2,2026-05-16,0.15,8,324,1,Exempt
1329777820445659961,Luxury meet peace,483640056,1470177572716821921,Taiwo,,Eastland/Brice,39.91015660000001,-82.8368412,Private room,71,2,26,2026-06-14,1.61,11,355,15,2025-1148
1330788971113386058,Stylish Micro Studio — Walkable to German Village,143079521,1468411314550423853,Josh,,Near South,39.930430436760936,-82.98866821009733,Entire home/apt,149,2,27,2026-06-14,2.72,1,267,27,2025-2772
1331405757418064073,Entire 1 Bed room apartment - Flats on 5th•3A,92873209,1467122188444335377,JoAnn,,South Linden,39.986133229094754,-82.94205171873425,Entire home/apt,77,30,4,2026-05-17,0.37,1,213,4,
1332186193650278993,Ashland Aerie - 3-Story|Basement Lounge|Grandview,432234139,1467704638516686531,Sara,,West Olentangy,39.988129830529815,-83.05017274360452,Entire home/apt,,30,0,,,71,326,0,
1332244487934167359,Private Room+Workspace in Franklinton B,672386499,1470684727040954982,Wesenwal Properties,,Franklinton,39.9548045,-83.01582379999999,Private room,41,30,1,2025-02-14,0.06,2,268,0,2025-0265
1333470128935778712,German Village Cottage-Fenced Patio|German Village,432234139,1467704638516686531,Sara,,Near South,39.9472655274658,-82.9897274590019,Entire home/apt,135,30,1,2025-09-21,0.11,71,235,1,
1333980693383843775,8 mins to OSU & More! / Queen BR next to Downtown!,672908198,1470685912130860172,Xiaoshan,,Downtown,39.960062304822614,-82.9836128396303,Private room,76,1,51,2026-06-17,3.05,18,26,31,2025-1220
1334097286998227660,Mins to German Village & Downtown | Chic BR Stay,672908198,1470685912130860172,Xiaoshan,,Downtown,39.960031211810524,-82.98372019760637,Private room,70,1,93,2026-06-22,5.47,18,24,71,2025-1220
1334122758560750272,Modern BR near OSU | Dwtn | Short North | Stadium,672908198,1470685912130860172,Xiaoshan,,Downtown,39.96019,-82.98442,Private room,72,1,62,2026-06-17,3.71,18,27,45,2025-1220
1334955110817372879,The Master Cove,155992052,1468522716003541081,Robert,,Northland,40.075991531733415,-82.9708654777147,Private room,,30,1,2025-05-11,0.07,3,24,0,2019-1889
1335467473488354058,"Combined 2 homes- 9BR/8 BTH, 25 beds Best Location",182197479,1468758062202247834,Austin,,Near North/University,39.9831408,-83.00559009999999,Entire home/apt,1151,30,8,2026-05-02,0.46,6,304,3,STRP26000415
1335498493527013169,Quick Drive | Downtown Fun | Modern Comfort,432234139,1467704638516686531,Sara,,Near South,39.94837279168726,-82.9730115107142,Entire home/apt,92,30,4,2025-10-19,0.29,71,359,2,STRP26000319
1335545530938696538,Very Spacious 14 Bed/3.5Bath home-Perfect location,182197479,1468758062202247834,Austin,,Near North/University,39.98397789788347,-83.00540492912803,Entire home/apt,459,1,27,2026-06-12,1.69,6,305,19,STRP26000416
1335582650803052262,Vic. Village Carriage House,194281106,1463106943901266179,Nicole,,Near North/University,39.9843205,-83.0135047,Entire home/apt,140,2,104,2026-06-17,5.99,59,246,73,STRP25000622
1336576645670400661,3BR Modern Retreat/ Theater room/ Easton/Airport,125418001,1468264238579999268,Terry,,Northeast,40.01524907047977,-82.92764096476985,Entire home/apt,178,2,37,2026-06-21,2.25,5,314,25,2025-1156
1337124762273236556,"Firepit+Grill, Veteran-Owned, Near German Village",14402995,1462937824108553484,Jill,,Near South,39.9372072,-82.9966922,Entire home/apt,299,1,87,2026-06-28,5.17,1,291,71,STRP26000017
1338450138484915614,Spacious Short North Home - 11 beds/3.5BTH,182197479,1468758062202247834,Austin,,Near North/University,39.9831408,-83.00559009999999,Entire home/apt,559,1,23,2026-06-14,1.36,6,319,17,STRP26000415
1338464024956324028,Short North Home 4BR w/backyard- 2 car garage,182197479,1468758062202247834,Austin,,Near North/University,39.985893,-83.0164642,Entire home/apt,,1,32,2026-06-21,3.22,6,0,32,STRP25000352
1338557960913521158,Mins to Crew Stadium & OSU,674170680,1470688273018407103,Justin,,Near North/University,40.01239313190438,-82.99974781828833,Entire home/apt,370,1,87,2026-06-08,5.20,1,142,49,STRP25000337
1340005978267676801,Campbell’s Buttercup Hideaway,51373382,1465802269849810605,Sean,,Franklinton,39.95043219281301,-83.023357048116,Entire home/apt,183,2,17,2026-06-14,0.99,12,240,7,2025-1938
1340016373517755960,Buckeye Retreat 4 BR 2 Ba,92202870,1467113662169636985,Yuzhi,,West Olentangy,40.02133,-83.0327939,Entire home/apt,436,1,30,2026-06-08,1.75,2,291,16,2024-3290
1340038277192633820,New Lux home near hospital gorgeous bathroom,664126239,1470666790966018881,Elizabeth,,Near East,39.95830673577504,-82.97003180654305,Private room,41,30,1,2025-05-04,0.07,12,88,0,
1341256870023674444,"Luxurious, spacious 365 Wilson D",246907920,1469309742440419188,Delatierra Holdings LLC,,Near East,39.95844852308517,-82.96683188527822,Entire home/apt,136,2,12,2026-05-13,0.74,4,365,6,2025-1177
1341653921422903758,Fresh new cozy centrally located space,120455802,1462918465382224777,Norma,,Near East,39.97449110880066,-82.97952590195123,Private room,69,30,0,,,15,179,0,
1343157081071245872,"Children's Hospital Downtown: 3BR/2BA, Sleeps 8",113180,1462509784564280413,Elaine,,Near South,39.94795651842848,-82.97347767533931,Entire home/apt,,2,21,2026-05-18,1.29,1,0,12,2025-1473
1343494214368753583,German Charm 1 Sleeps 4,463267531,1470087400930393529,Grand Welcome Ohio Kentucky,,Near South,39.9391572,-82.9934538,Entire home/apt,249,1,18,2026-06-21,2.00,43,17,18,2025-1321
1343591268625834904,"Art Deco 1BR Downtown | Fenced Yard, Garage, Pets",487020630,1463817950400730559,Sara Beth,,Near North/University,40.01420560809069,-82.99671010075076,Entire home/apt,168,1,27,2026-06-26,1.62,7,77,21,STRP25000502
1343679925418708183,Campus Cottage - Entire Home|Renovated|Patio|OSU,432234139,1467704638516686531,Sara,,Near North/University,39.99404304416057,-82.9970036107445,Entire home/apt,111,30,1,2025-06-02,0.08,71,361,0,
1344229419178123428,Next to Downtown & close to OSU - Stylish Stay,672908198,1470685912130860172,Xiaoshan,,Downtown,39.96013927944276,-82.98344152472761,Private room,72,1,53,2026-06-17,3.17,18,27,36,2025-1220
1344255673858243321,PVT BR Near OSU & Short North | Next to DT,672908198,1470685912130860172,Xiaoshan,,Downtown,39.95992623334313,-82.98471612069329,Private room,67,1,41,2026-06-17,2.46,18,28,32,2025-1220
1344284758782049565,"Art Deco 2BR Downtown | Fenced Yard, Garage, Pets",487020630,1463817950400730559,Sara Beth,,Near North/University,40.015197489568706,-82.9966267218262,Entire home/apt,199,1,14,2026-06-10,0.83,7,165,10,STRP25000502
1344342525084868668,Mins to OSU Campus | Large 5-BD Home Next to DWTN,672908198,1470685912130860172,Xiaoshan,,Downtown,39.96025905828548,-82.98533107976776,Entire home/apt,345,2,17,2026-06-15,1.05,18,83,10,2025-1220
1344522436317375335,Downtown with a View,386873307,1469796608845072224,Roamin' Quarters LLC,,Downtown,39.96345590704146,-83.00048672657974,Entire home/apt,,30,0,,,6,313,0,
1344553583371665334,Colorful Columbus Casita | Great for Travel & Work,259386526,1463322202987266368,Griffin,,Near South,39.92798142487386,-82.99373417023241,Entire home/apt,168,2,29,2026-05-29,1.74,19,307,16,STRP26000716
1344835484335168677,Near DWTN & OSU Campus - Spacious & Bright BR,672908198,1470685912130860172,Xiaoshan,,Downtown,39.96022,-82.98328,Private room,72,1,88,2026-06-12,5.26,18,22,62,2025-1219
1344868029852321782,Explore CBUS! Mins to OSU and DT-Large & Cozy BR,672908198,1470685912130860172,Xiaoshan,,Downtown,39.95874130489147,-82.98538418376236,Private room,71,1,68,2026-06-26,4.11,18,22,45,2025-1219
1344936892786201878,NEW Charming City Park 2-story/Pets OK,139332037,1468381177495557943,Jenny,,Near South,39.947366446557055,-82.99634145303934,Entire home/apt,185,1,105,2026-06-25,6.23,7,308,83,2025-1136
1344951027818469634,Perfect Stay for Expo Events*Stylish & Comfy*2 Br,670257286,1470680411295420204,Ursula,,South Linden,40.00485069223345,-82.9778749183139,Entire home/apt,141,30,0,,,1,209,0,2025-1477
1345037923393413168,Studio & workspace & high-speed WiFi,115836608,1462908128595617159,Erich,,Near North/University,39.99280734182878,-83.01093654865858,Entire home/apt,215,2,18,2026-06-12,1.19,45,329,15,2025-2253
1345069463709407596,4 mins to Downtown!-  Stylish & Cozy Private BD,672908198,1470685912130860172,Xiaoshan,,Downtown,39.95973518771138,-82.98403694273453,Private room,76,1,66,2026-06-17,3.89,18,28,49,2025-1219
1345156572418908083,"Chic 3-BR Home, Steps to Downtown, Fully Equipped!",672908198,1470685912130860172,Xiaoshan,,Downtown,39.96009599943913,-82.98358141707064,Entire home/apt,234,2,19,2026-05-31,1.19,18,30,16,2025-1219
1345235665661507087,Downtown Studio with Pool Table Pet-Friendly Oasis,673188127,1470686321960765496,Danny,,Downtown,39.96322213115051,-82.9841594108304,Entire home/apt,157,2,16,2026-05-30,0.98,14,352,11,2024-0856
1346302043454801437,German Charm Suites,463267531,1470087400930393529,Grand Welcome Ohio Kentucky,,Near South,39.939225,-82.993393,Entire home/apt,459,1,0,,,43,303,0,2025-1321
1346306046291731453,German Charm 2 Sophistication,463267531,1470087400930393529,Grand Welcome Ohio Kentucky,,Near South,39.9391137,-82.9933782,Entire home/apt,180,1,8,2026-05-27,1.13,43,20,8,2025-1321
1346344234359837586,Chic 1 Bed APT close Downtown! Pet-Friendly Haven!,673188127,1470686321960765496,Danny,,Downtown,39.96408009857782,-82.98540713160563,Entire home/apt,128,2,33,2026-06-09,2.01,14,356,22,2024-0857
1346377258448326595,Stylish 1 Bed Studio near Downtown! Pets Allowed!,673188127,1470686321960765496,Danny,,Downtown,39.963239006759345,-82.98379238502785,Entire home/apt,193,2,32,2026-06-08,1.96,14,336,24,2024-0859
1346405703847379501,"Haven with Pool Table! Trendy stay, Pets welcome!",673188127,1470686321960765496,Danny,,Downtown,39.962539034369286,-82.98565223206204,Entire home/apt,134,2,37,2026-06-05,2.32,14,361,30,2024-0860
1346415795541703175,Modern Loft Haven with Pool Table! Pet-Friendly!,673188127,1470686321960765496,Danny,,Downtown,39.96409878799976,-82.98570593052543,Entire home/apt,105,2,21,2026-05-22,1.76,14,354,21,2024-0861
1346659718083239968,"Cozy German Village Studio, Steps from Schiller",7707539,1462739085307196018,Megan,,Near South,39.94339982783322,-82.99102405185369,Entire home/apt,160,2,80,2026-06-24,6.20,5,61,75,2025-1360
1347312852429127890,Private Workspace+Room in Vibrant Arts District C,24519205,1462629664612660834,Darrin,,Franklinton,39.95552792474951,-83.01620449949988,Private room,53,5,4,2026-06-06,0.24,6,62,1,2025-0265
1347355057830647171,Trendy 3BR/2BA Near German Village + Garage,539902397,1470420141743692285,Rebecca,,Near South,39.9423184,-82.9653822,Entire home/apt,151,30,3,2025-12-23,0.25,4,180,3,
1348479378443905153,The Cozy Bellows – Retreat for 4,463267531,1470087400930393529,Grand Welcome Ohio Kentucky,,Franklinton,39.9511884,-83.0270745,Entire home/apt,215,1,22,2026-06-21,1.34,43,324,17,2024-1100
1348705636793564671,Spacious Vacant Brick Home ~ Franklinton Arts Dist,672386499,1470684727040954982,Wesenwal Properties,,Franklinton,39.9546942,-83.0154008,Entire home/apt,,30,0,,,2,0,0,2025-1231
1348885051021896926,3BR Home | 5m to Franklin Park & DT | Free Parking,474416989,1463788366510702775,Dawson,,South Linden,39.99108034186183,-82.94719375669956,Entire home/apt,364,2,6,2026-06-21,2.77,1,340,6,2025-1234
1349424984110224881,Private West Room,89119768,1467080681258526373,Sarah,,Rocky Fork-Blacklick,40.06147519901669,-82.87751797903215,Private room,49,30,3,2026-01-22,0.22,19,334,2,
1349427971933450962,Private South Room,89119768,1467080681258526373,Sarah,,Rocky Fork-Blacklick,40.06088668427211,-82.8776512379724,Private room,,30,1,2025-09-06,0.10,19,0,1,
1349698612641345633,Fresh New and Perfectly Located 2 bd 2 bth home,120455802,1462918465382224777,Norma,,Near East,39.973919645508396,-82.98111284442999,Entire home/apt,149,30,0,,,15,38,0,
1350320758557064418,Luxury Stay in the Heart of Columbus,224493353,1469191732960951699,Dom,,Near North/University,39.9845232,-83.005346,Entire home/apt,158,2,60,2026-06-21,3.56,26,313,53,2025-4753
1350742847235969094,Chic City Retreat 89 – For 2,463267531,1470087400930393529,Grand Welcome Ohio Kentucky,,Near East,39.9638488,-82.9691685,Entire home/apt,125,1,12,2026-06-21,0.72,43,347,7,2024-2271
1351220398336362840,Walkable Brewery District Townhome,6473080,1462707308197913262,Samuel,,Near South,39.946819,-82.99845300000001,Entire home/apt,127,30,7,2026-04-03,0.48,4,251,5,
1351470109723056598,Quaint German Village Triplex,7707539,1462739085307196018,Megan,,Near South,39.94515949080485,-82.99092538217613,Entire home/apt,369,2,2,2025-11-17,0.21,5,264,2,2025-1360
1351500475175563735,Northwoods Apt 8091 -2A I 2 Bed 1 Bath,358619880,1468116486378524809,Properties By Preston,,Far North,40.1307005570573,-83.01992208756484,Entire home/apt,106,30,2,2025-05-16,0.13,23,220,0,
1351500518272136698,Northwoods Apt 8091-1b I 2 bed 1 bath,358619880,1468116486378524809,Properties By Preston,,Far North,40.12996108290158,-83.01949340801876,Entire home/apt,104,30,2,2026-05-03,0.27,23,209,2,
1351500555843322302,Northwoods Apt 8208 -3A I 2 bed 1 Bath,358619880,1468116486378524809,Properties By Preston,,Far North,40.129550061010804,-83.01948902435045,Entire home/apt,104,30,3,2026-02-02,0.23,23,201,2,
1351500566005799820,Northwoods Apt 8241 -1A 1 bed 1 Bath,358619880,1468116486378524809,Properties By Preston,,Far North,40.13081,-83.01939,Entire home/apt,93,30,3,2025-12-09,0.23,23,186,2,
1351500624701944975,Northwoods Apt 8241-2D I 1b ed 1 Bath,358619880,1468116486378524809,Properties By Preston,,Far North,40.131430151247784,-83.01961899589664,Entire home/apt,93,30,2,2025-11-05,0.16,23,209,1,2025-3765
1351500628711303424,Northwoods Apt 8241-2A I 1 Bed 1bath,358619880,1468116486378524809,Properties By Preston,,Far North,40.129115782964355,-83.02089410051205,Entire home/apt,93,30,3,2026-01-30,0.21,23,205,2,
1351500659734531721,Northwoods Apt 8241-3c I 1 Bed 1 Bath,358619880,1468116486378524809,Properties By Preston,,Far North,40.12993,-83.02103,Entire home/apt,97,30,6,2026-05-30,0.41,23,205,5,2025-9856
1351500759545154787,Northwoods Apt 8241-1D I 1 bed 1Bath,358619880,1468116486378524809,Properties By Preston,,Far North,40.129943515124495,-83.01943281679695,Entire home/apt,127,30,2,2026-04-03,0.28,23,161,2,
1351500759593088835,Northwoods Apt 8245-1D I 2 Bed 2 Bath,358619880,1468116486378524809,Properties By Preston,,Far North,40.13091807199655,-83.01974924653504,Entire home/apt,104,30,2,2025-08-22,0.17,23,173,2,
1351500784790268657,Northwoods Apt 3C i 1 Bed 1Bath,358619880,1468116486378524809,Properties By Preston,,Far North,40.12915,-83.0199,Entire home/apt,94,30,0,,,23,196,0,
1351581479395633952,Cozy Comfort in North Columbus,286980818,1469497793353894873,Cheryl,,North Linden,40.0228161,-82.99403500000001,Entire home/apt,86,30,1,2025-12-08,0.15,48,332,1,
1351682457794645512,Modern 3BR Home | Near Downtown,115844899,1462908146359644954,Chip,,Near South,39.944,-82.97495,Entire home/apt,300,2,18,2026-06-08,1.12,3,152,14,2024-3052
1353127349868610149,Cozy House 10 min From Airport,438114177,1469979765072029057,Emily,,Eastmoor/Walnut Ridge,39.943027696819364,-82.87968589840196,Entire home/apt,125,30,47,2026-06-14,3.09,1,338,36,2025-1422
1353303886792943919,Comfortable 3 bedroom near OSU,652059314,1470640054600894160,Josephine,,Near North/University,39.989216418249654,-82.99934581766716,Entire home/apt,108,30,3,2026-04-11,0.24,6,360,2,
1353761931975263060,"Downtown-Ready 3BR3BA | Modern, Spacious & Private",539902397,1470420141743692285,Rebecca,,Near South,39.9460573,-82.9553284,Entire home/apt,126,30,0,,,4,321,0,
1354297531174046966,Best in the West 2br unit 5 min from downtown,669771722,1470679510322495710,Brian,,Hilltop,39.9549666,-83.0622224,Entire home/apt,139,1,107,2026-06-21,6.42,2,329,69,2025-1129
1354584812649931175,The Nook on Neil Walkable 3BR,508106152,1470284064862256974,Benjamin Alan Dixon,,Near North/University,39.9781598,-83.011631,Entire home/apt,301,1,13,2026-06-22,0.90,23,356,11,2024-3175
1355196430632887592,"Cozy 1bd 1 bth Apt near downtown, I-270 and I-670",120455802,1462918465382224777,Norma,,Hilltop,39.95752936655282,-83.07998189347514,Entire home/apt,118,30,0,,,15,365,0,
1356154459017839392,Mins to OSU & DWTN| 8-BR Spacious Home|Big Groups,672908198,1470685912130860172,Xiaoshan,,Downtown,39.959051689049204,-82.9853789863044,Entire home/apt,713,2,11,2026-06-21,0.73,18,341,7,2025-1220
1356549510809210684,Modern 3BD 2.5Bath Central Home,543562694,1470434665223778821,C,,Near South,39.95314870189024,-82.96171947378234,Entire home/apt,144,30,2,2025-05-05,0.13,4,364,0,2022-1903
1356838362155166898,"Cozy condo, Central location.
Northeast columbus.",203086336,1463147059484225561,Nancy,,Northland,40.0846464,-82.9640388,Entire home/apt,143,1,105,2026-06-25,6.59,1,61,75,2025-1489
1357796004041521346,Top Floor Condo in the middle of everything!,7484487,1462733211695445915,Christophe,,Near North/University,39.98478,-83.00432,Entire home/apt,91,30,3,2026-01-04,0.25,1,225,3,2025-8086
1357916830067987621,Home on Leonard,408729979,1469866963556021527,Bill,,Near East,39.9769029010197,-82.96970923317708,Entire home/apt,93,30,4,2025-10-12,0.28,2,271,2,
1358153563706811827,"Quiet, Stylish Stay in Columbus (Short North)",96679726,1467164731396597423,Sarah,,Near North/University,39.979633849120525,-83.01809634058823,Entire home/apt,112,30,12,2026-06-25,0.78,1,332,5,2025-1730
1360373635791135432,Gates Serenity Suite.,550207241,1470460596531545821,Anthony,,Near South,39.9364417,-82.9585968,Entire home/apt,201,1,9,2026-06-23,0.63,3,37,8,2025-1503
1360567828475750301,Gorgeous bedroom with private bath,653664568,1470643308520275694,Prince,,Near East,39.9560019,-82.9526592,Private room,44,30,0,,,6,332,0,
1360666727455271258,Brewery District Apt w/ Park View,6473080,1462707308197913262,Samuel,,Near South,39.945946833446364,-82.99816438615352,Entire home/apt,217,30,4,2026-04-03,0.33,4,262,3,
1362003418114360159,Local 1 Bed Room in Columbus | Cozy Corner Retreat,334206095,1469645513397164244,Zaid,,Downtown,39.957561492904674,-82.98586064917717,Entire home/apt,,30,59,2026-06-14,3.71,1,356,42,2025-1674
1362475292299663123,Stunning modern home in downtown Columbus!,59649212,1466722805620592971,Haileigh,,Near North/University,39.98685007346798,-83.01687855273485,Entire home/apt,314,2,16,2026-06-15,1.61,1,344,16,2025-2318
1363274823085582705,Cozy Stay Near OSU & Downtown,360666874,1469723206575813818,Sandra,,North Linden,40.01735001307801,-82.96821446877655,Private room,40,31,2,2026-01-13,0.14,3,300,1,
1363384220930734903,Private Room Near OSU & Downtown,360666874,1469723206575813818,Sandra,,North Linden,40.017149233674374,-82.96715922417235,Private room,43,30,4,2026-06-20,0.26,3,339,1,
1365183624829090221,Welcome To The Gallery!,72551024,1466895841832185268,Mark,,Hilltop,39.932086,-83.08193949999999,Entire home/apt,269,2,14,2026-06-14,0.95,1,285,10,2025-1535
1365544916943891181,Barrel House: Hot Tub & Game Room,158439641,1468543439958083754,GH Hospitality,,Eastmoor/Walnut Ridge,39.9427688,-82.91061909999999,Entire home/apt,466,2,17,2026-04-27,1.07,40,348,13,strp25000450
1365629984066166858,Lux Room with Bathroom and Garage Parking,664126239,1470666790966018881,Elizabeth,,Near East,39.95773331385459,-82.96982583125303,Private room,46,30,2,2026-05-31,0.21,12,150,2,
1366053901918132715,Lux room in Brand New Home,664126239,1470666790966018881,Elizabeth,,Near East,39.95955541805699,-82.97160029647802,Private room,41,30,1,2025-12-06,0.15,12,328,1,
1367282008956365972,"Simply Short North!
at The Jackson on High",405955179,1463627096535921270,Brad,,Near North/University,39.98516114933177,-83.00511175705353,Entire home/apt,170,30,11,2025-09-22,0.78,2,365,5,2024-1365
1367705036850496518,Stunning 3 bedroom near OSU and Hospitals,652059314,1470640054600894160,Josephine,,Near South,39.94845,-82.95973,Entire home/apt,157,30,2,2025-09-16,0.13,6,362,1,
1368290602305350872,Charming Home 10 Minutes from Downtown Columbus,571074819,1470536832029891921,Stravinsky,,Greenlawn/Frank Road,39.927216347884155,-83.05009387892099,Private room,111,2,36,2026-06-21,2.26,1,354,20,2024-3073
1369082108776842374,Sunny Valley,275084618,1463361903759557367,Judy,,Northland,40.06503296025319,-82.98185278207244,Private room,,4,4,2025-06-06,0.25,21,0,0,2019-1023
1369151250439533508,Welcome to Cozy Columbus!,537862952,1470412394839914874,Marguerite,,Near North/University,39.98243942902274,-83.0101919085895,Entire home/apt,250,1,21,2026-06-28,2.03,1,334,21,2025-2315
1369202441780177910,Home Away From Home/Peaceful/Private Deck/Parking,91478435,1467105659431228522,Troy,,West Olentangy,40.040058057879826,-83.03282235622429,Entire home/apt,142,2,42,2026-06-20,3.00,2,124,33,STRP26000525
1369784740993183994,Memories at Parkside Manor,670618599,1470681121446501284,Brian,,Near East,39.976644274375595,-82.9467012360692,Entire home/apt,390,2,44,2026-06-14,2.80,1,307,33,STRP26000221
1369975147376571812,Hidden Gem for Traveling Workers and Families,520747668,1470343128817001451,Taylor,,Near South,39.94622659466836,-82.97565073809814,Entire home/apt,261,2,23,2026-06-07,1.65,2,177,18,STRP26000194
1370659125215387944,Quiet Loft-Fireplace-Private Deck-Parking,91478435,1467105659431228522,Troy,,West Olentangy,40.03877603649278,-83.03145801468393,Entire home/apt,124,1,47,2026-06-21,3.53,2,120,45,STRP26000525
1371939041107594800,The Norman Rockwell House—Historic German Village,116400313,1468193597600247100,Nate,,Near South,39.9453773,-82.9936184,Entire home/apt,298,2,25,2026-06-06,1.72,26,231,21,STRP26000499
1372614202472744253,Professionally decorated duplex,268199988,1469417652439180932,Jenny,,Far Northwest,40.13746,-83.07388,Entire home/apt,142,30,0,,,2,270,0,2024-1899
1374615017566564941,"3Bed, 1Bath w/ Fenced Backyard",135933770,1468354090520374077,Jake,,Near South,39.94410562355115,-82.96418339815705,Entire home/apt,96,31,1,2025-06-28,0.08,4,301,0,2025-1234
1374706201888102393,Nightingale Cottage - Near NCH!,158439641,1468543439958083754,GH Hospitality,,Near South,39.9523084,-82.9887658,Entire home/apt,197,1,26,2026-06-09,1.71,40,331,24,2023-4887
1374708809149703127,Luxury 2-bedroom Mid-term Rental,177060065,1468714668508305406,Jason,,Near East,39.95549442856518,-82.96303526050671,Entire home/apt,223,3,5,2026-04-26,0.36,2,315,4,STRP26000769
1374709778271690985,Victor E. Inn: Cottage with Hot Tub in Short North,682764559,1470705935533916759,Harris Inn West Escapes,,Near North/University,39.98158857170604,-83.0108071846871,Entire home/apt,192,1,193,2026-06-22,13.13,1,154,173,2025-1725
1375008155200030791,Harry Potter Loft with New Hot Tub | German Villag,129335572,1468297199934306277,Alex,,Near South,39.9403113,-82.9844722,Entire home/apt,308,2,70,2026-06-24,4.45,2,355,55,STRP26000202
1375021655814093310,Luxe Historic Gem in German Village Minutes to OSU,140335511,1468388792154680567,Yankee,,Near South,39.94445948592256,-82.99890095345911,Entire home/apt,257,30,10,2026-05-31,0.67,1,136,7,2025-1724
1375239011054132006,10 Mi to Dtwn: Pet-Friendly Retreat in Columbus,456513928,1467695476215770400,Evolve,,Eastmoor/Walnut Ridge,39.9520614,-82.8614753,Entire home/apt,211,2,19,2026-06-14,1.28,9,331,17,2025-1427
1375610792851891661,Modern Comfy Rm Mins from Dwntwn,14560233,1462941544369664941,Connie,,Near South,39.943395787039684,-82.96722100132132,Private room,31,30,4,2026-05-30,0.27,3,72,2,
1376383427688683442,The Luminous Loft - Bright and Stylish Retreat,177205580,1463067436702945353,Adrian,,Near East,39.9668852834993,-82.96881087644464,Entire home/apt,187,30,3,2026-06-14,0.25,11,301,3,2025-1690
1376473098163148732,Lush Living Townhome,591536066,1470615987147014108,Michael,,Near South,39.94088051657809,-82.97531747242584,Entire home/apt,,30,6,2026-02-09,0.45,2,250,5,
1376512114221747168,The Chic Studio,591536066,1470615987147014108,Michael,,Near South,39.941677070738294,-82.97517862620161,Entire home/apt,93,30,1,2026-01-05,0.17,2,122,1,
1376518019291707436,Ink & Key Retreat,89119768,1467080681258526373,Sarah,,Near South,39.940851958281925,-82.97376171475919,Entire home/apt,,30,1,2025-11-22,0.13,19,0,1,
1376953576818546836,Queen Room with amenities-Emerald Bloom,291919987,1469513531294482184,Jayda,,Southeast,39.89964028770845,-82.82069040188657,Private room,66,30,4,2026-02-21,0.70,2,364,4,2057-2189
1377105581882378069,Ranch Home | OSU & Downtown Nearby | King & Bunks,683803920,1470707936742060588,Frederica,,North Linden,40.04438,-82.97736,Entire home/apt,219,1,51,2026-06-21,3.35,1,342,38,2025-1476
1377792151486562273,Beautiful bedroom in Columbus.,653664568,1470643308520275694,Prince,,Near East,39.9560019,-82.9526592,Private room,43,30,0,,,6,332,0,
1378459566990315633,Breath of Fresh Air House- 3 BR 2BA,496464688,1470234037205070583,Housepitality,,Near South,39.950901,-82.961044,Entire home/apt,406,1,10,2026-05-14,0.66,25,359,6,STRP25000557
1378516695279122600,Cozy room near Downtown,37853441,1465566431372072356,Azar,,Near East,39.97172419108584,-82.95611635443667,Private room,56,5,14,2026-06-08,0.98,15,269,11,STRP25000365
1378924972061213366,"Creekside Cottage- HotTub, FirePit & Winery Nearby",85306143,1467028766692398866,Jeremiah,,Rocky Fork-Blacklick,40.06794187626474,-82.89467128356955,Entire home/apt,392,1,54,2026-06-14,3.53,13,63,35,STRP26000254
1378960883870158056,Townhome|Backyard|Patio|NCH,432234139,1467704638516686531,Sara,,Near East,39.967629170889666,-82.96768823295841,Entire home/apt,114,30,3,2025-10-18,0.21,71,325,1,
1379000734500881293,East Side of Columbus 2 Bed,286980818,1469497793353894873,Cheryl,,Near East,39.97593196068239,-82.95977348596466,Entire home/apt,72,30,3,2026-06-05,0.32,48,319,3,
1379063777652782382,Minutes from everywhere in Cbus,52670347,1465853444992420757,Patrick,,Franklinton,39.957526673565866,-83.02810286458003,Entire home/apt,81,30,4,2025-12-10,0.30,8,218,3,STRP12345678
1379720105053385863,Updated luxury 1 Bedroom unit with a pool and hot,453019578,1470038730828227920,Tom,,West Olentangy,39.9869419,-83.03287030000001,Entire home/apt,,1,35,2026-06-13,2.28,63,1,34,2025-1592
1379775259168761027,Townhome|German Village|Private Patio|Near OSU,432234139,1467704638516686531,Sara,,Near South,39.950069096064595,-82.99197912837776,Entire home/apt,126,30,2,2025-11-30,0.16,71,281,1,
1379804447020398261,Updated Flat|Columbus|OSU|NCH,432234139,1467704638516686531,Sara,,Northwest,40.05374198850501,-83.03593194384099,Entire home/apt,90,30,3,2025-10-31,0.23,71,350,2,
1380644552126142295,Room near Columbus Downtown,37853441,1465566431372072356,Azar,,Near East,39.9724,-82.95704,Private room,61,5,14,2026-05-26,0.94,15,254,6,STRP25000365
1381294180068236528,Luxury meet peace 4,483640056,1470177572716821921,Taiwo,,Eastland/Brice,39.90981002979099,-82.83738018507866,Private room,70,2,21,2026-06-10,1.35,11,359,14,2025-1148
1382110398285087882,Short North | OSU l Arena District l Game Room,24496736,1465305331301360950,Jae & Kat,,Near North/University,39.9745938,-83.0103086,Entire home/apt,258,2,39,2026-06-21,3.19,1,198,38,STRP25000400
1383495861087837909,Charming Townhome Overlooking Schiller Park,96093967,1467157441825333410,Marisa,,Near South,39.94138153006136,-82.99435179818998,Entire home/apt,144,30,3,2025-11-29,0.26,1,287,3,2025-1791
1383689723443276565,"Stay w/ Home Theater, Games, Pond View & More!",462623546,1470084173204732755,Brandon,,Westland,39.95283293533958,-83.15398282973777,Entire home/apt,542,1,41,2026-06-14,2.72,5,300,33,2025-1670
1384011871305101415,2BR + loft spacious luxury home Sleeps 6-8,34396526,1465504630739630712,DCMA Realty LLC,,Near North/University,39.975570129752114,-83.0108692760432,Entire home/apt,,1,10,2026-03-15,0.71,4,0,7,STRP25000405
1384179254947373975,"Split-Level Comfort | 2 Living Rooms, Garage, Deck",432234139,1467704638516686531,Sara,,Eastland/Brice,39.92247049694211,-82.84520748502493,Entire home/apt,140,30,1,2025-12-01,0.14,71,147,1,
1384962899339283452,Updated 2-Bedroom with a pool and hot tub,453019578,1470038730828227920,Tom,,West Olentangy,39.9873323,-83.03372519999999,Entire home/apt,187,1,69,2026-06-22,5.00,63,152,64,STRP26000414
1385521809681378714,Summit Scholars Suites For 12,463267531,1470087400930393529,Grand Welcome Ohio Kentucky,,Near North/University,40.0100956,-83.0008254,Entire home/apt,703,1,12,2026-06-14,0.81,43,280,9,2025-1322
1385527665679821296,Summit Scholars 1 - For 6,463267531,1470087400930393529,Grand Welcome Ohio Kentucky,,Near North/University,40.0100937,-83.0007868,Entire home/apt,220,1,9,2026-05-03,0.62,43,296,6,2025-1322
1385529949299096872,Summit Scholars 2 For 6,463267531,1470087400930393529,Grand Welcome Ohio Kentucky,,Near North/University,40.0100924,-83.0007093,Entire home/apt,324,1,9,2026-01-05,0.65,43,301,7,2055-1323
1385819347524060454,Short North King Suite w/ Sofa Bed & Private Bath,175078890,1468698058414220878,Robert,,Near North/University,39.97719909999999,-83.00207897976229,Private room,147,1,2,2025-09-21,0.16,8,306,1,Exempt
1386299417542663411,Newly Renovated Ranch Home in Columbus,256275416,1469354162164102725,Caroline,,Northwest,40.057097150231726,-83.05827915776648,Entire home/apt,120,30,6,2025-12-07,0.54,1,210,6,2025-2605
1386520048139471506,lovely,686722533,1470714054993628366,Jale,,Eastmoor/Walnut Ridge,39.949066472290774,-82.88775195399064,Shared room,47,2,40,2026-06-21,2.72,3,359,38,2025-1388
1386532225625701587,kenbon,686722533,1470714054993628366,Jale,,Eastmoor/Walnut Ridge,39.94942,-82.88635,Shared room,46,2,41,2026-06-14,2.78,3,359,36,2025-1388
1387339980166434243,Gahanna Dreaming - 5Br 2 Ba  INTEL,519156832,1470336044328166601,Housepitality,,Northland,40.0647689,-82.91450019999999,Entire home/apt,478,1,11,2026-06-25,0.73,9,323,6,2024-2322
1388448389139364881,2BR Townhome w/ Office near NCH,685748072,1470711988422750330,Lenka,,Near South,39.9416158,-82.9979192,Entire home/apt,115,30,1,2025-10-04,0.11,1,346,1,2025-1234
1388527621988450684,Harry Potter fans! Close to Cbus Convention,188952964,1468979365533274168,Luana,,Near North/University,39.9773854,-83.00478129999999,Private room,103,1,98,2026-06-16,6.45,7,102,84,2023-3156
1389139682826877628,Downtown Mode,398303111,1463610093183843298,Maria Dolores,,Downtown,39.96372428442294,-83.00154742542666,Entire home/apt,103,30,4,2026-04-20,0.30,2,315,3,
1389198559265443519,Close to Cbus Convention Center- Space Themed,188952964,1468979365533274168,Luana,,Near North/University,39.9773854,-83.00478129999999,Private room,,30,98,2026-06-10,6.46,7,87,78,2025-1932
1389322309336859258,The City Nook,194281106,1463106943901266179,Nicole,,Near North/University,39.9785718,-82.9983547,Entire home/apt,152,1,111,2026-06-28,7.42,59,299,91,2024-0891
1389350222630032811,Short North Hideaway,194281106,1463106943901266179,Nicole,,Near North/University,39.98202149999999,-83.00430539999999,Entire home/apt,152,1,94,2026-06-27,6.65,59,275,77,2024-0913
1389637575870479109,Nice Bedroom in Columbus,653664568,1470643308520275694,Prince,,Near East,39.95686510428469,-82.95150585911293,Private room,40,30,2,2025-09-20,0.17,6,335,2,
1389860661020113010,Large Comfy Rm Centrally Located,14560233,1462941544369664941,Connie,,Near South,39.942907329482274,-82.96733253763796,Private room,34,31,1,2025-12-07,0.15,3,128,1,
1390615540090627195,3 Bedroom home in Merion Village,108031386,1467309135144960680,Nohal,,Near South,39.93445657537254,-82.99243846882278,Entire home/apt,383,1,6,2026-05-18,0.59,1,361,6,2025-2341
1390838322695934462,Charming Village Hideaway Steps from Downtown,259386526,1463322202987266368,Griffin,,Near South,39.95049220000001,-82.9833855,Entire home/apt,191,1,56,2026-06-17,3.96,19,225,43,2025-1886
1392106980876941308,The Rhodes House - a cozy cottage with charm,398764508,1469833290181012221,Rayna,,North Linden,40.04074,-82.98485,Entire home/apt,95,30,1,2025-10-31,0.12,6,179,1,
1392299847417234035,The Mohawk Masterpiece,496464688,1470234037205070583,Housepitality,,Near South,39.9482969,-82.9933496,Entire home/apt,495,1,32,2026-06-08,2.13,25,340,31,STRP25000099
1392586161415690524,Cozy 30-Night Stay|Your Monthly Home in Columbus,115836608,1462908128595617159,Erich,,Near East,39.9649954,-82.9745528,Entire home/apt,83,30,4,2026-02-02,0.33,45,326,4,
1392926709822520628,"Luxury Italian vibe 3Bed | Pool, Gym, Parking",596999117,1470628977225317394,Ak,,Near North/University,39.98629722065254,-82.99557745456696,Entire home/apt,291,1,57,2026-05-30,3.83,1,120,36,2025-1759
1392933178494477457,Ingweta Air B&B Fun & Adventure,679873223,1470700242359626822,Mimie,,Northland,40.068980993992305,-82.98597447574139,Entire home/apt,350,1,42,2026-06-28,2.99,1,354,37,2025-1347
1393514104542184893,Buckeye house,688475848,1470717795141081353,Jessica,,North Linden,40.04106209572327,-82.99209311448624,Entire home/apt,107,30,2,2025-10-10,0.16,1,332,2,
1394175907744868491,Walk to OSU/Short North | Free Parking | Fire Pit,9772774,1462823052342751766,Joshua,,Near North/University,39.98867165746406,-83.00753349643117,Entire home/apt,341,1,78,2026-06-25,5.55,2,338,72,STRP26000549
1394344991954600822,"OSU Themed- Private Kitchen, Bathroom- Central",188952964,1468979365533274168,Luana,,Near North/University,39.9773854,-83.00478129999999,Entire home/apt,99,1,98,2026-06-14,6.56,7,100,84,2023-3122
1394486721074743253,Wilber A - First Floor Apt|Victorian Village|OSU,432234139,1467704638516686531,Sara,,Near North/University,39.97932,-83.01192,Entire home/apt,106,30,2,2025-08-12,0.16,71,265,1,
1394874088614543419,"The OP 
5th Ave OSU
Grandview Shops & Dining",688750921,1470718414851168485,David,,West Olentangy,39.98909,-83.05237,Entire home/apt,359,1,11,2026-06-21,1.38,1,74,11,STRP25000127
1394911289846633367,"Loft Style- Private Kitchen, Bathroom- Central",188952964,1468979365533274168,Luana,,Near North/University,39.9773854,-83.00478129999999,Private room,103,1,107,2026-06-22,7.47,7,68,93,2023-7654
1394921660151847675,Stylish Condo Near Downtown!,453711433,1470041421803682612,Goose Fox LLC,,Near South,39.943436512504945,-82.9668077536882,Entire home/apt,146,2,25,2026-06-18,1.70,18,355,22,2025-1603
1394966788258066669,Trendy Condo near Downton Sleeps 8!,453711433,1470041421803682612,Goose Fox LLC,,Near South,39.943130511529546,-82.96775873308364,Entire home/apt,170,2,30,2026-06-12,2.06,18,354,22,2025-1601
1395260943437231453,Italian Village | Hosts 4 | 1 Bedroom | Pool & Gym,22716273,1463186590458312426,Kelly And Jennifer,,Near North/University,39.99211818053687,-83.00202672926544,Entire home/apt,249,1,47,2026-06-14,3.19,6,350,35,2025-1757
1395282050307573108,Bright Roomy Stay w/Pacman Arcade!,453711433,1470041421803682612,Goose Fox LLC,,Near South,39.94394253870317,-82.96833105914631,Entire home/apt,164,2,15,2026-06-19,1.02,18,362,10,2025-1600
1395307465803255624,Modern Condo w Ping-Pong near Downton,453711433,1470041421803682612,Goose Fox LLC,,Near South,39.94407287507376,-82.967076623238,Entire home/apt,150,2,23,2026-06-19,1.58,18,341,18,2025-1602
1395312114036287493,Italian Village | Hosts 2 | 1 Bedroom | Pool & Gym,22716273,1463186590458312426,Kelly And Jennifer,,Near North/University,39.992173958730184,-83.00156372296904,Entire home/apt,288,1,49,2026-06-07,3.33,6,321,43,2025-1756
1395335786622839688,Italian Village | Hosts 4 | 1 Bedroom | Pool & Gym,22716273,1463186590458312426,Kelly And Jennifer,,Near North/University,39.99331905514162,-83.00174605402731,Entire home/apt,285,1,51,2026-05-31,3.45,6,338,42,2025-1758
1395348283711580865,Italian Village | Hosts 6 | 2 Bedroom | Pool & Gym,22716273,1463186590458312426,Kelly And Jennifer,,Near North/University,39.993940850914946,-83.00068870675065,Entire home/apt,283,1,71,2026-06-14,4.81,6,320,59,2025-1761
1396001071468458535,"Renovated Historic Retreat - Hot tub, games",689172338,1470719360030395769,Marc,,Near East,39.96912886790826,-82.9616435210966,Entire home/apt,713,2,54,2026-06-25,4.54,1,26,54,2025-1904
1396407189906678924,Buckeye Luxury meet peace,483640056,1470177572716821921,Taiwo,,Near North/University,40.0102719,-82.99924159999999,Entire home/apt,394,1,30,2026-06-14,2.37,11,99,28,2025-1870
1396415389774652389,Fresh & Functional Columbus Stay,286980818,1469497793353894873,Cheryl,,Near South,39.945905854823025,-82.98190027692546,Entire home/apt,73,30,4,2026-04-30,0.31,48,191,3,
1397418076930380104,Two bedroom mid-century modern,76132513,1466934248722455002,Antonio,,West Scioto,40.023269,-83.11103399999999,Entire home/apt,128,30,1,2025-12-06,0.15,1,301,1,
1398755964707393207,Walkable Grandview 2BR | Long-Term Stay Favorite,145397,1462510814911175273,Andrew,,West Olentangy,39.986498705787945,-83.03914050841837,Entire home/apt,82,30,5,2026-06-13,0.42,2,251,5,
1399176315282489513,"Wakanda Forever 
(King Bed)",16184897,1462596930313809844,Toya,,South Linden,40.00869,-82.97355,Private room,45,30,0,,,6,180,0,
1401016811761525751,Delightful Down stairs Room,512588539,1470305252877037719,Atenafu,,Eastmoor/Walnut Ridge,39.93761172968805,-82.87217982308401,Private room,35,5,0,,,5,271,0,2026-1706
1401614010765850992,CozyCasita&Gameroom close to Downtown!,537299944,1470410123477678814,Abel,,Far South,39.885009949516295,-82.99292208495964,Entire home/apt,,2,18,2025-07-11,1.24,2,0,2,2025-1048
1402346310850193551,Navy King Ranch | Sleeps 9 | OSU + Easton,465176614,1470096547849294326,Tina,,North Linden,40.03606,-82.97432,Entire home/apt,326,1,43,2026-06-05,3.06,3,357,35,2025-1475
1402849066075311315,Luxury meet peace room 3,483640056,1470177572716821921,Taiwo,,Eastland/Brice,39.91062,-82.83717,Private room,63,1,4,2025-11-29,0.36,11,356,4,2025-1148
1402859489415291305,Riverside Roost - 1.2 miles from Bridgepark,690789725,1470722833402034181,Jennifer,,Northwest,40.08524935701743,-83.10539533802482,Entire home/apt,,1,11,2025-12-22,0.83,1,0,8,2025-2175
1402874630518393063,•	3BR Retreat | Near OSU + Downtown + Free Parking,389507331,1463589691336870963,Jeff,,Near East,39.9743,-82.95906,Entire home/apt,302,1,27,2026-05-31,1.88,1,344,18,STRP26000539
1404017296330860096,Spacious Modern 4BR Home 3 Story w Garage,552434649,1470469185186004337,Rashed,,Near South,39.93652231586695,-82.98193661355246,Entire home/apt,200,1,29,2026-06-08,2.18,5,335,22,STRP26000795
1404453537287517010,"3 bed, 2.5 bath near downtown",135933770,1468354090520374077,Jake,,Near South,39.92937425376326,-82.99200419055161,Entire home/apt,99,31,1,2025-09-18,0.11,4,358,1,2025-1234
1404597812804823844,Wilber C - Apartment|Updated|Victorian Village,432234139,1467704638516686531,Sara,,Near North/University,39.98031,-83.01191,Entire home/apt,90,30,2,2026-06-07,0.30,71,335,2,
1405392476931704967,Cosy room 1,483640056,1470177572716821921,Taiwo,,Near North/University,40.00916212156246,-82.99980993419761,Private room,64,1,33,2026-06-05,2.63,11,335,31,2025-1870
1405405578411229724,Cosy room 2,483640056,1470177572716821921,Taiwo,,Near North/University,40.01103,-82.99971,Private room,58,1,30,2026-06-12,2.20,11,337,20,2025-1870
1405410487454735347,Cosy room 3,483640056,1470177572716821921,Taiwo,,Near North/University,40.00909,-83.00019,Private room,63,1,22,2026-05-18,1.61,11,335,15,2025-1870
1405415664342760601,Cosy room 4,483640056,1470177572716821921,Taiwo,,Near North/University,40.009135956924105,-83.00002340168996,Private room,61,1,39,2026-06-11,2.92,11,337,31,2025-1870
1405417241966696581,cosy room 5,483640056,1470177572716821921,Taiwo,,Near North/University,40.00970805430595,-82.99855284763139,Private room,62,1,46,2026-05-21,3.24,11,337,29,2025-1870
1406001281322231228,Cozy Retreat Near Fairgrounds,9645691,1462819572495674261,Herman,,South Linden,39.99958915329471,-82.97935545444489,Entire home/apt,111,1,57,2026-06-21,5.01,1,125,57,STRP26000791
1406581046730677235,Northwoods 124-2B I Comfy 1 Bed 1 Bath,358619880,1468116486378524809,Properties By Preston,,Far North,40.12996,-83.0206,Entire home/apt,,30,4,2026-02-28,0.37,23,198,4,
1406581069276091840,Northwoods 8083-2D I 2 Bed 2 Bath,358619880,1468116486378524809,Properties By Preston,,Far North,40.127949808361855,-83.01956978850139,Entire home/apt,,30,1,2025-07-27,0.09,23,106,1,
1406581125411617694,Northwoods 140-2B I Comfy 1 Bed 1 Bath,358619880,1468116486378524809,Properties By Preston,,Far North,40.13127400995352,-83.02198411342117,Entire home/apt,105,30,1,2025-06-01,0.08,23,217,0,
1406581161932941059,Northwoods 8122-3B I Comfy 1 Bed 1 Bath,358619880,1468116486378524809,Properties By Preston,,Far North,40.12825643453128,-83.02051653531949,Entire home/apt,104,30,1,2025-06-09,0.08,23,188,0,
1406581187960939105,Northwoods 8129-2B I Comfy 1 Bed 1 Bath,358619880,1468116486378524809,Properties By Preston,,Far North,40.12926437979533,-83.02252123548406,Entire home/apt,84,30,0,,,23,167,0,
1406581217610384102,Northwoods 8204 -2A I Comfy 2 Bed 1 Bth,358619880,1468116486378524809,Properties By Preston,,Far North,40.129135831582055,-83.02065246872039,Entire home/apt,,30,4,2026-05-09,0.30,23,197,3,2025-9853
1406581247848678548,Northwoods 8208-1B I 2 Bed 1 Bath,358619880,1468116486378524809,Properties By Preston,,Far North,40.13068031550618,-83.02095655896048,Entire home/apt,104,30,2,2026-06-06,0.41,23,86,2,
1406581286594564698,Northwoods 8208-2B I 2 Bed 1 Bath,358619880,1468116486378524809,Properties By Preston,,Far North,40.13111528191504,-83.02129155206741,Entire home/apt,104,30,2,2026-02-13,0.19,23,212,2,
1407354953658590053,The Highline - Downtown Rooftop Escape,158439641,1468543439958083754,GH Hospitality,,Downtown,39.9596194,-82.9844784,Entire home/apt,424,2,13,2026-06-07,0.92,40,324,10,2024-2967
1409220151753428968,Parkside Balcony Condo with Pool Table,552434649,1470469185186004337,Rashed,,Near East,39.9596975029219,-82.96546054787441,Entire home/apt,308,2,68,2026-06-14,5.16,5,354,60,2024-2486
1410470530837830490,Stylish Parkside Retreat with Fenced Yard,552434649,1470469185186004337,Rashed,,Near East,39.96084665170039,-82.9660946297914,Entire home/apt,244,1,55,2026-05-31,3.96,5,354,41,2024-2486
1411033751026335178,The Baker-Miller Pink Studio,284183973,1469488036110533150,Ana Torres,,Near North/University,39.9773854,-83.00478129999999,Entire home/apt,113,30,94,2026-06-14,6.68,4,163,78,2023-3168
1411124373454398151,Private Yard In German Village Near Children's,536679974,1470407873093382072,Sean,,Near South,39.94067,-82.99052,Entire home/apt,224,1,60,2026-06-07,4.32,3,350,54,STRP26000741
1411164411142720263,North of OSU Home by Lucky's Market & Clintonville,2994567,1462614436633814142,Mark,,Near North/University,40.0170691,-83.0073285,Entire home/apt,94,30,1,2025-08-30,0.10,13,302,1,2024-1963
1411181274718571466,2bd 1.5 bth condo great local,120455802,1462918465382224777,Norma,,Northland,40.05858884116939,-82.93183590671039,Entire home/apt,,30,0,,,15,0,0,
1412336834880603481,Cozy 1-Bedroom with Pool Table,673188127,1470686321960765496,Danny,,Downtown,39.96466008898507,-82.98433410068219,Entire home/apt,124,2,19,2026-06-14,1.48,14,343,18,2024-0858
1412357982511611434,Screened Porch & Easy Parking - 8 mins to CMH,52174539,1465836807997101830,Kate & Nat,,Northeast,39.9830065,-82.9368926,Entire home/apt,190,2,16,2026-06-15,1.19,21,263,12,STRP26000712
1412423623611458551,Pet-Friendly | New Hot Tub | Downtown | 3BR,458647203,1470065121324881511,Mike,,Near East,39.96881,-82.97298,Entire home/apt,299,2,30,2026-05-24,2.19,1,4,26,2023-2126
1412491382212691361,Columbus 1 Bed Stay,286980818,1469497793353894873,Cheryl,,Near East,39.969964523863396,-82.95326013994543,Entire home/apt,49,30,3,2026-05-01,0.27,48,294,3,
1412554885786747937,Cozy in Columbus,286980818,1469497793353894873,Cheryl,,Near East,39.970478615996434,-82.95463204566249,Entire home/apt,49,30,4,2026-05-01,0.31,48,296,3,
1414490447825711005,New Build OSU Short North Dtown,206636975,1469077979450413023,Kimberleigh M,,Near North/University,39.980209533529596,-83.01886832855575,Entire home/apt,340,2,25,2026-05-24,1.81,7,323,22,2025-2172
1414509483428510946,Dayton Escape! 1 Mile to OSU !,51373382,1465802269849810605,Sean,,Near North/University,40.01656,-83.00454,Entire home/apt,279,2,10,2026-03-19,1.05,12,359,10,STRP25000498
1414671682632636033,"Just Listed, D Town Views, OSU, Short North!",206636975,1469077979450413023,Kimberleigh M,,Near North/University,39.98056544019402,-83.01758871229472,Entire home/apt,338,2,8,2026-05-11,0.65,7,362,7,2025-2174
1415208369655457791,Chic City Retreat 93J – For 2!,463267531,1470087400930393529,Grand Welcome Ohio Kentucky,,Near East,39.9637081,-82.9691546,Entire home/apt,184,1,16,2026-05-28,1.16,43,340,13,2024-2271
1415214649962109693,Chic City Retreat 99 For 2!,463267531,1470087400930393529,Grand Welcome Ohio Kentucky,,Near East,39.9637081,-82.9691546,Entire home/apt,185,1,9,2025-10-26,0.67,43,312,6,2024-2271
1415500749232242708,Hot Tub | Retro Game Room | Minutes to Short North,694144838,1470729752179927190,Barbara / LABA Properties,,South Linden,39.98228712909044,-82.97926885986878,Entire home/apt,737,2,24,2026-06-21,1.98,1,355,24,2025-2305
1416200271457655087,It feels just like home.,550207241,1470460596531545821,Anthony,,Near South,39.94674357484367,-82.96480800463938,Entire home/apt,149,7,13,2026-05-18,0.99,3,191,10,2025-2043
1416293123178022569,2 bed Condo in the Short North,228223872,1469215646116156331,Eric,,Near North/University,39.98084,-83.01195,Entire home/apt,137,30,5,2026-04-26,0.36,14,90,3,2025-2338
1416604421673747361,West Como Gardens,315729151,1469595872435283272,Rachel,,Clintonville,40.029252545733506,-83.01829373220599,Entire home/apt,131,30,1,2025-11-21,0.14,15,318,1,
1416648626415707041,2BD 2BA Condo - Italian Village w Gym/Pool/Parking,689861081,1470720815808435271,Gurinder Bir,,Near North/University,39.983856885558744,-82.99728604365501,Entire home/apt,231,2,43,2026-06-08,3.20,1,174,36,2025-1948
1416881254062865062,Hue Haven - Bedroom in shared house,121842535,1468236740473196139,Carmen,,South Linden,40.011777971524666,-82.97590409645996,Private room,105,1,15,2026-05-09,1.15,2,328,13,2025-1316
1416917441511842893,Italian Village Hideaway – Steps from Art & Eats,689340129,1470719728098017633,Antonio,,Near North/University,39.98497042399017,-82.99626274990379,Entire home/apt,141,1,64,2026-05-25,4.71,1,339,54,2025-1948
1417478040794843552,"Surfside Escape - Gym, Hot Tub, Pool Table",158439641,1468543439958083754,GH Hospitality,,Near South,39.937853,-82.9632692,Entire home/apt,289,2,20,2026-06-07,1.61,40,352,19,2024-3287
1419022568461707398,Italian Village 2 bedrooms with 2 bath,424909628,1469926978883723712,CASA YT Managerment Serivce LLC,,Near North/University,39.983581342600026,-82.99701744119771,Entire home/apt,155,2,51,2026-06-14,3.74,2,254,45,2025-1948
1419185748106111261,Italian village luxury 2 bedroom 2 bathroom,424909628,1469926978883723712,CASA YT Managerment Serivce LLC,,Near North/University,39.9841358,-82.99628940000001,Entire home/apt,159,1,56,2026-06-21,4.19,2,230,48,2025-1948
1419678613090598852,"Buckeye Rooftop, Hot tub, Game room, Movie room",695133949,1470731862190875315,Jesse,,South Linden,39.98263596254827,-82.98986014407292,Entire home/apt,866,1,59,2026-06-11,4.41,1,318,52,2025-1516
1419715688109136833,Feng Shui Stay - German Village,83760280,1467013395776998472,Luke,,Near South,39.9429904,-82.98523589999999,Entire home/apt,243,2,22,2026-06-05,1.68,8,327,20,2025-2109
1420496991695824417,"5 min to Downtown, King Suite, Pet-friendly",58770681,1466704075789305978,Dena,,Franklinton,39.95417891777612,-83.02414294459659,Entire home/apt,291,2,9,2026-06-07,1.23,1,356,9,2025-2502
1420974979904336023,Victorian B&B King Suite • Walk to High Street,175078890,1468698058414220878,Robert,,Near North/University,39.977900480821454,-83.00296607980289,Private room,141,1,1,2026-06-06,1,8,315,1,Exempt
1421060677966520646,Short North King Room w/ Wi-Fi & Breakfast,175078890,1468698058414220878,Robert,,Near North/University,39.97757682346511,-83.00297043241018,Private room,141,1,4,2026-06-14,0.38,8,322,4,Exempt
1421088556504174940,"Short North City Escape, Queen Suite 1st floor",175078890,1468698058414220878,Robert,,Near North/University,39.978263455639954,-83.00160892253983,Private room,139,1,7,2026-06-22,0.51,8,319,6,Exempt
1421174551290329891,Affordable Guesthouse | Near Downtown Columbus.,518197974,1470331472251142268,Claudette,,Near East,39.974868,-82.9642602,Entire home/apt,128,2,28,2026-06-13,2.21,1,69,24,2025-2006
1421190359184828437,NEWLY Built LUX APT w/Parking+LNDRY+GYM+Balcony,314699866,1469593483997356027,Trish,,Near East,39.95791497933349,-82.96829233843661,Entire home/apt,210,1,64,2026-06-19,4.79,6,343,61,2025-2140
1421195754121848491,Fresh Built Lux APT w/GYM+On-Site Parking+Balcony,585852167,1470601891300915330,Dylan,,Near East,39.956757949421636,-82.96892303799649,Entire home/apt,209,1,53,2026-06-07,4.02,4,354,42,2025-2139
1421197959008380579,New Built Clean APT w/On-Site Parking+GYM+Balcony,314699866,1469593483997356027,Trish,,Near East,39.95754630770141,-82.96681808975106,Entire home/apt,231,1,100,2026-06-14,7.48,6,347,89,2025-2138
1421908159176367454,The Codebase—ProgrammerThemed Studio in ShortNorth,284183973,1469488036110533150,Ana Torres,,Near North/University,39.97854287340096,-83.00421748160393,Entire home/apt,110,30,111,2026-06-20,8.28,4,161,99,2023-3168
1421945766875698341,"Landing | Stylish 1BD, Clubhouse, Pool",263502162,1463333307662174289,Landing,,Southeast,39.88052811916211,-82.82290724232176,Entire home/apt,77,30,1,2025-07-02,0.08,17,339,1,
1421945793222814240,"Landing | Stunning 2BD, Clubhouse, Pool",263502162,1463333307662174289,Landing,,Southeast,39.88051257510987,-82.82282326237936,Entire home/apt,89,30,0,,,17,302,0,
1421945814335523019,"Landing | Stunning 2BD, Clubhouse, Pool",263502162,1463333307662174289,Landing,,Southeast,39.88059,-82.82251,Entire home/apt,83,30,0,,,17,339,0,
1423177566767441779,2 Bed Cottage in the City,286980818,1469497793353894873,Cheryl,,Near South,39.9443703750376,-82.95835934133201,Entire home/apt,73,30,2,2026-01-08,0.21,48,332,2,
1423497343428550668,XL Convention Center Condo Downtown FREE Parking,2994567,1462614436633814142,Mark,,Downtown,39.97304630187227,-83.00322511348405,Entire home/apt,308,1,48,2026-06-10,3.65,13,325,46,STRP26000615
1424257235621143435,Franklin Park Gem | Space for the Whole Crew,24660892,1708375326256670650,Amy,,Near East,39.96413907894508,-82.95694898700631,Entire home/apt,355,1,18,2026-06-12,1.57,2,43,18,2025-2267
1424258408617173594,"Serenity Traveler’s  Joy, Central Air Washer/Dryer",429239046,1463679518748827262,Michelle,,Eastmoor/Walnut Ridge,39.97491,-82.90789,Entire home/apt,111,30,0,,,1,299,0,
1424687715353631206,C: Modern Apt | Parking | Near German Village+Dtwn,432234139,1467704638516686531,Sara,,Near South,39.946009954834,-82.98524738769856,Entire home/apt,86,30,1,2025-10-01,0.11,71,325,1,
1424711856290133639,E: Modern Apt | Parking | Near German Village+Dtwn,432234139,1467704638516686531,Sara,,Near South,39.9475786010514,-82.98496883984474,Entire home/apt,86,30,1,2026-05-31,1,71,195,1,
1424711857376915424,G: Modern Apt | Parking | Near German Village+Dtwn,432234139,1467704638516686531,Sara,,Near South,39.94618,-82.98577,Entire home/apt,86,30,1,2025-09-30,0.11,71,318,1,
1424711859249003888,D: Modern Apt | Parking | Near German Village+Dtwn,432234139,1467704638516686531,Sara,,Near South,39.94609569615746,-82.9849957835959,Entire home/apt,86,30,1,2025-11-23,0.14,71,234,1,
1424712818782690590,J: Modern Apt | Parking | Near German Village+Dtwn,432234139,1467704638516686531,Sara,,Near South,39.94577816187962,-82.98495510197203,Entire home/apt,86,30,0,,,71,234,0,
1424712913501721488,K: Modern Apt | Parking | Near German Village+Dtwn,432234139,1467704638516686531,Sara,,Near South,39.94710918281839,-82.9851486908739,Entire home/apt,86,30,5,2026-05-10,0.41,71,313,5,
1424712915348026171,H: Modern Apt | Parking | Near German Village+Dtwn,432234139,1467704638516686531,Sara,,Near South,39.94596631168676,-82.98500886590693,Entire home/apt,86,30,3,2026-05-31,0.30,71,311,3,
1424836622583757823,"Eclectic OSU Home, Fenced Yard for Pets, Patio",258840575,1469367525709855365,Claire,,Near North/University,40.0167848,-83.0035454,Entire home/apt,,1,27,2026-05-04,2.59,1,0,27,2025-2228
1424870123267534360,"Franklin Park Gem | Historic Bones, Modern Comfort",24660892,1708375326256670650,Amy,,Near East,39.9631738,-82.9560206,Entire home/apt,516,1,20,2026-06-27,1.70,2,39,20,2025-2266
1425442265631123702,Southern Columbus Charm,286980818,1469497793353894873,Cheryl,,Near South,39.94436628274614,-82.97732993865112,Entire home/apt,80,30,2,2026-06-27,0.20,48,332,2,
1426058710850347784,Home in Columbus for Family and Friends,676801221,1470693711779619895,Esteban,,Northland,40.08611347659909,-82.98174555833694,Entire home/apt,619,1,27,2026-06-14,2.29,1,338,27,2025-2362
1426149744689637346,The Goodale Park Modern | 2-Car Garage,52174539,1465836807997101830,Kate & Nat,,Near North/University,39.9749169,-83.0096159,Entire home/apt,488,2,49,2026-06-14,3.68,21,330,47,2025-2113
1427568165955697650,4BR Close to OSU & DT Columbus,697127932,1470736002101874961,Perry,,Near North/University,39.99054133550127,-83.00385266683783,Entire home/apt,455,2,27,2026-06-15,2.05,1,62,20,2025-1941
1427711060699069264,A Historic Home with Modern Amenities in German Vi,453019578,1470038730828227920,Tom,,Near South,39.9445288,-82.9858821,Entire home/apt,351,1,35,2026-05-31,3.01,63,169,35,STRP26000421
1427711536430762395,Stylish 4 bed in German Village,453019578,1470038730828227920,Tom,,Near South,39.944448,-82.985813,Entire home/apt,446,1,18,2026-03-29,1.57,63,122,18,STRP26000421
1428456281985180268,Cozy simple Short North & OSU,9888397,1462826197007279290,Jonathan,,Near North/University,39.989543809512554,-82.99939724693473,Entire home/apt,,2,10,2026-06-07,1.11,1,0,10,2025-2073
1430488341702885973,Town House Columbus Ohio (1212),511589139,1470300484741919434,Mohammed,,South Linden,40.00325,-82.97504,Entire home/apt,103,7,4,2026-01-11,0.32,1,351,2,2025-2018
1430690635447382047,3 BR home by German Village,697918539,1470737571397560496,Natasha,,Near South,39.93699967606218,-82.97745225745989,Entire home/apt,196,1,26,2026-05-14,2.10,1,354,24,2025-2336
1431177793261975561,"Chic Studio Near Downtown, Full Kitchen Included!",104032520,1467248938308172976,Zari,,Near South,39.94280767830801,-82.98337334402932,Entire home/apt,72,30,5,2026-06-05,0.43,11,318,5,
1431992343665051800,"Short North, High Street, Off Street Parking",26798180,1465382453772279679,Lauren,,Near North/University,39.9900063824761,-83.00142839970222,Entire home/apt,311,2,32,2026-06-15,2.48,1,361,29,2025-1976
1432623106906352817,Star Wars Studio,284183973,1469488036110533150,Ana Torres,,Near North/University,39.97800301202711,-83.00538564255982,Entire home/apt,107,30,103,2026-06-15,7.84,4,86,88,2025-1932
1432624711274066585,Cozy room near OSU & downtown,360666874,1469723206575813818,Sandra,,North Linden,40.0177010592306,-82.9687566455728,Private room,44,30,4,2026-06-01,0.36,3,333,4,
1433398112605134605,Ideal for Long Stays | Pet-Friendly/ Franklin Park,115836608,1462908128595617159,Erich,,Near East,39.96180582040376,-82.96784117106118,Entire home/apt,97,30,4,2026-05-16,0.39,45,358,4,
1434429553313435062,"Close to OSU, Major Shopping Center and More !",236219044,1469257204979735781,Elizabeth,,West Scioto,39.98790899999999,-83.1033884,Private room,166,1,7,2026-05-18,1.59,1,354,7,STRP26000187
1434920803333615349,Spacious & Central Columbus Home,94490662,1462858046627862642,Erin,,North Linden,40.04328361873513,-82.98169071008094,Entire home/apt,252,2,12,2026-06-14,1.28,2,238,12,2025-1335
1434967646212591045,2BR W Backyard – Near Downtown!,104032520,1467248938308172976,Zari,,Near East,39.9666682,-82.97112949999999,Entire home/apt,137,3,19,2026-06-19,1.62,11,173,19,2025-5487
1434970374080193616,German Village Gem -Pets Welcome,114135858,1468176973500495254,Payton,,Near South,39.94355084288468,-82.99756513392823,Entire home/apt,193,1,37,2026-06-21,2.98,8,333,35,STRP26000077
1434997672430469781,Charming Suite|Walk to Parks & Cafes|Pets Welcome,114135858,1468176973500495254,Payton,,Near South,39.943351219906134,-82.99839903057715,Entire home/apt,152,2,45,2026-06-10,3.61,8,343,44,STRP26000077
1435001831532349132,3BR w Backyard – Near Downtown!,104032520,1467248938308172976,Zari,,Near East,39.9666682,-82.97112949999999,Entire home/apt,253,2,9,2026-06-14,1.12,11,313,9,2025-9537
1435013256288282629,German Village Studio: Charming & Pet-Friendly,114135858,1468176973500495254,Payton,,Near South,39.94308,-82.99725,Entire home/apt,153,2,37,2026-06-12,2.98,8,340,36,2025-1104
1435016388197768896,German Village Speakeasy | Private Balcony,114135858,1468176973500495254,Payton,,Near South,39.945211527943115,-82.9967871882138,Entire home/apt,290,2,27,2026-06-07,2.17,8,323,26,STRP26000078
1435460817291957500,"Convenient, Spacious, 3bd, fenced yard, laundry",66084027,1466816930464147702,Robert,,Near South,39.94422712346933,-82.96679979249494,Entire home/apt,,30,0,,,2,14,0,
1435571061825231282,"Landing | Stylish 2BD, Clubhouse, Pool",263502162,1463333307662174289,Landing,,Rocky Fork-Blacklick,40.06340237144337,-82.84760923519795,Entire home/apt,96,30,0,,,17,301,0,
1435571167237102366,"Landing | Stunning 1BD, Clubhouse, Pool",263502162,1463333307662174289,Landing,,Rocky Fork-Blacklick,40.06528388067229,-82.84956921022115,Entire home/apt,84,30,0,,,17,212,0,
1435572346139206839,"Landing | Stylish 1BD, Pool, Gym",263502162,1463333307662174289,Landing,,Rocky Fork-Blacklick,40.06669,-82.84551,Entire home/apt,90,30,0,,,17,274,0,
1435572482250349590,"Landing | Spectacular 2BD, Gym, Game Room",263502162,1463333307662174289,Landing,,Rocky Fork-Blacklick,40.06555347230384,-82.84438079381947,Entire home/apt,,30,2,2025-10-31,0.21,17,308,2,
1435630860683826720,German Village Gem,286980818,1469497793353894873,Cheryl,,Near South,39.94261,-82.99335,Entire home/apt,93,30,4,2026-05-25,0.38,48,332,4,
1436122172679276920,The Rustic Backroad,431615820,1469954234084195828,Kellie,,Greenlawn/Frank Road,39.907349729967166,-83.03473748978661,Entire home/apt,320,1,58,2026-06-21,4.58,4,334,56,2025-1974
1436379667531192230,Sleeps 10! Spacious 4BR Home in Columbus!,104032520,1467248938308172976,Zari,,Rickenbacker,39.85846,-82.99408,Entire home/apt,286,30,2,2026-05-07,0.26,11,90,2,
1436481388901609596,"Stay on Taylor, Central Location",476930391,1511916968832453885,Andy,,Near East,39.97227,-82.9622,Entire home/apt,364,1,48,2026-06-21,3.88,1,165,47,2025-2097
1437183360428287916,Blossom 1 - Large Master Suite with Private Bath,177553590,1468718490402485725,Chris,,Northland,40.09328740000001,-82.9461767,Private room,56,30,3,2026-05-13,0.56,12,303,3,
1437928647301361945,Stylish 1BR Sleeps 4 | Short North | Free Parking,336969447,1469653891832096098,Dan,,Near East,39.9629955,-82.97307029999999,Entire home/apt,207,1,59,2026-06-19,4.67,4,301,58,STRP26000561
1438423284920380754,Spacious Condo near Downtown,453711433,1470041421803682612,Goose Fox LLC,,Near South,39.94973316197875,-82.97403274056785,Entire home/apt,207,2,7,2026-05-22,0.56,18,167,6,2024-0793
1438518617721741497,Lady Pilot - Old North Columbus,48430437,1465733109500275549,Christine,,Near North/University,40.0134291,-83.0092588,Entire home/apt,289,1,14,2026-06-27,1.18,1,343,14,2025-2377
1439425634643768525,Downtown Condo+ Amazing Views + Gym + Parking,275645688,1469453886523579844,Andora,,Near East,39.967451,-82.9579693,Entire home/apt,,30,0,,,4,0,0,2025-1701
1439438392420078243,3 bed Central Home w/ Parking | Fully Equipped,2994567,1462614436633814142,Mark,,Near North/University,40.017842741595494,-83.00799599230228,Entire home/apt,109,30,2,2025-09-16,0.16,13,236,1,STRP26000616
1439907919730102484,Great Deal - Private Room #33,39662644,1462682190609064553,Paul,,Eastmoor/Walnut Ridge,39.95543036041952,-82.91746999445617,Private room,97,1,6,2026-06-21,0.48,15,361,4,2024-2982
1440001285718154195,Modern Loft Located near OSU Campus,453019578,1470038730828227920,Tom,,Near North/University,40.0038753,-83.0085703,Entire home/apt,298,1,9,2026-06-20,0.87,63,15,9,2025-2322
1440021695431444045,Lavish Studio in the heart of OSU campus,453019578,1470038730828227920,Tom,,Near North/University,40.0038753,-83.0085703,Entire home/apt,,1,0,,,63,1,0,2025-2322
1440154328696145386,"Cozy Home near OSU campus, Short North, & Downtown",700380764,1470742424114721388,Tess A,,Near North/University,39.992979,-83.00124,Entire home/apt,370,1,28,2026-06-12,2.28,1,191,27,2025-3415
1440473302257542815,Quiet home on a Cul-de-Sac,68740973,1466850101358244605,Gerri,,Northland,40.0748995,-82.96078,Entire home/apt,152,30,4,2026-06-02,0.35,1,332,4,
1440588217942148471,The Buckeye Haus,525282891,1470362944839911482,Logan,,Near South,39.94668,-82.97059,Entire home/apt,425,30,23,2026-05-18,1.82,1,296,21,2019-1506
1441206752420210816,Sublet Whole Condo Unit in Columbus,81329360,1466989044290002382,Reid,,Clintonville,40.0197075,-83.0027684,Entire home/apt,,30,0,,,1,20,0,
1441940388708690278,The Suburban Nest – For 6!,463267531,1470087400930393529,Grand Welcome Ohio Kentucky,,Far Northwest,40.1140706,-83.0639127,Entire home/apt,238,1,11,2026-06-12,0.97,43,314,11,2025-2233
1442434930881273231,Hidden Gem Furnished Studio | 35% Off Monthly,201334718,1463143412539031627,Heaven,,Eastland/Brice,39.93183,-82.87778,Entire home/apt,,30,0,,,1,210,0,
1443530851916464431,Newly Furnished Room Mins Downtown,14560233,1462941544369664941,Connie,,Near South,39.94287,-82.96697,Private room,36,31,1,2026-04-19,0.42,3,169,1,
1444087201804069034,Dublin Powell Family Getaway Near Zoo  Bridge Park,176281257,1463065435176016601,Zoubida,,Far Northwest,40.13549533368234,-83.08808031059448,Entire home/apt,799,1,7,2026-06-14,0.61,1,35,7,2025-2526
1444119957608208901,Curated German Village Retreat,502432635,1470259052978769973,Stacy,,Near South,39.941379,-82.99553499999999,Entire home/apt,168,2,55,2026-06-10,4.60,3,289,55,2025-1531
1444316131013131737,• Quiet Key • 3 bed 3 bath,89119768,1467080681258526373,Sarah,,Near East,39.97246,-82.96248,Entire home/apt,347,1,28,2026-06-27,2.34,19,93,28,2025-2098
1445189648796120499,2BR Urban Nook | DWTN | Free Parking  | Sleeps 4,672908198,1470685912130860172,Xiaoshan,,Downtown,39.96025,-82.9846,Private room,124,1,27,2026-06-21,2.26,18,30,27,2025-1217
1445238811088584460,German Village Grand Retreat,114135858,1468176973500495254,Payton,,Near South,39.9440212,-82.9979256,Entire home/apt,677,2,4,2026-03-09,0.41,8,316,4,STRP26000078
1445703592072176258,Stylish Urban Escape Next to DWTN | Cozy Pvt BR,672908198,1470685912130860172,Xiaoshan,,Downtown,39.95904,-82.9835,Private room,84,1,56,2026-06-26,4.83,18,26,56,2025-1217
1445858592013845854,Bright Modern PVT BR mins to DT-OSU-Short North,672908198,1470685912130860172,Xiaoshan,,Downtown,39.95887,-82.98331,Private room,77,1,48,2026-06-18,4.06,18,28,48,2025-1217
1445885355594180808,DWTN Haus | 4BR Boho Retreat Near OSU | Sleeps 8,672908198,1470685912130860172,Xiaoshan,,Downtown,39.95851,-82.98464,Entire home/apt,332,2,15,2026-06-14,1.42,18,84,15,2025-1217
1447090825465366428,Vic. Village Flat - Free Parking,194281106,1463106943901266179,Nicole,,Near North/University,39.98433,-83.01388,Entire home/apt,139,30,17,2026-05-18,1.49,59,301,17,2025-1299
1447194036841362062,Suite Spot - Italian Village,194281106,1463106943901266179,Nicole,,Near North/University,39.9785718,-82.9983547,Entire home/apt,161,1,100,2026-06-22,8.20,59,213,100,2025-1298
1447283200554114573,"zen German Village Chic, Zen Gem",556748719,1470487116192703932,Ria,,Near South,39.93847365672942,-82.99265835606693,Entire home/apt,100,30,11,2025-11-02,0.96,3,290,11,Exempt
1448539259387092155,Cleveland Ave Hideaway | Near Downtown & OSU,104032520,1467248938308172976,Zari,,South Linden,39.9977717,-82.9777417,Entire home/apt,93,30,1,2026-06-07,1,11,161,1,
1448602033961917658,"Private Guest Room, Shared House + Pool",461391919,1470078246187234078,Christian Z,,West Scioto,39.97924,-83.08701,Private room,77,1,3,2026-06-15,1.96,1,265,3,STRP25000245
1448711363299000994,Columbus Oasis: 4BR/2.5BA sleeps 12,229940380,1469225707175647544,Armine,,Far Northwest,40.10817,-83.06881,Entire home/apt,490,2,34,2026-05-31,3.08,1,355,34,2025-2238
1448725316256396104,Italian Village | Hosts 2 | 1 Bedroom | Pool & Gym,22716273,1463186590458312426,Kelly And Jennifer,,Near North/University,39.98706836336779,-82.99580593476117,Entire home/apt,241,1,42,2026-06-12,3.45,6,330,42,2025-2443
1448741044505689406,Italian Village | Hosts 2 | 1 Bedroom | Pool & Gym,22716273,1463186590458312426,Kelly And Jennifer,,Near North/University,39.987165847222286,-82.99641371145177,Entire home/apt,256,1,37,2026-06-07,3.22,6,347,37,2025-2444
1450155622795597877,Feels Like Home,286980818,1469497793353894873,Cheryl,,Near South,39.94471326067107,-82.97229228829981,Entire home/apt,,30,3,2026-06-03,0.34,48,297,3,
1450173881131784785,"Landing | Chic 2BD, Gym",263502162,1463333307662174289,Landing,,Northwest,40.059939798102725,-83.04761591455213,Entire home/apt,,365,2,2026-05-31,0.22,17,0,2,
1450194741929345976,Spacious 4BR Ranch Near Easton  Perfect for Famili,508106152,1470284064862256974,Benjamin Alan Dixon,,Northeast,40.04065,-82.9136,Entire home/apt,319,2,3,2026-05-22,0.48,23,364,3,STRP25000252
1450681824838446931,Super comfy bedroom & Workspace near OSU Columbus,66084027,1466816930464147702,Robert,,Near South,39.9428,-82.96761,Private room,,30,0,,,2,15,0,
1450908044430086272,Mins to OSU + Short North + King Bed,432234139,1467704638516686531,Sara,,Near North/University,39.98742,-83.01097,Entire home/apt,93,1,5,2026-06-13,0.50,71,205,5,2025-2385
1451354589662747010,Walk to OSU/Short North | Free Parking | Fire Pit,9772774,1462823052342751766,Joshua,,Near North/University,39.98867,-83.00948,Entire home/apt,199,1,43,2026-06-26,3.82,2,346,43,2025-2520
1451642915717792988,Zen Escape~ Hot Tub | Sauna | Fire Pit | OutdoorTV,28572675,1465421748842537891,Burnard,,Near South,39.9452178,-82.9841284,Entire home/apt,375,1,75,2026-06-28,7.21,1,349,75,2025-2729
1451749505586971116,Sunlit 3BR Home w Garage near CMH & Ohio Dominican,432234139,1467704638516686531,Sara,,South Linden,40.00716,-82.93732,Entire home/apt,154,30,1,2025-08-19,0.10,71,344,1,
1452376144736976511,"The Haven ""Jewel"" townhome in Columbus, Ohio",703749283,1470748622052933822,MDC Hosts,,Near North/University,39.9811257,-83.01404409999999,Entire home/apt,285,1,78,2026-06-21,6.67,2,255,78,STRP25000229
1452847663854941816,"The Haven “Jade” Townhome in Columbus, Ohio",703749283,1470748622052933822,MDC Hosts,,Near North/University,39.9812174,-83.0140756,Entire home/apt,,1,50,2026-06-28,4.23,2,239,50,STRP25000230
1453838427969538626,Entire House with Yard & Kitchen,490958909,1463827690493005635,Jason,,Northland,40.06568175140629,-82.98534810811981,Entire home/apt,190,1,8,2026-03-08,0.71,1,26,8,2025-2571
1454488668636035967,"Findley BNB | Game Room, Movie Theater, Fire Pit",654307062,1470644812617658410,Esperanza,,Near North/University,40.015,-83.0073,Entire home/apt,462,1,60,2026-06-24,5.23,1,350,60,2025-2497
1455402095164053180,Lux Brownstone Escape,177205580,1463067436702945353,Adrian,,Near East,39.95502,-82.96591,Entire home/apt,204,30,2,2026-05-18,1.03,11,296,2,2025-1702
1456580500535934566,The Nest at Clintonville - close to it all!,704884645,1470750746870045627,Ric,,Clintonville,40.03784,-83.01754,Entire home/apt,186,1,63,2026-06-26,5.64,1,278,63,2025-2553
1458599175383031096,Driving Park Dream,705415179,1470751704030975172,Rachel,,Near South,39.94316,-82.9574,Entire home/apt,96,30,0,,,1,363,0,
1458789340333724728,Comfort In The City 1 BD APT,53884276,1465875428250752591,Theresa,,Eastmoor/Walnut Ridge,39.94363,-82.90647,Entire home/apt,53,30,0,,,8,137,0,
1459782628124974882,Home in Columbus | 3Rooms | Sleep7,308828532,1469574276452860168,Irina,,North Linden,40.05109,-82.98063,Entire home/apt,165,1,46,2026-06-27,4.16,1,76,46,2025-2593
1460184683941701602,"Convenient Columbus Stay | Quiet, Comfortable 2BR",25314724,1465340109655616498,Devyn,,Clintonville,40.0749335,-83.0090464,Entire home/apt,174,2,35,2026-06-28,3.45,1,188,35,2025-2765
1460300025129780244,Columbus Bungalow,5927482,1462693086881033260,James,,North Linden,40.01921,-82.99341,Entire home/apt,180,1,10,2026-06-21,0.93,1,64,10,2025-2548
1460454761605802262,"Luxury Experience | Bar, Restaurant + Spa",568046758,1470527264813547708,The Joseph Columbus,,Downtown,39.97197,-83.00226,Private room,323,1,50,2026-06-14,4.62,4,163,50,Exempt
1460455541761060061,Heart of Short North Arts District | Luxury Stay,568046758,1470527264813547708,The Joseph Columbus,,Downtown,39.97337,-83.00358,Private room,323,1,22,2026-06-14,2.04,4,150,22,Exempt
1460456064719538496,Luxury Comfort | View of Short North Arts District,568046758,1470527264813547708,The Joseph Columbus,,Downtown,39.97247,-83.00168,Private room,351,1,0,,,4,150,0,Exempt
1460456572780600321,"Luxury Stay | View of Columbus, Bar, Dining + Spa",568046758,1470527264813547708,The Joseph Columbus,,Downtown,39.97304,-83.00352,Private room,215,1,0,,,4,140,0,Exempt
1460622988179642897,Schiller Park Steps | Charming 2BR,355042129,1469709291348859321,Samira,,Near South,39.94676,-82.98735,Entire home/apt,209,2,8,2026-06-07,1.88,1,247,8,STRP26000171
1460961521778424581,comfy room,246890496,1469309596398654549,Michael,,Near North/University,39.9784359,-83.01477849999999,Private room,34,30,4,2026-06-01,0.39,2,323,4,
1461051986556893503,"Backyard Escape: Outdoor Movie, Dome, Mini Golf",586119158,1470602705077673963,Dilini,,Near East,39.97295,-82.98143,Entire home/apt,473,1,49,2026-06-09,4.74,1,332,49,2025-2375
1461610064187357980,Wildflower Haven Minutes to City,93033733,1467123914843255218,Wayne,,Clintonville,40.03921,-83.02596,Entire home/apt,190,2,20,2026-06-21,1.99,4,52,20,2025-2581
1462330943066568184,"Lovely Dublin house w/ Hot tub, work out machine",659648645,1470656472671132468,Sara,,Northwest,40.08471716472757,-83.09833486295825,Entire home/apt,358,2,57,2026-06-19,4.86,2,80,57,2025-2476
1462398943813115160,East Market Retreat!,51373382,1465802269849810605,Sean,,Near East,39.96221,-82.96216,Entire home/apt,125,2,7,2026-05-12,0.62,12,365,7,STRP25000356
1463029747018591973,5-Bedroom Home|Hot Tub|Game Room,492050832,1470215739878506584,Ryan,,Northland,40.1029774,-82.97547899999999,Entire home/apt,359,2,32,2026-06-16,2.82,1,330,32,2025-2340
1463101991200530917,The Southern Nook – For 8,463267531,1470087400930393529,Grand Welcome Ohio Kentucky,,Near South,39.9412361,-82.97544520000001,Entire home/apt,221,1,13,2026-06-12,1.17,43,293,13,2025-2387
1463337641749823944,Cozy Room with Shared Bath,37853441,1465566431372072356,Azar,,Near East,39.97095065518396,-82.95707850179127,Private room,53,10,9,2026-05-18,0.81,15,224,9,STRP25000364
1464091723460905037,Iconic Broad • Hot Tub • Game Room • Fire Pit,89119768,1467080681258526373,Sarah,,Near East,39.964759723805905,-82.96754760746782,Entire home/apt,544,1,22,2026-06-26,5.16,19,131,22,2025-2316
1464703284454043760,Hiawatha Hideaway,707161003,1470754668522947241,Joe,,North Linden,40.02146904654804,-82.98717703517458,Entire home/apt,212,2,20,2026-06-21,1.76,2,293,20,2025-2450
1465288761669401217,Blossom 3 - Clean and Spacious Home,177553590,1468718490402485725,Chris,,Northland,40.09307,-82.94525,Private room,44,30,4,2026-05-25,0.42,12,331,4,
1466238992816845190,"Modern Stay Near Convention Center, Polaris & OSU",23609586,1465275567655952436,Ahmed,,Northland,40.10005991086057,-82.9757926924781,Entire home/apt,341,2,10,2026-05-17,0.95,2,358,10,2025-2615
1467709673099127034,3 King Beds | Free Parking | Fenced Yard | OSU,432234139,1467704638516686531,Sara,,Near North/University,39.98576,-83.01285,Entire home/apt,,1,25,2026-06-21,2.48,71,345,25,2025-2384
1467785079386599802,Comfort and Convenience | Free Airport Shuttle,687626450,1467785080250437495,Columbus Airport Marriott,,Northeast,39.99841,-82.93262,Private room,108,1,33,2026-06-15,3.06,2,171,33,Exempt
1468299269880015587,Large Columbus 5br - Perfect for Groups + Families,83760280,1467013395776998472,Luke,,South Linden,39.9916432,-82.94453999999999,Entire home/apt,296,2,25,2026-06-23,2.48,8,332,25,2025-2514
1469247380340737945,Liberty 2,367095138,1463539506483119611,Benson,,Franklinton,39.95381,-83.01975,Entire home/apt,232,1,4,2025-12-28,0.51,9,38,4,2025-2219
1469275941880297840,Liberty 1,367095138,1463539506483119611,Benson,,Franklinton,39.9538642,-83.0197319,Entire home/apt,217,1,13,2026-06-14,1.27,9,6,13,2025-2219
1469606255861903864,"New Build, Sleeps 4 & Close to Everything!",30808717,1469606256620057424,Robin,,West Olentangy,39.991030047456384,-83.05025791275364,Entire home/apt,172,1,91,2026-06-14,8.89,1,261,91,2025-2781
1470607192940855224,Blossom 2 - Clean and Spacious Home,177553590,1468718490402485725,Chris,,Northland,40.09219254475178,-82.94574011124891,Private room,46,30,2,2026-03-16,0.19,12,364,2,
1471197103346034299,Victorian Retreat - Walkable to OSU & Short North,166415619,1471197104119166493,Dean,,Near North/University,39.9882,-83.01438,Entire home/apt,276,2,9,2026-05-21,0.89,3,355,9,2025-2786
1471219836872049873,Victorian Getaway - Walkable to OSU & Short North,166415619,1471197104119166493,Dean,,Near North/University,39.98892,-83.01351,Entire home/apt,280,2,8,2026-04-26,0.79,3,355,8,2025-2785
1471257531645008048,Columbus Adventure | Free Airport Shuttle,687626450,1467785080250437495,Columbus Airport Marriott,,Northeast,39.99755183257214,-82.93119683702908,Private room,108,1,27,2026-06-15,2.66,2,163,27,Exempt
1471281208457449040,"Cozy Victorian - OSU, Short North & Arena District",166415619,1471197104119166493,Dean,,Near North/University,39.98906,-83.01469,Entire home/apt,188,2,16,2026-06-27,1.83,3,357,16,2025-2783
1471299315377413966,Nice 2-bedroom apartment in Col.,653664568,1470643308520275694,Prince,,Near North/University,39.9959379,-82.99559769999999,Entire home/apt,84,30,1,2025-10-04,0.11,6,303,1,
1471347726180222908,Modern condo near downtown,40901891,1471347726879542073,Suzanna,,Near East,39.9611056,-82.9685119,Entire home/apt,,30,4,2026-05-29,0.42,1,284,4,
1471691214459127444,"The Play Haus with Hot Tub, Firepit and Playroom",309411519,1471691215289908028,Hailey & Tanner,,Near South,39.94823,-82.95359,Entire home/apt,455,1,31,2026-05-31,2.95,1,355,31,2025-2572
1472454415976800296,The Happy Hideaway,32412198,1472454416759744045,Ally,,Clintonville,40.0597886,-83.0136591,Entire home/apt,109,30,1,2026-05-31,0.91,2,231,1,
1472463508864886146,New Albany 2BR Near Data Centers | Garage Parking!,27280979,1465402775111214573,Jesse,,Rocky Fork-Blacklick,40.061442439584184,-82.846553849195,Entire home/apt,174,30,0,,,22,293,0,
1472548497011864085,"The Stay on 3rd / 
Historic Victorian Village",709394210,1472548497819072451,Jeff,,Near North/University,39.9834448,-83.0101815,Entire home/apt,405,1,45,2026-06-26,4.35,1,7,45,2025-2695
1472569774763077745,Private Bedroom in Columbus,37853441,1465566431372072356,Azar,,Near East,39.970781426868534,-82.95783294722804,Private room,48,5,18,2026-06-14,1.70,15,246,18,STRP25000364
1472595742577298877,Private Historic District Room,37853441,1465566431372072356,Azar,,Near East,39.972728852819195,-82.95773524865358,Private room,35,30,10,2026-05-19,0.91,15,233,10,STRP25000364
1472719917803401671,Private room| 10 Minutes From Downtown,514131506,1472719918606702433,Joseph,,Far South,39.9018,-82.98662,Private room,40,30,5,2026-05-28,0.68,5,323,5,
1472861361587505183,College Friendly-Private Bath,304081662,1469557723553949035,Maria,,Northwest,40.05586096162193,-83.0438407714152,Private room,52,30,3,2026-02-02,0.35,3,361,3,
1472993625081246757,"Downtown Gem! Walk to OSU, Art Dist w/Free Parking",24300261,1472993625787011007,James,,Near North/University,39.98542285383667,-83.01536863862307,Entire home/apt,,30,3,2026-01-01,0.39,1,0,3,STRP25000277
1475460130427733424,Comfy and close to everything!,29465925,1475460131302019850,Aaron,,Northland,40.06368,-82.93419,Entire home/apt,166,3,5,2026-05-04,0.55,1,356,5,2025-2734
1475502976362312338,Martha’s Linden at Kenmore Park (North Columbus),77284895,1466946201296412463,Jp,,North Linden,40.02372,-82.96992,Entire home/apt,253,3,17,2026-06-22,1.82,3,311,17,2025-2726
1475536732960563819,Spacious 5BR w/ Firepit + Deck | Near OSU + More,97405277,1467173375652989130,Darren,,West Olentangy,40.0214606,-83.0345223,Entire home/apt,349,1,24,2026-05-18,2.43,18,345,24,2025-2823
1475568446594536023,Hanford House - Hot Tub-Sauna-Bar-Sleeps 8,493382650,1468203925117721594,HomeHop,,Near South,39.93703,-82.98232,Entire home/apt,666,2,16,2026-06-14,1.71,1,347,16,2025-0074
1475587989448079374,30-Day Pro Stay | Hot Tub | Dedicated Workspace,710236518,1475587990055863181,David,,Hilltop,39.95604,-83.07875,Entire home/apt,118,30,0,,,1,331,0,
1476368180876938065,Cozy Private Room n Peaceful Hom,707546624,1470755347387588333,Godfrey,,Greenlawn/Frank Road,39.93029,-83.04826,Private room,84,1,41,2026-06-17,3.89,1,355,41,2025-2709
1476826611267587948,Walkable Grandview 2BR - Near OSU and Downtown,145397,1462510814911175273,Andrew,,West Olentangy,39.98736,-83.03875,Entire home/apt,82,30,3,2026-05-17,0.36,2,319,3,
1476950601316395804,Modern House near OSU and Short North,710128902,1475313883239661457,Mutsa,,South Linden,40.0043309746962,-82.97887802124023,Entire home/apt,,1,13,2026-06-22,1.55,1,48,13,STRP25000900
1477174271605618907,Home to Unwind,6792229,1462715431288757073,Rupak,,West Olentangy,40.02375,-83.03412,Entire home/apt,292,1,25,2026-06-22,2.58,1,276,25,2025-2449
1477714333584341355,Bamboo Retreat •2 Massage Chairs• 2 Free Parking,476758664,1463793526339500096,John,,Near North/University,39.97562,-83.00883,Entire home/apt,531,1,1,2026-05-25,0.83,7,351,1,2025-2798
1478358337065032350,Shasta 3,177553590,1468718490402485725,Chris,,Northland,40.08486,-82.93633,Private room,,30,2,2025-10-21,0.20,12,178,2,
1480422816423321390,"Spacious, Modern Home| Free Parking | Downtown/OTE",271077667,1469431437961260306,Daniel,,Near East,39.95817332178821,-82.97000284980741,Entire home/apt,255,2,15,2026-05-31,3.33,1,233,15,STRP26000436
1480435517157350504,Spacious 3BR Gem in Old Oaks,286980818,1469497793353894873,Cheryl,,Near South,39.95043,-82.96509,Entire home/apt,88,30,4,2026-06-04,0.50,48,271,4,
1480595303231776176,Chic Columbus Retreat with Reserved Parking,508106152,1470284064862256974,Benjamin Alan Dixon,,Near South,39.9488711,-82.9830083,Entire home/apt,263,1,14,2026-05-25,1.34,23,345,14,STRP25000135
1481313269112521263,Charming 3BR walkable to OSU Stadium & Short North,83701562,1467012785238967305,Cheryl,,Near North/University,39.99065460000001,-83.0097358,Entire home/apt,645,1,33,2026-06-21,3.69,1,83,33,STRP25000246
1481966604422377438,Off Street Parking|Pet Friendly|Italian Village,432234139,1467704638516686531,Sara,,Near North/University,39.98185,-82.99845,Entire home/apt,113,30,6,2026-03-20,0.59,71,282,6,2025-2472
1482060362698044315,*NEW* HotTub+Rooftop Deck | Steps to Short North,120989543,1468229836971229285,Evan,,Downtown,39.97515,-83.00023,Entire home/apt,493,2,24,2026-06-07,2.26,17,321,24,2024-3147
1482536050461384416,Spacious! Near OSU/Downtown/SNorth! Free parking!,38962915,1462680020706833376,Jennifer,,West Olentangy,39.9848724954695,-83.03638658931473,Entire home/apt,378,2,18,2026-06-07,1.78,5,236,18,2021-3221
1482843428297725601,The Ohio State of Mind  5BR 2BA,508106152,1470284064862256974,Benjamin Alan Dixon,,Clintonville,40.0319721,-83.0222639,Entire home/apt,443,1,8,2026-06-27,0.95,23,359,8,STRP25000139
1482913210240723931,Cozy 2 BR in Short North Convenient Parking,443246026,1469999381313222718,Nsr,,Near North/University,39.9838267,-83.0074017,Entire home/apt,387,1,8,2026-06-07,0.74,11,353,8,2025-2569
1483113683968759253,Cozy Furnished Room,668005404,1483113684673310667,Sharon,,Southeast,39.88215,-82.81921,Private room,53,30,0,,,1,365,0,2025-1476
1483406188947061509,Large 4BR | Near Child Hosp/Downtown | 2 Parking!,215447158,1469129406568004938,Jason,,Near South,39.94546,-82.97641,Entire home/apt,218,3,8,2026-05-31,0.76,9,140,8,STRP25000032
1483945467629989684,New Build Hot Tub Dtown ShortNorth,206636975,1469077979450413023,Kimberleigh M,,Near North/University,39.98123,-83.01823,Entire home/apt,441,2,29,2026-06-22,2.81,7,328,29,2025-2819
1484001507381425608,Blossom 4 -Extra Large Master with Private Bath,177553590,1468718490402485725,Chris,,Northland,40.09357,-82.94499,Private room,75,30,2,2025-12-08,0.21,12,351,2,
1484008541217240930,Shasta 1,177553590,1468718490402485725,Chris,,Northland,40.08374,-82.93503,Private room,43,30,2,2026-04-30,0.22,12,179,2,
1484775619811830573,Columbus Oasis w Pool Table Near Downtown,490063470,1470206134299750654,Unified,,Near East,39.9598328,-82.9663334,Entire home/apt,193,2,25,2026-06-20,2.63,10,261,25,2025-0153
1484815385341399377,Columbus Central Cottage,315729151,1469595872435283272,Rachel,,Northland,40.06701,-82.9864,Entire home/apt,,30,2,2026-05-03,0.25,15,304,2,
1485088465004720037,Stylish 3 BR near Downtown and Short North,36793836,1485088465659563415,Raynisha,,South Linden,39.9826799107352,-82.98619575798512,Entire home/apt,204,1,14,2026-06-14,2.47,1,118,14,STRP25000443
1486211084355191244,The StayBerry - Stay for 6,463267531,1470087400930393529,Grand Welcome Ohio Kentucky,,Rocky Fork-Blacklick,40.0788206,-82.8891744,Entire home/apt,107,29,0,,,43,282,0,2022-2903
1486305212030034797,Modern Loft In the Heart of OSU Campus,453019578,1470038730828227920,Tom,,Near North/University,40.0038753,-83.0085703,Entire home/apt,280,1,50,2026-05-18,4.84,63,119,50,2025-2325
1486472394618309479,Charming and Cozy Clintonville Home,197032732,1469027248376766871,Claudia,,Clintonville,40.02469,-83.01827,Entire home/apt,115,30,1,2025-09-26,0.11,5,279,1,STRP25000286
1486514590417311319,"Newly Renovated, Cozy Home in Columbus",197032732,1469027248376766871,Claudia,,Clintonville,40.02210372405335,-83.01796647822275,Entire home/apt,121,30,7,2026-04-05,1.04,5,330,7,STRP25000534
1486547753083975122,The Vibe At OSU,702634827,1470746717917826183,Radhika,,Near North/University,39.9955278,-82.99793260000001,Entire home/apt,391,2,8,2026-05-25,0.79,3,313,8,2025-2489
1487131922623788313,Modern Loft in the heart of OSU campus,453019578,1470038730828227920,Tom,,Near North/University,40.0038753,-83.0085703,Entire home/apt,,1,5,2026-05-10,0.56,63,0,5,2025-2322
1487132221805047241,Studio apartment in the heart of OSU campus,453019578,1470038730828227920,Tom,,Near North/University,40.0038753,-83.0085703,Entire home/apt,165,1,18,2026-06-21,1.78,63,14,18,2025-2331
1487132522817458276,Campus Studio in the Heart of OSU Campus,453019578,1470038730828227920,Tom,,Near North/University,40.00388,-83.00857,Entire home/apt,476,1,20,2026-06-14,1.89,63,2,20,2025-2334
1487132802233633143,Modern Studio in the heart of OSU campus,453019578,1470038730828227920,Tom,,Near North/University,40.0038753,-83.0085703,Entire home/apt,174,1,27,2026-04-12,2.67,63,19,27,2025-2332
1487133089264870350,Modern Studio in the heart of OSU campus,453019578,1470038730828227920,Tom,,Near North/University,40.0038753,-83.0085703,Entire home/apt,,1,14,2026-05-18,1.44,63,0,14,2025-2333
1488066268093391704,Two-Bedroom Apartment near OSU,125226121,1468262686720871869,Alexandra,,Near North/University,40.01651,-83.01413,Entire home/apt,74,30,0,,,3,325,0,
1488461766363006396,Stylish Grandview Heights Apt!,54524833,1465888979735284875,Bonnie,,West Olentangy,39.990873602676984,-83.03408733368835,Entire home/apt,83,30,0,,,4,274,0,
1488810247190123420,"4BR Columbus Home| By Downtown, OSU, Franklin Park",325877400,1488810248159713447,Matthew,,Near East,39.95659,-82.95671,Entire home/apt,326,1,23,2026-06-21,2.23,1,330,23,2025-2780
1489039200312189003,Flat 109|Updated Flat|Columbus|OSU|NCH,432234139,1467704638516686531,Sara,,Northwest,40.05363,-83.03629,Entire home/apt,88,30,0,,,71,297,0,
1489961647074066968,Buckeyes home away from home,7837387,1462742463861973034,Natalia,,Near North/University,39.99132921997631,-83.0051837861538,Entire home/apt,465,5,4,2026-06-14,0.56,1,52,4,STRP25000042
1490665048697479613,Bright and cozy | Close to University!,340276319,1469665435957647420,Christina,,Near East,39.97561795276545,-82.96151198617991,Entire home/apt,200,2,25,2026-06-08,3.04,1,164,25,2025-1933
1490758200612081700,Spacious Studio with pool view,453019578,1470038730828227920,Tom,,West Olentangy,39.9880864,-83.03252839999999,Entire home/apt,152,1,26,2026-06-12,2.52,63,172,26,2025-2148
1491553169343130904,Walk to your game or concert!,64228937,1491553169884530819,Lan,,Near North/University,40.00669559491084,-83.01990246137696,Entire home/apt,174,1,13,2026-06-14,1.46,1,32,13,2025-0158
1491701941716177294,Stylish 12 BD |24 Guests| Next to DT| Free Parking,672908198,1470685912130860172,Xiaoshan,,Downtown,39.9601,-82.98376,Entire home/apt,820,2,5,2026-05-23,0.77,18,330,5,2025-1220
1492104774349938483,Shasta 2,177553590,1468718490402485725,Chris,,Northland,40.083666012565416,-82.93641182431809,Private room,63,30,3,2026-05-05,0.32,12,178,3,
1493793327541578441,Comfortable & Calm Stay in Columbus,714993520,1493536746357902159,Great Aurora,,Eastland/Brice,39.91978,-82.84606,Entire home/apt,298,2,16,2026-06-07,1.75,2,345,16,2025-0087
1494170732100318807,Large Cozy stylish Room w/ private bath,120274099,1468224209320348922,Mo,,Near East,39.95698,-82.97102,Private room,,1,0,,,2,0,0,2024-2924
1494935053602792728,Eclectic Stay,89119768,1467080681258526373,Sarah,,Northwest,40.06795,-83.09696,Entire home/apt,119,30,2,2026-04-05,0.33,19,122,2,
1495624610123077403,Luxe 2BR Franklinton - Private Patio - 2Car Garage,588669808,1495624610852108369,Jennifer,,Franklinton,39.95017,-83.02308,Entire home/apt,214,1,74,2026-06-21,7.38,2,332,74,Exempt
1495686450369288689,"Cozy, Modern Columbus Home*4BED/2BATH*pet friendly",36539505,1465544258102163338,Maegan,,West Olentangy,40.0223351,-83.0444234,Entire home/apt,277,2,8,2026-06-14,2.55,1,8,8,STRP26000287
1495692992227746287,Two-Bedroom Apt OSU/Clintonville,125226121,1468262686720871869,Alexandra,,Near North/University,40.018017944438554,-83.01518958176847,Entire home/apt,81,30,0,,,3,210,0,
1495919064852366871,Luxury Short North 4BR · Sleeps 12 · Free Parking,58530447,1466701376065803434,Ryan,,Near North/University,39.9889691,-83.0073373,Entire home/apt,512,1,35,2026-06-08,4.15,2,324,35,2025-0082
1495941848965982214,Apt C Merion/German Village,574257396,1470568190536134839,Benjamin,,Near South,39.93856418862476,-82.97324228614013,Entire home/apt,156,1,62,2026-06-10,6.08,12,342,62,2025-0080
1495986382585135294,New! Luxe Dublin Oasis: 3BR/2BA Sleeps 9,254188364,1469345931096293963,Arman,,Northwest,40.07765,-83.10085,Entire home/apt,310,2,27,2026-06-21,3.19,4,353,27,2025-0018
1496556678448922435,"3BR/2BA w/ Fire Pit, Centrally Located!",8781027,1462786851121994510,Anica,,North Linden,40.02952,-82.98361,Entire home/apt,229,2,15,2026-06-21,1.52,2,160,15,2025-2468
1497308349198401259,3 Bedroom 2 Bathroom + Fenced yard,519443040,1470337278875216471,Houspitality,,North Linden,40.034306,-82.994904,Entire home/apt,331,1,2,2026-05-10,0.83,7,55,2,STRP25000141
1497338277264204949,MCM Gem | Mins to OSU | Dogs OK | EZ Parking,715870323,1497338278143853345,Joe & Sam,,Clintonville,40.07072,-83.01606,Entire home/apt,256,1,23,2026-06-26,2.28,1,353,23,2025-2634
1497792763567839933,Short North Lounge - Stay for 2,463267531,1470087400930393529,Grand Welcome Ohio Kentucky,,Near North/University,39.9822382,-83.0043554,Entire home/apt,190,1,11,2026-05-18,1.09,43,327,11,2025-2668
1497929638692395615,Zoo Getaway | 3BR Home w/ Yard Games & Comfort,655801613,1470648055529784620,Mike And Patrick,,Far Northwest,40.11255,-83.06279,Entire home/apt,446,1,21,2026-06-21,2.19,3,130,21,2025-2733
1498091309056877992,Lawnview Mid-Century Marvel in Clintonville,89119768,1467080681258526373,Sarah,,Clintonville,40.0518226,-83.00266529999999,Entire home/apt,402,1,54,2026-06-19,5.57,19,135,54,2025-0089
1498490844516241770,"Spacious 3BR, 2BA Ranch Home – Central Location",120455802,1462918465382224777,Norma,,Near East,39.97719,-82.95834,Entire home/apt,,3,5,2025-12-31,0.52,15,2,5,2025-2114
1498538335486966395,High Street Haven (Near OSU & Downtown),490063470,1470206134299750654,Unified,,Near North/University,40.0131079,-83.0107886,Entire home/apt,182,1,27,2026-06-11,2.69,10,361,27,2025-0068
1498562028017590926,3 Mi to Ohio State: Updated Home w/ Yard!,456513928,1467695476215770400,Evolve,,Clintonville,40.04440542417813,-83.01394290031288,Entire home/apt,253,2,7,2026-06-14,0.74,9,344,7,2025-2771
1498592707731459579,Stylish 70s Throwback 1bed Apt in German Village,325932974,1469621514476282909,Marc,,Near South,39.95157,-82.98836,Entire home/apt,102,2,27,2026-06-07,2.67,16,176,27,2024-1139
1498596200141482992,A: Modern Apt | Parking | Near German Village+Dtwn,432234139,1467704638516686531,Sara,,Near South,39.94554,-82.98554,Entire home/apt,86,30,0,,,71,326,0,
1498596201676386737,F: Modern Apt | Parking | Near German Village+Dtwn,432234139,1467704638516686531,Sara,,Near South,39.94695,-82.98512,Entire home/apt,86,30,0,,,71,324,0,
1498596204415644631,B: Modern Apt | Parking | Near German Village+Dtwn,432234139,1467704638516686531,Sara,,Near South,39.94768,-82.98339,Entire home/apt,72,30,0,,,71,96,0,
1498636924236843420,Urban Escape | Modern Condo in the Heart of It All,716202850,1498636925112191885,Philip,,Near North/University,39.9822382,-83.0043554,Entire home/apt,156,1,34,2026-06-27,4.00,1,190,34,STRP25000204
1498643348645782108,"2025 Full Reno 3BD/1.5BA Duplex,Walkable Grandview",716204660,1498643349273522461,Devan,,West Olentangy,39.98566402456767,-83.05233735591173,Entire home/apt,467,2,3,2026-05-19,0.42,1,230,3,2025-2402
1498704803979284173,"Entire Condo-Steps2HighSt, OSU, Jacuzzi Tub, Patio",716221421,1498704805042527485,Vlad,,Near North/University,39.9858964,-83.0022455,Entire home/apt,250,1,35,2026-06-26,3.67,2,365,35,STRP25000081
1498778591311851984,"Walk to OSU, Columbus shopping & dining (C)",52670347,1465853444992420757,Patrick,,Near North/University,39.98893435537737,-83.00726724851947,Entire home/apt,115,30,0,,,8,361,0,
1499185447494856220,Relaxing stay in Columbus,714993520,1493536746357902159,Great Aurora,,Eastland/Brice,39.92009939249321,-82.84669739514405,Private room,62,30,1,2025-09-17,0.10,2,345,1,STRP25000087
1499269221747746388,The Dakota Den: Cute Nook in Columbus’s Heart!,13470103,1462911928107929255,Hayana,,Franklinton,39.95550802156436,-83.0266932012182,Entire home/apt,192,1,37,2026-06-15,3.92,1,71,37,STRP25000038
1500788754099097506,Charming Historic Home | Walk to Short North & OSU,128248237,1462935487453463290,Meredith,,Near North/University,39.98706,-82.99985,Entire home/apt,343,1,18,2026-06-21,2.20,1,92,18,STRP25000196
1501675368752565542,Bedroom with private hallway bathroom for rent,564630341,1501675369340748116,Mingdeng,,Westland,39.94559,-83.14428,Private room,24,30,2,2026-04-10,0.22,2,203,2,
1501757039042914722,Close to OSU Rooftop Patio  Grill & Outdoor TV,508106152,1470284064862256974,Benjamin Alan Dixon,,Clintonville,40.04146,-83.01805,Entire home/apt,433,1,8,2026-03-29,0.85,23,344,8,STRP25000219
1501775621676638607,Stunning 2 BR - Parking and Walk to Park,508106152,1470284064862256974,Benjamin Alan Dixon,,Clintonville,40.041458,-83.0180493,Entire home/apt,234,2,13,2026-05-18,1.35,23,361,13,STRP25000218
1502132293429263694,The Cathedral | Garage Parking | Long Stay Perks!,27280979,1465402775111214573,Jesse,,Downtown,39.96232638121204,-82.99610301990104,Entire home/apt,137,30,0,,,22,299,0,
1502180198538061227,2 bed Victorian home in Short North/OSU area,1815644,1462579120667372554,Amanda,,Near North/University,39.98794,-83.00819,Entire home/apt,378,2,1,2026-03-08,0.26,2,211,1,2025-2137
1502288641221469267,Large basement room w bathroom,564630341,1501675369340748116,Mingdeng,,Westland,39.94619,-83.14506,Private room,,30,1,2026-03-31,0.33,2,272,1,
1502507725480176711,Your Home Away from Home,430093839,1469948183859325425,Prince Kay,,Eastland/Brice,39.918044803387986,-82.84030303359032,Entire home/apt,123,30,0,,,2,301,0,
1502932619882751188,Comfy Stay Near Downtown – Great for Long Visits,423549973,1469921587363337493,Karl,,Far East,39.9347468,-82.8427312,Entire home/apt,,31,1,2025-11-03,0.13,2,358,1,
1503059272913383162,Your Comfortable Stay | Newly Renovated,269885319,1503059273827260746,Rayanne,,Northland,40.08677,-82.93196,Entire home/apt,210,2,9,2026-06-14,1.09,1,193,9,strp25000232
1503541525404327944,The Loft Escape - Free Parking!,194281106,1463106943901266179,Nicole,,Near North/University,39.9776443,-82.9983664,Entire home/apt,137,2,39,2026-06-24,4.05,59,248,39,2023-2214
1503722116338353904,Boho Bliss-w/King Beds by Tyken - Min to CMH/DWTN,227523566,1469211396330524003,Tyken Real Estate,,Eastland/Brice,39.92696,-82.85577,Entire home/apt,182,30,1,2026-01-31,0.20,4,72,1,
1503863870034029867,"The perfect getaway, cozy & convenient, OSU",432061823,1463687055957847796,Luis,,Hilltop,39.93516701670461,-83.10149394992058,Entire home/apt,381,1,12,2026-06-14,1.30,1,346,12,STRP25000214
1505476500359715035,The Urban Tree House - 2nd floor w/attached garage,17836296,1505475697104897399,Muna,,Near East,39.967111487998466,-82.97352758203924,Entire home/apt,,30,2,2026-06-10,0.22,1,140,2,
1505999663040003880,Convenience in Downtown – You'll Love it Here!,224493353,1469191732960951699,Dom,,Downtown,39.95923,-82.99976,Entire home/apt,196,2,17,2026-03-26,1.76,26,302,17,2025-4868
1506000276285742564,Spacious 5-Bedroom Retreat in Central Columbus  Pe,496464688,1470234037205070583,Housepitality,,Near North/University,40.0071239,-83.0009264,Entire home/apt,620,2,3,2026-04-05,0.33,25,355,3,STRP25000095
1506050589432890840,Your Central Columbus Retreat Awaits 5 BR 2 Bath,498509260,1470242369503230465,Benjamin,,Near North/University,40.0077572,-83.000249,Entire home/apt,390,1,5,2026-06-07,1.32,11,359,5,STRP25000094
1506476731971304986,Modern 2BR – Downtown's Best!,224493353,1469191732960951699,Dom,,Downtown,39.95923,-82.99976,Entire home/apt,299,2,23,2026-06-21,2.39,26,331,23,STRP25000537
1506576064596714424,*NEW* Hot Tub | EZ Parking | 2BR by German Village,120989543,1468229836971229285,Evan,,Near South,39.92717,-82.99467,Entire home/apt,320,2,33,2026-06-17,3.52,17,283,33,2025-2669
1506615608028809846,Beachy Campus Rental - Steps to The OSU Stadium,50982999,1506615608788211337,Brian,,Near North/University,40.007056407934805,-83.0117424377618,Entire home/apt,306,1,12,2026-06-14,1.30,1,46,12,STRP25000156
1507481326711495856,Clintonville Brand New Apartment,508106152,1470284064862256974,Benjamin Alan Dixon,,Clintonville,40.041458,-83.0180493,Entire home/apt,246,1,14,2026-05-12,1.56,23,352,14,STRP25000220
1507633454919462987,Two Bedrooms in a great location,653664568,1470643308520275694,Prince,,Near North/University,39.99691,-82.9961,Entire home/apt,75,30,1,2026-04-20,0.42,6,337,1,
1508064519781111081,Victorian Villa,315729151,1469595872435283272,Rachel,,Near South,39.94703,-82.96826,Entire home/apt,196,30,0,,,15,333,0,
1508467031063306198,Stylish 5-Bedroom Home in the heart of OSU,453019578,1470038730828227920,Tom,,Near North/University,39.9941126,-83.0018142,Entire home/apt,387,1,10,2026-06-16,1.11,63,8,10,2022-1978
1508467548010082067,Elegant 1-Bedroom Luxury Unit with Pool Access,453019578,1470038730828227920,Tom,,West Olentangy,39.9870984,-83.0341775,Entire home/apt,470,1,13,2026-06-16,1.46,63,76,13,2022-1995
1509565862045100575,Cute 1 Bed Apartment Near East Side Columbus,286980818,1469497793353894873,Cheryl,,Near East,39.97021,-82.95473,Entire home/apt,49,30,2,2026-03-31,0.36,48,268,2,
1510119738415925169,Primrose Place,275407113,1469452744762138007,Cheryl,,West Olentangy,39.98767773569238,-83.04065821534424,Entire home/apt,283,1,32,2026-06-26,3.37,1,329,32,STRP25000240
1510314005455647316,Easy 1 Bed Apartment Just East of Downtown,286980818,1469497793353894873,Cheryl,,Near East,39.97158,-82.95451,Entire home/apt,,30,2,2026-03-19,0.29,48,237,2,
1510924263258695759,Cozy Private Room with Ensuite Bath – Room G,230401088,1469228453905322887,Sally,,Near South,39.95293,-82.9545,Private room,35,30,2,2025-10-11,0.22,1,281,2,2021-3472
1511892009269934137,"""Chapters House"": Beautiful Home in German Village",246088509,1469305471434751597,Christian,,Near South,39.9469081,-82.9882301,Entire home/apt,112,30,1,2025-11-02,0.13,5,63,1,
1511908050913569804,The Free Byrd Studio - Where Style is Relaxation!,254584559,1469347928276891175,Suzanne,,South Linden,39.9851,-82.97283,Private room,30,30,1,2026-04-25,0.45,4,281,1,
1511966205615083387,Modern Townhouse near German Village & Downtown,453711433,1470041421803682612,Goose Fox LLC,,Near South,39.94365,-82.97726,Entire home/apt,144,2,15,2026-06-14,1.69,18,357,15,STRP25000257
1512412324022986335,The Oakwood Escape – Near German Village,158439641,1468543439958083754,GH Hospitality,,Near South,39.941316,-82.9692774,Entire home/apt,227,1,4,2026-03-22,0.47,40,335,4,STRP25000034
1513791729157956095,"Walkable German Village Gem | Food, Parks & Shops",119638367,1513791730247255284,Alex,,Near South,39.94503,-82.9938,Entire home/apt,251,2,49,2026-06-14,5.49,1,298,49,STRP25000167
1514613140400404006,Modern TownHome +Arcade Near Downtown & Stadiums,453711433,1470041421803682612,Goose Fox LLC,,Near South,39.94355,-82.97602,Entire home/apt,194,2,10,2026-06-12,1.08,18,362,10,STRP25000256
1514621361526897998,*NEW* Walk 2 Short North | Hot Tub | Easy Parking,120989543,1468229836971229285,Evan,,Near North/University,39.97914,-82.99897,Entire home/apt,528,2,33,2026-06-21,3.64,17,329,33,STRP25000184
1515617142964652739,Charming Columbus Home ~ 7 Mi to Ohio State!,163080999,1515617143608404971,Andy,,Northland,40.06055,-82.92537,Entire home/apt,192,3,5,2026-04-06,0.63,1,236,5,2025-1375
1516187552314450705,Top Floor Loft,695572906,1470732782882345892,Alex,,Downtown,39.95596,-82.99461,Entire home/apt,,365,0,,,1,364,0,
1516834826686529752,"Landing | Incredible 2BD, Gym, Courtyard",263502162,1463333307662174289,Landing,,Near North/University,39.99369184673878,-83.00420270573795,Entire home/apt,110,30,0,,,17,293,0,
1516959966244139780,German Village • Private Hot Tub & Chef’s Kitchen,115836608,1462908128595617159,Erich,,Near South,39.94123,-82.98949,Entire home/apt,280,3,20,2026-06-08,2.36,45,328,20,STRP25000136
1517171913673456975,Luxe & Cozy 3BR Oasis | Ideal for Groups,51373382,1465802269849810605,Sean,,Franklinton,39.95514,-83.0163,Entire home/apt,328,2,13,2026-05-14,1.63,12,342,13,STRP25000316
1517652441390424672,The Lavender House — Short North / Italian Village,116400313,1468193597600247100,Nate,,Near North/University,39.98312603366436,-83.00056793558197,Entire home/apt,327,2,10,2026-06-06,1.12,26,51,10,STRP25000143
1517673634301216100,The Lucky 7's Inn-5 Beds,496464688,1470234037205070583,Housepitality,,North Linden,40.0220049,-82.9913344,Entire home/apt,285,1,5,2026-05-17,0.59,25,356,5,STRP26000632
1517684953324629388,Luxury Columbus Townhouse with Game Room & Patio,20124464,1462611888448697875,Taylor & Brittany,,Near North/University,39.98132,-83.016,Entire home/apt,407,1,7,2026-06-07,0.96,4,342,7,STRP26000448
1517736059516305370,The Spacious Rambling Ranch,519443040,1470337278875216471,Houspitality,,West Scioto,39.98309,-83.11072,Entire home/apt,410,1,11,2026-05-03,1.26,7,331,11,STRP26000799
1517769805392963704,Luxury 6BR Townhome Duplex | Family Stay,20124464,1462611888448697875,Taylor & Brittany,,Near North/University,39.9813233,-83.0160037,Entire home/apt,878,1,4,2025-12-22,0.50,4,340,4,STRP26000446
1517931680426327396,Minimalist Haven-Free Parking!,194281106,1463106943901266179,Nicole,,Near North/University,39.98202149999999,-83.00430539999999,Entire home/apt,139,1,68,2026-06-15,7.61,59,169,68,2024-0913
1518112491562138235,Private Retreat w/ Pool & Gym – Room Only!,291919987,1469513531294482184,Jayda,,Southeast,39.89961,-82.8189,Private room,190,30,4,2026-05-10,0.51,2,365,4,2076-3071
1518424921125136797,Comfortable 2-Bedroom in the Heart of Grandview!,54524833,1465888979735284875,Bonnie,,West Olentangy,39.98776,-83.04195,Entire home/apt,105,30,0,,,4,225,0,
1519655121646715722,Cozy 1 bedroom apt near OSU/Short North/Downtown!,228223872,1469215646116156331,Eric,,Near North/University,39.98410047671472,-83.01099105171804,Entire home/apt,82,30,22,2026-03-15,2.43,14,90,22,2026-2034
1520884871068561966,Designer Unit in OSU’s Core,453019578,1470038730828227920,Tom,,Near North/University,40.0038753,-83.0085703,Entire home/apt,108,1,30,2026-06-12,3.56,63,91,30,2025-2331
1520885108878105997,Modern Stylish Apartment Near OSU Campus,453019578,1470038730828227920,Tom,,Near North/University,40.0038753,-83.0085703,Entire home/apt,116,1,21,2026-06-22,2.35,63,19,21,2025-2331
1521022185732807877,Columbus Landing,173716796,1521022186807820364,Brandon & Amina,,Northeast,39.99130536033397,-82.9237150400877,Entire home/apt,263,1,58,2026-06-26,6.49,2,324,58,STRP25000070
1521094500787628600,Charming 3-BR + Fenced Yard - Near Grandview,508106152,1470284064862256974,Benjamin Alan Dixon,,West Olentangy,39.9874738,-83.0388114,Entire home/apt,594,2,11,2026-05-11,1.24,23,344,11,STRP25000035
1521797199259601470,Luxury living w/ a view,664126239,1470666790966018881,Elizabeth,,Near South,39.9501694,-82.9997779,Entire home/apt,103,30,2,2026-05-31,0.55,12,290,2,
1523346397881197945,Grove City Getaway!,205251265,1463151616380427681,Omokhuwa,,Hilltop,39.91287,-83.07783,Entire home/apt,373,2,3,2026-05-18,0.47,1,190,3,2025-2164
1523361685185446676,7 Beds Chic Condo near German Village + Downtown,453711433,1470041421803682612,Goose Fox LLC,,Near South,39.94329,-82.97595,Entire home/apt,205,2,9,2026-06-14,1.45,18,362,9,STRP25000255
1523503958544720163,Short North Hideaway - Walkable & Pets Welcome,114135858,1468176973500495254,Payton,,Near North/University,39.98066,-83.0028535,Entire home/apt,265,2,23,2026-05-21,3.05,8,337,23,STRP25000388
1523989769309384137,Cozy Studio Near OSU - Great Monthly Rates!,496464688,1470234037205070583,Housepitality,,Near North/University,39.9965728,-82.99956279999999,Entire home/apt,100,2,0,,,25,364,0,STRP26000709
1524003524397708319,1 Gbps WiFi | 2BR Nationwide Children's | Hot Tub,120989543,1468229836971229285,Evan,,Near South,39.94722,-82.96521,Entire home/apt,150,30,16,2026-05-31,1.84,17,205,16,STRP25000740
1524021517630316883,Big Living in Tiny Home,4114228,1462647768252762509,David,,Near East,39.97132,-82.94853,Entire home/apt,73,32,0,,,3,323,0,
1524073532518328551,Short North Landing - Walkable and Pets Welcome,114135858,1468176973500495254,Payton,,Near North/University,39.9805643,-83.00292329999999,Entire home/apt,284,2,15,2026-06-14,3.06,8,334,15,STRP25000395
1524328650706850855,Spacious 3-Bedroom Columbus Home Near OSU/Downtown,652059314,1470640054600894160,Josephine,,Near North/University,40.0146,-83.00167,Entire home/apt,118,30,0,,,6,311,0,
1524709204716390807,Cozy Home Near OSU | King Bed • NBA Jam • Sleeps 6,465176614,1470096547849294326,Tina,,North Linden,40.03202,-82.9952,Entire home/apt,217,1,29,2026-06-11,3.27,3,322,29,STRP25000200
1526148697790312080,Relaxing Family Getaway | Games & Outdoor Patio,345450411,1469683136499128718,Evan,,Near East,39.96683,-82.97792,Entire home/apt,516,2,20,2026-05-31,2.27,12,326,20,STRP25000262
1526686676223163714,EZ Hwy Access · 3BR Home · 3-Car Driveway,722778641,1526686676833403558,Mark,,Northland,40.087631317969894,-82.97919666560668,Entire home/apt,161,2,48,2026-06-28,5.67,1,119,48,STRP25000154
1526943836480993986,Open and Spacious in Olde Town East,431344669,1469953247421664960,Jesse,,Near East,39.9598349,-82.9729006,Entire home/apt,460,2,9,2026-05-31,1.13,7,176,9,2023-3678
1527661831430961295,Walk to the Shoe! Historic District home near OSU,25033943,1462631854815898556,Nicole,,Near North/University,40.0075,-83.00658,Entire home/apt,688,3,2,2026-05-18,0.25,1,32,2,STRP25000162
1528106806389484950,Spacious 3 bedroom in Columbus by OSU/RMH/Downtown,652059314,1470640054600894160,Josephine,,Near North/University,40.014479427746245,-83.00369013491965,Entire home/apt,124,30,0,,,6,360,0,
1528133617554290600,Charming 3-Bedroom Home in Columbus by OSU/RMH,652059314,1470640054600894160,Josephine,,Near North/University,40.0151945,-83.0027112,Entire home/apt,117,30,1,2025-12-18,0.15,6,277,1,
1529194731898812245,Stylish 2BR German Village Walkable +Spacious!,453711433,1470041421803682612,Goose Fox LLC,,Near South,39.9475,-82.98703,Entire home/apt,167,2,15,2026-06-28,1.80,18,357,15,STRP26000146
1529825804041214907,"Comfy & airy full house, 4mi from central Columbus",493392897,1529825804898398489,Scott,,Hilltop,39.9475639,-83.0877107,Entire home/apt,156,1,112,2026-06-27,13.28,1,321,112,STRP25000221
1529826479908342192,1BR Columbus Gem near OSU!,37340708,1462674924464455782,Jessie,,West Olentangy,40.0494924,-83.04742279999999,Entire home/apt,139,2,6,2026-06-21,0.81,11,358,6,STRP25000177
1529875435808703593,Yellow room 1,483640056,1470177572716821921,Taiwo,,Eastland/Brice,39.90899,-82.83794,Private room,65,2,5,2026-05-17,0.66,11,358,5,2025-1148
1530457064504164615,Downtown Delight | Columbus Escape!,37340708,1462674924464455782,Jessie,,West Olentangy,40.04965665590339,-83.04665032380369,Entire home/apt,160,2,9,2026-06-07,1.86,11,347,9,STRP25000180
1530636626254024160,Modern Nest in the Capital!,37340708,1462674924464455782,Jessie,,West Olentangy,40.0494924,-83.04742279999999,Entire home/apt,182,2,13,2026-06-14,1.71,11,354,13,STRP25000178
1530670039041670426,Spacious 4-BR Retreat w/ Game Room + BBQ Patio,518407740,1463864281815460249,Manjot,,Far West,40.01583,-83.17103,Entire home/apt,431,2,18,2026-06-26,2.10,4,347,18,STRP25000310
1530815612070745458,"The Columbus BR Haven | Tennis, Pickleball & More!",37340708,1462674924464455782,Jessie,,West Olentangy,40.04886367514602,-83.048366022229,Entire home/apt,186,2,9,2026-03-08,1.05,11,240,9,STRP25000176
1531187301318365984,The Luxe Pearl Residences 872-5,463267531,1470087400930393529,Grand Welcome Ohio Kentucky,,Near North/University,39.980258,-83.003413,Entire home/apt,207,1,8,2026-04-11,0.98,43,319,8,2024-1170
1531198289156192967,The Luxe Pearl Residences - 8ppl,463267531,1470087400930393529,Grand Welcome Ohio Kentucky,,Near North/University,39.980258,-83.003413,Entire home/apt,611,1,3,2026-06-14,1.38,43,257,3,2024-1170
1531247484166086332,1 Gbps WiFi | 3BR Near Nationwide Children's,120989543,1468229836971229285,Evan,,Near South,39.94691,-82.9672,Entire home/apt,220,2,10,2026-03-02,1.18,17,195,10,STRP25000741
1531296246922912947,"Modern 2BR Gem | Near UA, Riverside, and OSU",37340708,1462674924464455782,Jessie,,West Olentangy,40.04942214875379,-83.04731459629517,Entire home/apt,213,2,10,2026-06-14,1.78,11,350,10,STRP25000175
1531458158875195831,The Chill Spot | Modern 2BR Columbus Condo,37340708,1462674924464455782,Jessie,,West Olentangy,40.0494924,-83.04742279999999,Entire home/apt,163,2,6,2026-06-22,0.82,11,353,6,STRP25000179
1532607014411759650,"Under the S.E.A 
(Simple Elegant Atmosphere)",16184897,1462596930313809844,Toya,,South Linden,40.00726,-82.97393,Private room,49,30,0,,,6,270,0,
1532972544639468211,BRAND NEW Badass 3-Story Home w/ Terrace Hot Tub,107290958,1467300359542408670,Joel,,Near North/University,39.98509,-83.00142,Entire home/apt,1148,2,42,2026-06-24,5.02,9,324,42,STRP25000531
1533347248965721631,Deluxe 3B 2Ba Home in quiet area Dtown Columbus.,115844899,1462908146359644954,Chip,,Near North/University,39.98382,-83.01299,Entire home/apt,315,2,11,2026-06-14,1.62,3,282,11,STRP25000396
1533483477275923917,Beautiful 1 Bedroom Near Short North,453019578,1470038730828227920,Tom,,Near North/University,39.9868802,-83.0035927,Entire home/apt,149,1,15,2026-06-27,3.88,63,175,15,STRP26000342
1533526211160040925,Nationwide comfortable private bedroom $ bathroom,435522704,1533505541163484460,Heldine,,Near South,39.94376,-82.98207,Private room,75,3,0,,,5,82,0,STRP25000476
1533739546395811006,The 614 Stewart Haus,26587115,1465369456994110118,Zachary,,Near South,39.94187,-82.9795,Entire home/apt,209,1,24,2026-06-25,5.33,1,306,24,STRP25000685
1534766486223847814,Stylish 3BR Retreat Near OSU | Sauna & Fire pit,46774704,1465701073525542480,Jamie,,Near North/University,39.9895232,-82.99630429999999,Entire home/apt,306,3,24,2026-04-27,3.36,1,168,24,STRP25000584
1535611870287875235,Summit St '23,702634827,1470746717917826183,Radhika,,Near North/University,39.99498,-83.00106,Entire home/apt,279,2,8,2026-06-08,1.32,3,17,8,STRP25000314
1535617124138899703,Summit St '25,702634827,1470746717917826183,Radhika,,Near North/University,39.99343,-83.00074,Entire home/apt,248,2,14,2026-06-21,1.75,3,17,14,STRP25000315
1535841220059738404,The Goodale Retreat - 2 BR 2Bath,443246026,1469999381313222718,Nsr,,Near North/University,39.97482,-83.00949,Entire home/apt,281,1,8,2026-06-21,1.07,11,357,8,STRP25000009
1535868276312682272,The Urban Oasis - 3 BR - Great Location,443246026,1469999381313222718,Nsr,,Near North/University,39.9839998,-83.0041384,Entire home/apt,336,1,13,2026-06-14,1.73,11,345,13,2023-2190
1536203605965434692,"The PEARL Perfect for Travel Nurses, Extended Stay",722193293,1536203606775226903,Annette,,Far South,39.8753494,-82.9640206,Entire home/apt,284,2,15,2026-06-22,2.10,1,353,15,STRP25000402
1536370508626055396,VillageSol | Mid-Century Haven near German Village,69285701,1462789639178335731,Amber,,Near South,39.9302221,-82.98769779999999,Entire home/apt,,30,0,,,1,0,0,
1536524652478349202,"The Funky Fun Haus - Pickleball, Hot Tub, Arcade",338195933,1469657573469188339,Kyle,,Near North/University,39.9904538,-82.99784489999999,Entire home/apt,269,2,33,2026-06-21,4.13,5,316,33,STRP25000401
1536632511892590454,Cozy Room Close to Downtown & Hospitals,424209764,1536632512679540516,Lexie,,Near South,39.95353,-82.96777,Private room,38,30,3,2026-05-07,0.42,3,303,3,
1536940204617398845,High Street Hideaway - For 8,463267531,1470087400930393529,Grand Welcome Ohio Kentucky,,Near North/University,39.9805757,-83.0019564,Entire home/apt,539,1,10,2026-05-24,1.31,43,312,10,STRP25000324
1537415631664338281,Buckeye Brickhaus- Minutes to OSU & Downtown CBus,545268851,1470441267887541704,Kl,,Near East,39.9740675,-82.9796212,Entire home/apt,135,30,3,2026-03-31,0.42,4,208,3,
1537734486724510310,Modern Comfort Near Downtown,677020487,1470694172289602604,Michael,,Near East,39.9551,-82.96923,Entire home/apt,270,1,10,2026-06-19,1.63,1,359,10,STRP25000459
1538467535707421069,Hilliard Home Away from Home-Spacious 4BR/3B,725486480,1538467536702791684,Rita,,Far West,40.0143,-83.17944,Entire home/apt,167,14,1,2026-01-05,0.17,1,179,1,
1538502056630595288,Charming Historic Getaway in the Heart of Columbus,508106152,1470284064862256974,Benjamin Alan Dixon,,Near North/University,39.9744896,-83.0102071,Entire home/apt,449,1,11,2026-06-21,1.38,23,341,11,STRP25000155
1538554747769119466,Centrally Located 2BR Home + Garage,286980818,1469497793353894873,Cheryl,,Near South,39.936,-82.9625,Entire home/apt,75,30,1,2025-12-14,0.15,48,271,1,
1538725345643894170,*New* Charming Tiny Loft Cabin 1BD Appt 3rd Floor,438888053,1463703753885296422,April,,Near East,39.95938173818511,-82.96861583282943,Entire home/apt,117,1,49,2026-06-14,6.13,3,338,49,STRP25000303
1539223832933458438,Efficient Studio Near OSU - Great Monthly Rates!,496464688,1470234037205070583,Housepitality,,Near North/University,39.9965728,-82.99956279999999,Entire home/apt,132,30,2,2026-04-03,0.34,25,319,2,STRP26000710
1539468747253713945,The Panda Room,173716796,1521022186807820364,Brandon & Amina,,Far Northwest,40.1264972,-83.0682995,Private room,161,1,14,2026-05-26,1.85,2,331,14,STRP25000071
1539832684519861363,Upscale 3-Story German Village Home | Near Cafés,304922101,1469561386313712842,Ado,,Near South,39.94033,-82.99172,Entire home/apt,352,2,17,2026-06-27,2.41,1,223,17,STRP25000380
1540944688076632816,Colorful Spacious Entertaining Townhome w/ Arcades,453711433,1470041421803682612,Goose Fox LLC,,Near South,39.95172,-82.97519,Entire home/apt,415,2,6,2026-06-22,0.79,18,342,6,STRP25000452
1541699102032148046,Modern 3BR/1.5BA – Walk to Nationwide Children’s,215447158,1469129406568004938,Jason,,Near South,39.94686,-82.97642,Entire home/apt,186,2,16,2026-06-21,2.16,9,146,16,2025-7289
1541973106276613667,Yellowwood - 5BR 2Bath - Great for families and Gr,508106152,1470284064862256974,Benjamin Alan Dixon,,Northland,40.0774053,-82.98291970000001,Entire home/apt,333,2,3,2026-05-18,1.32,23,333,3,STRP25000613
1542094943805623550,The Oakwood Haven - Near German Village,158439641,1468543439958083754,GH Hospitality,,Near South,39.9413469,-82.9692714,Entire home/apt,300,1,10,2026-06-01,1.56,40,333,10,STRP25000253
1543072736618246854,Enjoy Charming Home and Beautiful German Village,34633717,1543072737448829431,Marcus,,Near South,39.94606,-82.98746,Entire home/apt,225,2,28,2026-06-21,4.40,1,203,28,STRP25000542
1543461957492272659,Bright & Open Schumacher Home,52174539,1465836807997101830,Kate & Nat,,Near South,39.9449147,-82.9847052,Entire home/apt,212,2,7,2026-06-14,1.00,21,166,7,STRP25000411
1544185681360587508,Cozy Housing on Oak,315729151,1469595872435283272,Rachel,,Near East,39.96133,-82.95301,Entire home/apt,171,30,0,,,15,333,0,
1545039720879044394,Cozy Italian Village Gem | Steps to Dining & Bars,726972194,1545039721492900816,Ken,,Near North/University,39.98343447143817,-82.99915023991521,Entire home/apt,195,1,26,2026-06-22,4.33,1,140,26,STRP25000639
1545296486740704312,The Brooklyn Bridge Zen Flat — Downtown Columbus,116400313,1468193597600247100,Nate,,Downtown,39.9640901,-82.9980095,Entire home/apt,118,30,1,2026-01-05,0.17,26,359,1,
1545495911784765636,Nature View Loft Close to Downtown & Hospitals,424209764,1536632512679540516,Lexie,,Near East,39.955402174236404,-82.96789318509067,Private room,48,30,0,,,3,282,0,
1546369470220737846,Downtown Highrise 1BR | Balcony + Garage Parking,27280979,1465402775111214573,Jesse,,Downtown,39.96329749825508,-82.99412582370391,Entire home/apt,,30,0,,,22,2,0,
1546417915799704852,Quiet Room Close to Downtown & Hospitals,424209764,1536632512679540516,Lexie,,Near East,39.95532,-82.96618,Private room,43,30,1,2026-05-01,0.50,3,358,1,
1546636097213265963,Modern 3 BR • 16 min Airport • 20 min Downtown,430093839,1469948183859325425,Prince Kay,,Eastland/Brice,39.918611258305205,-82.83937854052898,Entire home/apt,,30,0,,,2,302,0,
1546745943840431789,Quiet Dublin Home w Large yard near Bridgepark,727392672,1546745944707771926,Wole And Bola,,Hayden Run,40.06785,-83.12607,Entire home/apt,420,1,17,2026-06-22,2.27,1,346,17,STRP25000403
1547155122016538669,Cozy 2BR Near Ohio State - Private Yard - Parking,588669808,1495624610852108369,Jennifer,,Franklinton,39.95614,-83.03562,Entire home/apt,204,1,41,2026-06-21,5.28,2,347,41,STRP25000407
1547499148114676150,Quite private room near Nation Children hospital,435522704,1533505541163484460,Heldine,,Near South,39.9437,-82.98017,Private room,77,3,1,2025-11-10,0.13,5,35,1,STRP25000476
1547887710892279141,Cozy Retreat Walkable to OSU East,139678986,1468383784641430249,Meridian,,Near East,39.97219,-82.96364,Entire home/apt,171,30,0,,,2,179,0,
1548006413887932562,"Modern 3BR Cottage | Hospitals, Airport, Downtown",53884276,1465875428250752591,Theresa,,Northeast,39.98987,-82.92904,Entire home/apt,107,30,1,2026-04-20,0.42,8,323,1,
1548858116411625209,private bedroom and bathroom near airport and OSU,435522704,1533505541163484460,Heldine,,South Linden,39.98578,-82.98104,Private room,84,3,0,,,5,88,0,STRP25000477
1548931737035454196,OSU Private room and bathroom close to downtown,435522704,1533505541163484460,Heldine,,South Linden,39.98712,-82.97935,Private room,,3,3,2026-03-08,0.41,5,0,3,STRP25000477
1548950786841992784,Private bedroom and bathroom Airport room near OSU,435522704,1533505541163484460,Heldine,,South Linden,39.98681,-82.98069,Private room,,3,3,2025-11-16,0.38,5,0,3,STRP25000477
1549302770629694133,Gorgeous Merion Village Home -Perfect for Families,83760280,1467013395776998472,Luke,,Near South,39.93407,-82.98408,Entire home/apt,261,2,12,2026-06-14,1.78,8,354,12,STRP25000399
1549303834225346548,Stylish & Cozy 3-Bdrm Home Central Columbus!,137455937,1468366325161263356,Rori,,West Olentangy,40.0276,-83.03866,Entire home/apt,130,30,0,,,5,324,0,
1549576964964819386,The Cobbler 's Abode,508106152,1470284064862256974,Benjamin Alan Dixon,,Near South,39.94818,-82.98752,Entire home/apt,190,1,7,2026-06-16,0.99,23,361,7,STRP25000636
1549836583842097914,Comfortable Stay | Zoo. Free Parking,592572154,1470618480355935105,Courtyard Columbus Worthington,,Far North,40.11419,-83.01427,Private room,121,1,44,2026-06-18,6.00,2,174,44,Exempt
1549836820349077779,Relaxing Journey | Botanical Gardens. Indoor Pool,592572154,1470618480355935105,Courtyard Columbus Worthington,,Far North,40.11527,-83.01473,Private room,107,1,33,2026-06-01,4.83,2,151,33,Exempt
1550006037959115239,Modern Home w/ Office | Outdoor Retreat | Garage,9761047,1462571045899842517,Anika,,Near South,39.94757,-82.96821,Entire home/apt,228,3,4,2026-06-21,2.14,2,135,4,STRP25000684
1551560148772710826,Stylish Home Base in Columbus!,673188127,1470686321960765496,Danny,,Downtown,39.96269,-82.98405,Entire home/apt,158,2,5,2026-06-13,2.27,14,362,5,STRP26000478
1551948263325822660,Modern Spacious 3BR 2.5Bath Downtown FreeParking,728627228,1551948264070043519,Yurong,,Near South,39.95346,-82.96365,Entire home/apt,177,30,1,2026-05-18,0.70,4,159,1,2025-5738
1552168408722904485,Shasta 5 - Large Master Suite with Private Bath,177553590,1468718490402485725,Chris,,Northland,40.08386048527052,-82.93462939011647,Private room,53,30,3,2026-05-17,0.58,12,179,3,
1552260643439774246,Pet-Friendly! Chic 1BR Apt Close to Downtown Core,673188127,1470686321960765496,Danny,,Downtown,39.964486080603905,-82.98577573468026,Entire home/apt,146,2,4,2026-06-14,1.05,14,360,4,STRP26000461
1552478505804548413,*NEW* 4BR•2.5 bath•Walk OSU & Events•Free Parking,557879382,1502211651720592076,Mark & Jodi,,Near North/University,40.00839,-82.99937,Entire home/apt,476,2,4,2026-04-26,0.65,1,31,4,STRP25000354
1552694900516606737,Luxury 2BR with Pool Access,453019578,1470038730828227920,Tom,,West Olentangy,39.9868,-83.03291,Entire home/apt,269,2,6,2026-05-11,1.49,63,145,6,2025-1564
1552850517498602050,Your Columbus Home Base – Airport & OSU,537035402,1470409194842808542,Nancy,,Eastmoor/Walnut Ridge,39.9502897,-82.886551,Entire home/apt,293,2,17,2026-06-14,2.26,1,342,17,STRP25000509
1553790060363538148,"Historic Brick Loft | Near CMH, Short North, OSU",56664331,1465927053726307081,Wesley,,Near East,39.95800750000001,-82.96961999999999,Entire home/apt,219,2,11,2026-05-17,1.61,1,16,11,STRP25000497
1553906083885263432,Lovely 3 bed/2 full bath Ranch w/ Sauna near Zoo,67826667,1466838151405291597,Jordan,,Northwest,40.07696,-83.09951,Entire home/apt,279,2,20,2026-04-24,2.75,8,263,20,STRP25000512
1554502084670971962,Modern Comfort Near Polaris | 3BR Home w/ Garage,432234139,1467704638516686531,Sara,,Far North,40.139218420619045,-82.97638649389383,Entire home/apt,152,30,0,,,71,294,0,
1555126360058039273,Stylish Spacious 3 Bedroom 2Bath Central FreePking,728627228,1551948264070043519,Yurong,,Near East,39.95339,-82.95382,Entire home/apt,163,30,0,,,4,180,0,2025-4392
1555130567424740275,Modern Central 2Bedroom  Washer Dryer FreeParking,728627228,1551948264070043519,Yurong,,North Linden,40.01431,-82.96556,Entire home/apt,,30,2,2026-06-24,0.53,4,179,2,2025-5446
1555135496023502488,Modern Stylish 2Bedroom Central Townhome Freepking,728627228,1551948264070043519,Yurong,,North Linden,40.01466,-82.96738,Entire home/apt,101,30,0,,,4,178,0,2025-3456
1555326009564809060,The Gear House,431615820,1469954234084195828,Kellie,,Far South,39.90676,-82.98794,Entire home/apt,263,1,20,2026-06-27,2.74,4,329,20,STRP25000449
1555580545732915242,"Downtown & Pet Friendly! Fenced Yard, Sleeps 7+",487020630,1463817950400730559,Sara Beth,,Near East,39.9582535,-82.9784991,Entire home/apt,,1,14,2026-06-11,2.01,7,329,14,STRP25000283
1555760054260412701,Bright Home w/ Patio + Fenced Yard | Sleeps 10,462623546,1470084173204732755,Brandon,,Westland,39.92923180283038,-83.15041054661378,Entire home/apt,461,1,14,2026-06-14,2.05,5,275,14,STRP25000579
1555793386467650519,Calming stay on Champion,504044700,1470265984610417224,Samira,,Near East,39.95562,-82.97023,Entire home/apt,,30,0,,,4,0,0,
1555925211157185528,Charming Grandview Duplex: Walkable GVH & OSU West,138027535,1555925211995363347,Rt,,West Olentangy,39.98894,-83.05139,Entire home/apt,174,1,6,2026-06-21,2.50,1,216,6,STRP26000275
1556166111850053728,EV Outlet | Near Muirfield/Zoo | Comfy Beds,38962915,1462680020706833376,Jennifer,,Far Northwest,40.13227,-83.06635,Entire home/apt,216,2,14,2026-06-14,2.06,5,43,14,2024-1109
1556780824251484257,MidCentury Apartment in the Heart of it All,159792213,1468554880769253421,Caitlin,,Clintonville,40.06375663732201,-83.01908802241087,Entire home/apt,,30,1,2026-02-01,0.20,5,0,1,
1556782262114729467,Updated Home in German Village - 2BR with Parking!,519443040,1470337278875216471,Houspitality,,Near South,39.9520412,-82.9948369,Entire home/apt,253,1,7,2026-06-22,1.30,7,87,7,STRP25000604
1557337318970891964,Perfect for long stays-Amazing Location w/parking,182197479,1468758062202247834,Austin,,Near North/University,39.9784,-83.00278,Entire home/apt,139,30,5,2026-05-21,1.40,6,348,5,2025-2644
1557571399998658003,Peaceful 2-bedroom in the heart of Grandview!,54524833,1465888979735284875,Bonnie,,West Olentangy,39.9879,-83.04142,Entire home/apt,101,30,0,,,4,353,0,
1558053402716049282,Dublin Blue Haven - Home for 12,463267531,1470087400930393529,Grand Welcome Ohio Kentucky,,Far Northwest,40.1129518,-83.0761987,Entire home/apt,410,2,10,2026-06-03,1.37,43,280,10,STRP25000331
1558860631467830945,Walkable Apt in Historic Olde Towne w/Parking,729265234,1557360287017431322,Sheri,,Near East,39.95761,-82.96727,Entire home/apt,287,1,16,2026-06-07,2.82,1,349,16,2024-2694
1559089220357629439,"Southern Orch Zen- 1 Gig WiFi, Full Kitchen, Quiet",89119768,1467080681258526373,Sarah,,Near South,39.94577,-82.98239,Entire home/apt,202,2,19,2026-06-21,2.68,19,127,19,2025-2300
1559760413542483534,The Columbus Prime - 5 Bedroom 2 Bath- Parking,519156832,1470336044328166601,Housepitality,,North Linden,40.02335,-82.99258,Entire home/apt,299,1,2,2026-06-10,0.28,9,318,2,STRP25000132
1559815556451455279,Charming German Village Home | Walkable & Quiet,730434803,1559815557011929006,Golden Ventures PM,,Near South,39.94728089228475,-82.99029147617144,Entire home/apt,339,2,15,2026-06-25,3.81,1,159,15,STRP25000693
1560283258637576945,Northwood | Walkable Historic Craftsman Near OSU,170368591,1468645954460486290,Samuel,,Near North/University,40.01359032541379,-83.0023653466048,Entire home/apt,360,1,11,2026-06-21,2.89,4,234,11,STRP25000610
1560636544497754706,Charming Apartment in Clintonville,159792213,1468554880769253421,Caitlin,,Clintonville,40.06384054430679,-83.01909003406763,Entire home/apt,,30,2,2026-05-02,0.33,5,16,2,
1560783940825480782,Nomad Nests - Columbus Getaway (Queen Rm),267231006,1560783941534180784,Susan,,Near North/University,40.01523,-83.00192,Private room,56,30,0,,,6,95,0,
1561099438471004697,Cozy Home in Columbus Worthington/Westerville area,485897495,1470187306114726057,Arsen,,Northland,40.08924,-82.97962,Entire home/apt,144,2,14,2026-06-21,2.05,2,310,14,STRP25000323
1561448408782440022,Short North Luxury ·Top FL Condo ·2 Beds Fast WiFi,2994567,1462614436633814142,Mark,,Near North/University,39.97879851556893,-83.00535039979363,Entire home/apt,94,30,1,2026-01-31,0.20,13,329,1,2026-7130
1561487042430429692,Nomad Nests - Columbus Getaway (Double bed) 2,267231006,1560783941534180784,Susan,,Near North/University,40.01487931715301,-83.0018042958761,Private room,56,30,0,,,6,121,0,
1561550708598632755,Nomad Nests - Columbus Getaway (Double bed) 3,267231006,1560783941534180784,Susan,,Near North/University,40.01458411225779,-83.00319422417334,Private room,57,30,0,,,6,365,0,
1561574858798289666,Nomad Nests - Columbus Getaway,267231006,1560783941534180784,Susan,,Near North/University,40.01344,-83.00184,Entire home/apt,86,30,2,2026-05-30,0.39,6,61,2,
1561735793690644922,Cozy Ranch Home in Columbus with Garage Parking,418331756,1469900914233389855,Thomas,,Northwest,40.05557,-83.05802,Entire home/apt,136,13,3,2026-06-09,0.97,2,226,3,2025-2605
1561948222224365623,German Village Cottage | Perfect Downtown Location,259386526,1463322202987266368,Griffin,,Near South,39.95056019523059,-82.98767667263746,Entire home/apt,257,1,26,2026-06-07,3.94,19,241,26,STRP25000462
1561967783115024071,Pet Friendly 2BR Orchard Cottage - Fully Fenced!,508106152,1470284064862256974,Benjamin Alan Dixon,,Near South,39.93749,-82.97832,Entire home/apt,378,1,7,2026-06-20,1.09,23,332,7,STRP25000554
1562388920354378874,Room for Rent - Move in ASAP,167797694,1526899080480099705,Sarai,,Northeast,39.98269,-82.93462,Private room,59,30,0,,,1,364,0,
1562765571611091963,"Room close to Airport, OSU - Bexley Room B",731005140,1562402710001691209,Liping,,Eastmoor/Walnut Ridge,39.96648938299048,-82.91481662234487,Private room,76,1,7,2026-06-14,1.12,2,259,7,2025-1818
1562776120954634072,Cozy Family Suite: 2 Queens & Crib - Bexley Room F,731005140,1562402710001691209,Liping,,Eastmoor/Walnut Ridge,39.96714146237649,-82.91406797986787,Private room,159,1,7,2026-06-06,1.15,2,261,7,2025-1818
1562777451165946590,Spacious 3BR Townhome in the Heart of OSU,146506530,1487930156423676785,Rob,,Near North/University,40.00132,-82.99846,Entire home/apt,145,2,8,2026-06-21,1.18,2,305,8,2019-1953
1562786833195473836,The Inlet Cove in the Heart of OSU,146506530,1487930156423676785,Rob,,Near North/University,40.00175,-82.99722,Entire home/apt,153,2,12,2026-06-12,2.93,2,311,12,STRP25000646
1563104440571081780,Private Apt 1Bdrm+Futon Onsite Eatery Gym Dog Park,513850038,1563104285124115992,Tammy,,Hayden Run,40.0572311,-83.16823640000001,Entire home/apt,93,30,1,2026-02-14,0.22,1,131,1,
1563202492211849515,Nomad Nests - Columbus Classic,267231006,1560783941534180784,Susan,,Near North/University,40.014622535289504,-83.0033515021205,Private room,,30,1,2026-03-27,0.32,6,322,1,
1563433411832381759,Welcome to your home-away-from-home.,731234889,1563433361695305772,Hollie,,Far East,40.00076,-82.78432,Entire home/apt,457,1,0,,,1,365,0,STRP25000630
1563977165053169584,Modern 1BR Studio - Downtown Access & Pets Welcome,673188127,1470686321960765496,Danny,,Downtown,39.96483282021938,-82.98349005609143,Entire home/apt,115,2,7,2026-05-28,1.71,14,358,7,STRP26000460
1564633767306814310,Modern Room for Pet-Friendly Budget Travelers,25138314,1462632302706246552,RoomPicks By Antony,,West Olentangy,40.0176076,-83.0244554,Hotel room,94,1,0,,,12,218,0,Exempt
1564633769237607587,Fresh Stay for Guests Traveling with Pets,25138314,1462632302706246552,RoomPicks By Antony,,West Olentangy,40.0176076,-83.0244554,Hotel room,94,1,0,,,12,218,0,Exempt
1564633772714833366,2 Relaxing Rooms Close to Downtown Columbus & OSU,25138314,1462632302706246552,RoomPicks By Antony,,West Olentangy,40.01761,-83.02446,Hotel room,188,1,0,,,12,218,0,Exempt
1564633780137179827,2 Rooms Near Columbus Convention Center w/ Parking,25138314,1462632302706246552,RoomPicks By Antony,,West Olentangy,40.0176076,-83.0244554,Hotel room,198,1,0,,,12,218,0,Exempt
1564633784279943366,Relaxing Room Close to Downtown Columbus Sights,25138314,1462632302706246552,RoomPicks By Antony,,West Olentangy,40.01761,-83.02446,Hotel room,94,1,0,,,12,218,0,Exempt
1564633821743093236,Convenient Stay Near Downtown Columbus Attractions,25138314,1462632302706246552,RoomPicks By Antony,,West Olentangy,40.0176076,-83.0244554,Hotel room,95,1,0,,,12,218,0,Exempt
1564633822458921540,2 Family-Friendly Rooms Near Downtown & OSU,25138314,1462632302706246552,RoomPicks By Antony,,West Olentangy,40.01761,-83.02446,Hotel room,190,1,0,,,12,218,0,Exempt
1564633834289836981,Comfortable 2-Room Stay Steps from OSU & City,25138314,1462632302706246552,RoomPicks By Antony,,West Olentangy,40.01761,-83.02446,Hotel room,188,1,0,,,12,218,0,Exempt
1564633836264131221,Ideal Spot for Ohio Expo Center Events,25138314,1462632302706246552,RoomPicks By Antony,,West Olentangy,40.0176076,-83.0244554,Hotel room,95,1,1,2026-05-31,1,12,218,1,Exempt
1564633836770840289,Stay Steps from Ohio Expo Center w/ Free Parking,25138314,1462632302706246552,RoomPicks By Antony,,West Olentangy,40.0176076,-83.0244554,Hotel room,94,1,0,,,12,218,0,Exempt
1564633860111181743,2 Pet-Friendly Rooms Near Columbus Attractions,25138314,1462632302706246552,RoomPicks By Antony,,West Olentangy,40.01761,-83.02446,Hotel room,188,1,0,,,12,218,0,Exempt
1564633865888133224,Columbus 2-Room Retreat for Guests with Pets,25138314,1462632302706246552,RoomPicks By Antony,,West Olentangy,40.01761,-83.02446,Hotel room,188,1,0,,,12,218,0,Exempt
1565371014903449173,The Brocton: 4 miles from airport,315729151,1469595872435283272,Rachel,,South Linden,40.00819,-82.94021,Entire home/apt,115,30,0,,,15,293,0,
1566153003197334837,Nomad Nests - Columbus Classic 2,267231006,1560783941534180784,Susan,,Near North/University,40.01407563549557,-83.00404713734748,Private room,42,30,2,2026-05-16,0.49,6,178,2,
1566380633110951361,Artist Loft in the Heart of Downtown Columbus,255613252,1469350849827297547,Elizabeth,,Downtown,39.96584,-83.00257,Entire home/apt,104,30,0,,,2,178,0,
1566859090037011312,"Spacious 3BR | 2 LRs, Yard, Garage, Pet Friendly",487020630,1463817950400730559,Sara Beth,,Greenlawn/Frank Road,39.9279319,-83.04734110000001,Entire home/apt,257,1,26,2026-06-17,3.96,7,343,26,STRP25000564
1566874805607799595,"Duplex in Columbus, Ohio",679467791,1566874806279939246,Gebregziabher,,Near East,39.95465,-82.96916,Entire home/apt,320,1,8,2026-06-21,1.69,1,173,8,STRP25000679
1566934693044839200,Designer OSU Studio + Full Kitchen,115836608,1462908128595617159,Erich,,Near North/University,39.9912554,-83.0142654,Entire home/apt,128,2,8,2026-06-14,1.27,45,361,8,2025-2435
1566941763175849706,"Campus Luxe Studio | OSU, WiFi, Parking",115836608,1462908128595617159,Erich,,Near North/University,39.9965265,-83.0148933,Entire home/apt,121,1,15,2026-06-14,3.06,45,332,15,2025-2249
1567364758634843367,Pet-Friendly Downtown Studio w/ Pool Table,673188127,1470686321960765496,Danny,,Downtown,39.96419685063427,-82.9854109024255,Entire home/apt,193,2,0,,,14,297,0,STRP26000466
1567403706039800514,"Chic Haven: 1BR Near Downtown, Pets OK!",673188127,1470686321960765496,Danny,,Downtown,39.963068121288565,-82.98373212921442,Entire home/apt,225,2,8,2026-06-15,3.33,14,346,8,STRP26000467
1567424510486483786,"Modern Loft, Pool Table, Pets Welcome!",673188127,1470686321960765496,Danny,,Downtown,39.96475688452542,-82.98392638778564,Entire home/apt,239,2,3,2026-05-26,0.90,14,354,3,STRP26000469
1567718991808183037,M&W Properties,373862149,1463554597324434076,Maribel,,Near South,39.9409661785125,-82.98088428967095,Entire home/apt,297,1,24,2026-06-28,3.91,1,329,24,STRP25000348
1568150292658237794,"Downtown Access 1BR, Comfortable & Pet-Ready!",673188127,1470686321960765496,Danny,,Downtown,39.963180045770194,-82.9850451083115,Entire home/apt,142,2,5,2026-06-14,1.35,14,179,5,STRP26000477
1568338020831793144,"2nd-floor, top-level luxury apartment",246907920,1469309742440419188,Delatierra Holdings LLC,,Near East,39.95843593645566,-82.96684194356203,Entire home/apt,135,7,2,2026-05-20,1.02,4,50,2,STRP25000335
1568459317906137813,Bright & Cozy 1BR Condo in Columbus,37340708,1462674924464455782,Jessie,,West Olentangy,40.04902400316086,-83.04920551156334,Entire home/apt,114,2,1,2026-05-02,0.51,11,361,1,STRP25000181
1568828174355443108,Downtown Core 1BR Chic Apt + Pets Allowed,673188127,1470686321960765496,Danny,,Downtown,39.96293238183257,-82.98391277923452,Entire home/apt,152,1,4,2026-06-14,1.01,14,232,4,STRP26000476
1568883628999538404,ZenDen 3 bedrooms w/ Sauna near Bridgepark,106396529,1568883629518020347,Andrew,,Northwest,40.08378,-83.09772,Entire home/apt,267,1,28,2026-06-21,6.94,1,250,28,STRP26000223
1569104951977073021,Urban 2BR Hideaway in Columbus!,37340708,1462674924464455782,Jessie,,West Olentangy,40.04903852792076,-83.04857073717743,Entire home/apt,241,2,8,2026-05-31,1.40,11,343,8,STRP25000182
1569194117074099753,Walk to OSU • 4BR Ranch • 3 Kings • Pet-Friendly,97405277,1467173375652989130,Darren,,West Olentangy,40.0230963,-83.0326295,Entire home/apt,405,2,12,2026-06-26,2.03,18,347,12,STRP25000503
1569594954628082841,Oak Haus • Spacious Designer 3B2Ba | Sleeps 9,675529736,1470691035177647698,Anusha,,Far Northwest,40.12673,-83.06535,Entire home/apt,420,2,7,2026-06-21,1.11,2,361,7,STRP25000596
1570605415731007472,Renovated Neil Ave Victorian by OSU & Short North,44217909,1465656829064890388,Chris & Melissa,,Near North/University,39.9852531,-83.0129856,Entire home/apt,614,2,20,2026-06-24,3.03,1,292,20,STRP25000442
1571911931233732338,"Charming & Comfy Mid-Term Stay in Columbus, Ohio",733109895,1571911931838429420,Ivory Sage,,Near East,39.95511,-82.97195,Entire home/apt,89,30,0,,,1,335,0,
1572612959040004846,Luxury Hot Tub Condo • Short North • Sleeps 9,291701969,1572612959793367850,Shadia,,Near North/University,39.97884,-83.00617,Entire home/apt,814,2,8,2026-06-26,1.22,1,354,8,STRP25000494
1572649834691413600,Chic 3BR Stay with Comfort & Style in South Monroe,120989543,1468229836971229285,Evan,,Near East,39.95665,-82.97778,Entire home/apt,185,30,8,2026-05-18,1.33,17,235,8,2025-2532
1572694291040785813,Bright & Comfortable 3BR Home for Families,120989543,1468229836971229285,Evan,,Near East,39.95648,-82.97947,Entire home/apt,164,30,3,2026-03-25,0.80,17,363,3,2025-2533
1572709655158957493,Stylish 2BR Retreat | Spacious Kitchen | Sale,120989543,1468229836971229285,Evan,,Near South,39.93041,-82.99691,Entire home/apt,,30,6,2026-05-10,1.05,17,174,6,2025-2534
1572716008450761074,Modern 2BR Retreat | Big Kitchen | Limited Deal,120989543,1468229836971229285,Evan,,Near South,39.932,-82.99617,Entire home/apt,184,30,5,2026-04-26,0.89,17,273,5,2025-2535
1573315697338583883,"Modern 3BR Luxury: Fireplace, Stylish Near Airport",424939908,1469927123700956701,Aleksandr,,Eastland/Brice,39.93105736321509,-82.8598819334859,Entire home/apt,278,2,12,2026-06-01,1.89,1,142,12,strp25000351
1573370884449295384,2BDRM 2BTH | House | Near OSU & Crew Stadium,71282681,1466881766308831745,Kb,,Near East,39.97533,-82.95957,Entire home/apt,252,1,18,2026-06-07,3.03,1,231,18,STRP25000669
1573595214857031734,Upscale top-floor 1BR living in the Short North,246907920,1469309742440419188,Delatierra Holdings LLC,,Near North/University,39.97473708795687,-83.003284111619,Entire home/apt,165,2,6,2026-06-21,0.99,4,186,6,STRP25000336
1574121915510793104,Buckeye Retreat 1,139678986,1468383784641430249,Meridian,,Near East,39.97317,-82.96352,Private room,85,30,0,,,2,257,0,
1574333799039114974,Landing | Spectacular 2BD in Discovery District,263502162,1463333307662174289,Landing,,Downtown,39.96089,-82.98865,Entire home/apt,115,30,0,,,17,82,0,
1574333799082922816,Landing | Stunning 1BD in Discovery District,263502162,1463333307662174289,Landing,,Downtown,39.96241,-82.98814,Entire home/apt,75,30,0,,,17,268,0,
1574333799330165065,"Landing | Spectacular 1BD, Gym, Yoga Studio",263502162,1463333307662174289,Landing,,Downtown,39.96280440471252,-82.99116448725051,Entire home/apt,,30,2,2026-05-03,0.67,17,306,2,
1574333799330530585,"Landing | Amazing Studio, Yoga Studio, Gym",263502162,1463333307662174289,Landing,,Downtown,39.96089885148909,-82.99107170584085,Entire home/apt,70,30,2,2026-03-16,0.53,17,325,2,
1574333799398080835,"Landing | Stylish 2BD, Clubhouse, Gym",263502162,1463333307662174289,Landing,,Downtown,39.96223896780189,-82.98945161178533,Entire home/apt,186,30,0,,,17,321,0,
1574333799643497244,Landing | Beautiful Studio in Discovery District,263502162,1463333307662174289,Landing,,Downtown,39.9624173579389,-82.98893332104653,Entire home/apt,102,30,0,,,17,329,0,
1575353491970862493,Modern Comfort in Dublin,692653141,1470726579676590184,Cesar,,Northwest,40.08439894304138,-83.10872003110137,Entire home/apt,143,30,2,2026-04-29,0.61,1,326,2,
1575477201324541081,293)Perfect for companies!,390089294,1468722721823294155,Traverse,,Near South,39.95208,-82.97239,Entire home/apt,473,1,1,2026-05-13,0.63,6,355,1,STRP26000465
1575607910477070260,Shasta 4 - New Private Master Suite,177553590,1468718490402485725,Chris,,Northland,40.083467210961224,-82.9342476523388,Private room,48,30,1,2026-01-30,0.20,12,179,1,
1576189180326822828,"Newly Renovated, 2 Bed Retreat Near German Village",246088509,1469305471434751597,Christian,,Near South,39.93537785307843,-82.97764340370483,Entire home/apt,,30,0,,,5,29,0,
1576851458775590353,"Cozy 2 BR on 2nd Ave, Walk 2 OSU",120989543,1468229836971229285,Evan,,Near North/University,39.98147372964962,-83.01124949711117,Entire home/apt,220,1,9,2026-06-20,1.52,17,344,9,STRP25000611
1577664200485988545,Cozy on 4th - OSU/Short North,414479881,1577664201107244964,Ryan,,Near North/University,39.98581069999999,-82.9988455,Entire home/apt,504,1,5,2026-06-07,1.32,1,301,5,STRP26000213
1577757323066237219,Modern 4BR Columbus Home - Near Airport and Easton,721818209,1522503906966124642,HomeHop PM,,Northeast,40.02875065683226,-82.90589627436158,Entire home/apt,353,2,5,2026-06-21,1.74,1,345,5,2025-1121
1578321150435486699,Spacious Downtown Condo by Topiary Park - XL Patio,2994567,1462614436633814142,Mark,,Downtown,39.961735546740144,-82.98401839577026,Entire home/apt,13,185,0,,,13,365,0,2026-3033
1578467126837398445,Comfortable Room Near Magic Mountain Fun Center,488127797,1470196858144647820,RoomPicks,,Far North,40.1164758,-83.0149727,Hotel room,100,1,0,,,6,267,0,Exempt
1578467132681288578,Simple & Practical Room Just Off I-270 Corridor,488127797,1470196858144647820,RoomPicks,,Far North,40.1164758,-83.0149727,Hotel room,118,1,2,2026-04-26,0.92,6,267,2,Exempt
1578467135010677749,Affordable Room for Pet Owners Near Shopping,488127797,1470196858144647820,RoomPicks,,Far North,40.1164758,-83.0149727,Hotel room,91,1,2,2026-06-06,2,6,266,2,Exempt
1578467137927925613,Renovated Room Perfect for a Weekend Getaway,488127797,1470196858144647820,RoomPicks,,Far North,40.1164758,-83.0149727,Hotel room,91,1,0,,,6,266,0,Exempt
1578467165596819771,Clean and Convenient Room Near Ohio State Fair,488127797,1470196858144647820,RoomPicks,,Far North,40.11648,-83.01497,Hotel room,91,1,0,,,6,265,0,Exempt
1578467175185463383,Great Value Stay Close to Worthington Highlights,488127797,1470196858144647820,RoomPicks,,Far North,40.1164758,-83.0149727,Hotel room,91,1,0,,,6,265,0,Exempt
1578508222768703663,The Greenhouse on Neil,31369115,1465461360380586662,Tony,,Near North/University,39.9822413,-83.0118202,Entire home/apt,175,2,25,2026-06-22,4.19,1,50,25,2025-2773
1578592414412783645,Artist Loft Entire Home Downtown,255613252,1469350849827297547,Elizabeth,,Downtown,39.96762747619929,-83.00298950174214,Entire home/apt,60,30,1,2026-05-31,1,2,178,1,
1578954552380554124,Getaway Nest,734701008,1578954553114818390,Coovi,,Eastmoor/Walnut Ridge,39.93859301418301,-82.8502019877384,Entire home/apt,438,1,4,2026-06-21,1.12,1,364,4,STRP25000689
1579018493356133424,Boutique Italian Village | OSU | 4BR | + 2 parking,734718364,1579018494080283728,Bobby,,Near North/University,39.98605107061757,-83.00296778836552,Entire home/apt,339,2,15,2026-06-22,3.69,1,312,15,STRP25000690
1579102682061506148,4 Bedrooms | Modern Interior | Spacious,390089294,1468722721823294155,Traverse,,Near North/University,40.01326,-83.00616,Entire home/apt,278,2,6,2026-05-31,1.59,6,337,6,2021-3020
1579193130904388070,Charming & Convenient German Village Columbus Home,87681224,1462842803616911371,Randall,,Near South,39.927061915268176,-82.98786788232785,Entire home/apt,69,50,0,,,1,72,0,
1579798213107296198,"Luxury 6BR 5BA Villa w/ Pool, Hot Tub & BackYard",215447158,1469129406568004938,Jason,,Far East,39.97328,-82.83902,Entire home/apt,903,1,15,2026-06-25,2.50,9,101,15,STRP26000502
1579930469680226011,Clintonville 4BR Near OSU & Downtown with Parking,732281360,1568228143648191896,Sandy,,Clintonville,40.05245,-83.01117,Entire home/apt,363,2,29,2026-06-26,4.55,1,304,29,STRP25000643
1580036636065541591,Big Retro House | Short North | Perfect for Groups,443246026,1469999381313222718,Nsr,,Near North/University,39.9837178849711,-83.00384955204053,Entire home/apt,353,1,0,,,11,329,0,2025-0166
1581351882558224308,Cozy 2-Bedroom Near OSU Campus,453019578,1470038730828227920,Tom,,West Olentangy,40.02290445001313,-83.02925811927302,Entire home/apt,,2,5,2026-06-26,2.31,63,0,5,2023-4749
1582175746529164849,The Hungarian Village Spot - 2 BR and Fenced Yard,496464688,1470234037205070583,Housepitality,,Near South,39.92863218630994,-82.98537597915713,Entire home/apt,199,1,9,2026-06-21,1.52,25,199,9,STRP25000163
1586617836085918544,"Rock & Roll House: PingPong, Hot Tub, Theatre Area",731930649,1566769127411556433,Midwest Haven Escapes,,Near East,39.9771054,-82.9697565,Entire home/apt,326,2,13,2026-06-19,2.27,2,355,13,STRP25000419
1587243866041980784,The Huron Charmer-4 BD and Yard,519156832,1470336044328166601,Housepitality,,Hilltop,39.95154903193387,-83.08166688816145,Entire home/apt,304,1,2,2026-06-07,2,9,176,2,STRP26000196
1587851008851103272,Buckeye Themed Home with Cozy Fire Pit | Sleeps 8,736968941,1587851009493401405,Noah,,Near East,39.955727113991884,-82.96750674987007,Entire home/apt,278,1,19,2026-06-10,3.17,2,211,19,STRP25000568
1587852779651293527,Fenced In Yard Near OSU With Detached Garage,536679974,1470407873093382072,Sean,,Near North/University,39.98565,-83.01763,Entire home/apt,334,1,10,2026-06-14,1.73,3,264,10,STRP25000521
1588980963557231889,•Bright + Stylish Brick Apartment w/ Arcade Game•,453711433,1470041421803682612,Goose Fox LLC,,Near South,39.94701,-82.98805,Entire home/apt,207,2,7,2026-06-28,1.64,18,321,7,STRP26000145
1590223180829187679,Seymour in the City,496275172,1590223181504107324,Sarah,,Near South,39.95072,-82.95464,Entire home/apt,230,7,1,2026-04-26,0.46,1,282,1,STRP00543955
1590967620095786670,Parkside Escape,89119768,1467080681258526373,Sarah,,Near East,39.96091,-82.96517,Entire home/apt,230,1,14,2026-06-15,3.56,19,123,14,STRP25000520
1591392003818030163,Hot tub | Downtown | Fenced Yard | Parking,390089294,1468722721823294155,Traverse,,Near South,39.95024586522205,-82.97305396736742,Entire home/apt,348,1,2,2026-06-16,0.37,6,355,2,STRP26000464
1591488860086372785,6 bedrooms | Downtown | 2 hot tubs | Sleeps 16,390089294,1468722721823294155,Traverse,,Near South,39.95146,-82.97232,Entire home/apt,803,2,1,2026-05-18,0.70,6,338,1,STRP26000464
1591496457715816916,Cozy studio apartment in the heart of OSU campus,453019578,1470038730828227920,Tom,,Near North/University,40.00269205918559,-83.00972011006624,Entire home/apt,130,2,5,2026-06-14,3.49,63,22,5,2025-2331
1592110986945148879,Fabulous OSU location. Steps from the Shoe/Schott,208937408,1469089915936448319,Niki,,Near North/University,40.0086,-83.0145,Entire home/apt,155,30,0,,,3,76,0,
1592293785227383660,The Cherry Tree Corner Loft—DOWNTOWN/SHORT NORTH,116400313,1468193597600247100,Nate,,Near North/University,39.9746672781869,-83.00325925211486,Entire home/apt,179,2,11,2026-06-08,2.05,26,243,11,STRP25000682
1592415390824493671,Charming Historic Haven | Nationwide Children's,40551142,1465604228146762849,Isaiah,,Near South,39.95097,-82.97211,Entire home/apt,165,1,8,2026-06-15,5.71,1,317,8,STRP26000373
1592498746416156678,The Skyline Glow Loft—DOWNTOWN/SHORT NORTH,116400313,1468193597600247100,Nate,,Near North/University,39.975118137282344,-83.0044977582329,Entire home/apt,128,2,10,2026-05-31,2.21,26,228,10,STRP25000683
1594313653199480810,30+ Days | Oasis with Large Kitchen & Cozy Living,120989543,1468229836971229285,Evan,,Near South,39.93248093980951,-82.99764872199715,Entire home/apt,256,30,1,2026-03-09,0.27,17,174,1,2025-2534
1594325098756499481,Comfortable Studio | OH Campus Area,325932974,1469621514476282909,Marc,,Near North/University,39.99818,-83.00365,Entire home/apt,79,2,9,2026-06-14,2.09,16,16,9,2022-2170
1594763367172993772,Historic Brick 1BR Patio Condo—SHORT NORTH,116400313,1468193597600247100,Nate,,Near North/University,39.97999162705602,-83.00433949140168,Entire home/apt,114,30,1,2026-06-08,1,26,351,1,
1595022053993174660,Sauna - Near Downtown Columbus -Arcade - Sleeps 9,721818645,1522505116383160197,HomeHop PM,,Near East,39.972,-82.96157,Entire home/apt,386,2,7,2026-05-03,1.29,3,356,7,STRP26000059
1595172200609413381,Luxury New Albany Living,386873307,1469796608845072224,Roamin' Quarters LLC,,Rocky Fork-Blacklick,40.06564359859808,-82.84857777062615,Entire home/apt,126,30,0,,,6,324,0,
1595963522346597601,Stunning 2BR Near OSU Fenced Backyard Free Parking,241118198,1595963523063685868,Andrea,,Near South,39.92345,-82.98655,Entire home/apt,91,30,0,,,1,191,0,
1595968003417903016,Historic 7BR Home Near OSU and Stadiums,89119768,1467080681258526373,Sarah,,Near North/University,40.00629,-82.99813,Entire home/apt,570,1,19,2026-06-23,4.01,19,143,19,Strp26000081
1596485749849699942,Modern duplex in the heart of downtown Columbus,157023165,1596485750621128806,Garrett,,Near East,39.9719757,-82.9615676,Entire home/apt,105,30,0,,,1,305,0,
1597453867751291044,"Landing | Spectacular Studio, Gym",263502162,1463333307662174289,Landing,,Near North/University,39.98826909468677,-83.01212644370896,Entire home/apt,75,30,1,2026-05-01,0.50,17,282,1,
1597453870739044998,"Landing | Stunning 1BD, Gym",263502162,1463333307662174289,Landing,,Near North/University,39.986669289919185,-83.0103423420362,Entire home/apt,93,30,0,,,17,361,0,
1597481363638532510,"Family Escape w/ Grill, Playground & Picnic Table",739829302,1597478078912401944,Lucia Solberg,,Franklinton,39.9542,-83.02155,Entire home/apt,231,1,11,2026-06-14,3.08,1,335,11,2024-2887
1597938932104224383,"Central location! Short North, OSU",662384267,1470662689032933745,Jason,,Near North/University,39.9861713799784,-83.00977170467377,Entire home/apt,353,1,28,2026-06-27,5.19,2,339,28,STRP26000034
1598687261836851866,Capital City Lofts|Right beside DT|King Bed,585852167,1470601891300915330,Dylan,,Downtown,39.95601,-82.9941,Entire home/apt,308,1,27,2026-06-10,5.33,4,345,27,STRP26000315
1598694046535557744,Blue Jacket Lofts|By beside DT|King Bed|Balcony,585852167,1470601891300915330,Dylan,,Downtown,39.95596,-82.99416,Entire home/apt,239,1,43,2026-06-22,8.22,4,328,43,STRP26000312
1598695576150833304,Arch City Lofts|Right beside DT|King Bed,585852167,1470601891300915330,Dylan,,Downtown,39.95752,-82.99258,Entire home/apt,226,1,48,2026-06-25,9.06,4,344,48,STRP26000313
1598709323661664673,Walk to Mt. Carmel * Pets Welcome!,552952698,1470470961254748052,Kazimer,,Franklinton,39.9541,-83.02163,Entire home/apt,147,30,0,,,1,280,0,
1598836980179223787,One Bedroom Downtown Central Apartment,421334830,1469912679290787699,Ohio Shores Hospitality,,Downtown,39.9661299124171,-82.99736819206154,Entire home/apt,140,1,10,2026-05-31,2.65,2,345,10,STRP25000725
1599383864433706345,Hot Tub | 30+ Days | 2BR by German Village,120989543,1468229836971229285,Evan,,Near South,39.926553151632056,-82.99379686631758,Entire home/apt,148,30,0,,,17,312,0,
1599510887495323348,Modern Townhouse in Historic Building Walk to Down,498509260,1470242369503230465,Benjamin,,Near East,39.9580458074184,-82.9786684953285,Entire home/apt,472,1,7,2026-06-20,1.56,11,354,7,STRP25000597
1599655490863288898,Modern 4BR Retreat Fenced Yard Near Easton,508106152,1470284064862256974,Benjamin Alan Dixon,,Northland,40.066633733123915,-82.9420400271186,Entire home/apt,278,2,1,2026-05-10,0.59,23,359,1,STRP26000162
1599657853277909873,"Perfect Short Stay in Historic Columbus Walkable,",498509260,1470242369503230465,Benjamin,,Near South,39.94881911560326,-82.98964875361582,Entire home/apt,292,1,7,2026-06-07,1.84,11,361,7,STRP25000598
1600229899806656766,30+ Refined Near German Village + Free Parking,452511759,1470036698588256967,Will,,Near South,39.95083528950831,-82.99101644695799,Entire home/apt,166,3,8,2026-06-15,1.98,3,240,8,STRP25000271
1600924818048394574,Shasta 6,177553590,1468718490402485725,Chris,,Northland,40.08441604414916,-82.93544517301635,Private room,47,30,0,,,12,331,0,
1600939990230527273,Shasta 7,177553590,1468718490402485725,Chris,,Northland,40.0844694,-82.93538079999999,Private room,,30,1,2026-03-20,0.29,12,178,1,
1601069673675103438,"German Village Home | Patio, Parking, Pet-Friendly",710063355,1601069674368966098,Warren,,Near South,39.95012759999999,-82.9927513,Entire home/apt,477,1,4,2026-06-14,1.40,1,148,4,STRP26000292
1602386813222944312,Entire Duplex | Walk to German Village + Parking,452511759,1470036698588256967,Will,,Near South,39.95153,-82.99331,Entire home/apt,381,30,1,2026-03-15,0.28,3,54,1,2023-2126
1602555460588873852,Private room near Nationwide Children’s Hospital,504044700,1470265984610417224,Samira,,Near East,39.9549791,-82.9694533,Private room,28,31,0,,,4,180,0,
1602908001932197497,Cozy 1BR Retreat in Columbus,37340708,1462674924464455782,Jessie,,West Olentangy,40.05008972730521,-83.04742623954868,Entire home/apt,176,2,6,2026-06-08,1.44,11,332,6,STRP25000183
1603960257044867283,The Nelson House,315729151,1469595872435283272,Rachel,,South Linden,39.98876026254094,-82.93903543982148,Entire home/apt,189,30,0,,,15,333,0,
1604491035374959901,"NEW Modern 2 Bed Home, Location | Pet-Friendly",113041655,1604491036127636901,Cayman,,Near North/University,39.984989,-82.9993866,Entire home/apt,461,1,18,2026-06-26,4.35,1,343,18,STRP26000184
1606199923954081543,3BR Home Sleeps 8 | Game Room | 4 Min to Hospital,655801613,1470648055529784620,Mike And Patrick,,Near South,39.94596,-82.97273,Entire home/apt,251,1,3,2026-04-25,0.77,3,363,3,STRP25000660
1607428983470124876,"Luxury Retreat | Theatre, Hot Tub, Game Room, BBQ",137615246,1468367614382916966,Judy,,Near South,39.93478004673877,-82.98837904347606,Entire home/apt,379,1,29,2026-06-27,6.26,1,270,29,STRP25000433
1607792387613882286,Luxury Apartment in Grandview,453019578,1470038730828227920,Tom,,West Olentangy,39.98736112412479,-83.03224200284038,Entire home/apt,211,2,7,2026-06-24,3.39,63,111,7,STRP26000626
1607796488112746218,Luxury Apartment in Grandview,453019578,1470038730828227920,Tom,,West Olentangy,39.9872680522114,-83.03142831505586,Entire home/apt,,2,3,2026-05-12,0.92,63,0,3,STRP26000624
1608319517195575123,Stylish 1BR Near OSU | Walk Everywhere,37340708,1462674924464455782,Jessie,,West Olentangy,40.0492,-83.04835,Entire home/apt,114,2,6,2026-06-21,1.49,11,344,6,STRP25000173
1609067844253254588,Comfortable 3 bedrooms in Columbus ohio,743111825,1609067845013552972,Kwabena,,Near North/University,40.0143911141085,-83.00329997758477,Entire home/apt,101,30,0,,,1,365,0,
1609700300670639715,Experience comfort and elegance,452624411,1470037144409668596,Daniel,,Rocky Fork-Blacklick,40.0599758,-82.8853639,Entire home/apt,203,30,0,,,1,365,0,Exempt
1610423711298494147,3BR Home Sleeps 8 | Walk to Hospital,655801613,1470648055529784620,Mike And Patrick,,Near South,39.950321473773144,-82.97343071977978,Entire home/apt,247,1,6,2026-05-31,1.26,3,362,6,STRP26000082
1610450127252830225,The Village Townhouse - 3 Bedrooms w/ extra beds,496464688,1470234037205070583,Housepitality,,Near North/University,39.98436,-83.01443,Entire home/apt,592,1,1,2026-06-14,1,25,44,1,2025-0694
1610473300489467000,Historic Gem Perfect for Groups and Long Stays,496464688,1470234037205070583,Housepitality,,Near North/University,39.99654,-83.00025,Entire home/apt,288,2,6,2026-06-14,1.37,25,333,6,2025-0092
1611846158896407274,Pet & Family 3BR Ranch | Yard | W/D | Long Stay,26958698,1462639286756387417,Benjamin,,Far South,39.91036,-82.9905,Entire home/apt,470,2,5,2026-05-13,1.15,6,302,5,STRP26000666
1612411863125980578,Quiet Columbus Getaway,697961317,1598712297342611769,Brayden,,Northeast,40.014029931978875,-82.92900416226213,Entire home/apt,203,2,0,,,1,198,0,STRP26000227
1612464701978460039,"Private Room & Bath | Quiet, Comfortable Stay",504044700,1470265984610417224,Samira,,Near East,39.9553,-82.96853,Private room,33,30,0,,,4,282,0,
1613077206925327466,Entire Home/Free Parking/Safe/Central/Walkable,556748719,1470487116192703932,Ria,,Near South,39.939013107722204,-82.99315806304348,Entire home/apt,209,1,3,2026-06-26,3,3,294,3,STRP90824176
1613148280711603574,Charming Urban Escape | Free Parking | near DWNT,672908198,1470685912130860172,Xiaoshan,,Downtown,39.9599,-82.98398,Private room,74,1,0,,,18,30,0,2025-1217
1613151407825498519,Pickleball-Basketball-Pool-HotTub-GameRoom-FirePit,721818645,1522505116383160197,HomeHop PM,,West Olentangy,40.04645466851411,-83.03680150511053,Entire home/apt,1408,3,10,2026-06-21,2.56,3,343,10,STRP26000258
1613168866316631524,PVT Urban Nook BD| DWTN | Free Parking | Sleeps 2,672908198,1470685912130860172,Xiaoshan,,Downtown,39.96033,-82.9845,Private room,74,1,26,2026-06-25,5.61,18,30,26,2025-1217
1614015218718329298,Bright Pet Friendly 3BR Home Near Children’s Hosp,496464688,1470234037205070583,Housepitality,,Near South,39.944006186370835,-82.97013327219645,Entire home/apt,379,2,6,2026-06-19,1.68,25,361,6,STRP25000076
1615400147889525132,Explore Columbus! Fully Renovated Home w/ Yard,456513928,1467695476215770400,Evolve,,South Linden,40.00451729668278,-82.94056181650191,Entire home/apt,211,2,9,2026-06-07,2.06,9,338,9,STRP26000166
1615452723520574583,The Lilly Apartment,315729151,1469595872435283272,Rachel,,Near South,39.94717,-82.95946,Entire home/apt,91,30,0,,,15,239,0,
1615467868120124302,The Boho Retreat in the Heart of Grandview,55130736,1465903756561156088,Miranda,,West Olentangy,39.98593140929748,-83.0510073711834,Entire home/apt,199,1,19,2026-06-22,4.42,1,167,19,STRP26000244
1615551588066020545,Cozy Room in East Columbus,37853441,1465566431372072356,Azar,,Near East,39.97449,-82.95757,Private room,61,5,4,2026-06-05,1.13,15,220,4,STRP26000168
1615575904335556453,Bright & Cozy East Columbus Room,37853441,1465566431372072356,Azar,,Near East,39.97568,-82.9577,Private room,60,5,5,2026-05-18,1.20,15,231,5,STRP26000168
1615604239420598408,Spacious East Columbus Bedroom,37853441,1465566431372072356,Azar,,Near East,39.97589188065542,-82.95601097754219,Private room,58,5,4,2026-06-04,1.04,15,218,4,STRP26000168
1616108477994433782,2BR Short North Penthouse Loft Near OSU,43899892,1465652070993192864,Joel,,Near North/University,39.99074,-83.00677,Entire home/apt,326,1,31,2026-05-14,6.60,3,176,31,STRP26000054
1616654773088476465,The Fairwood- convenient affordable 4 bedroom,315729151,1469595872435283272,Rachel,,Near East,39.95766,-82.95421,Entire home/apt,172,30,0,,,15,333,0,
1617663809651355162,Castlerea Casa Columbus Home w/ Deck & Yard,456513928,1467695476215770400,Evolve,,Hayden Run,40.0558775,-83.1191259,Entire home/apt,268,2,2,2026-04-26,0.76,9,301,2,STRP25000529
1618186389724813647,Campus Studio Queen Bed / Wi-Fi /Kitchen,325932974,1469621514476282909,Marc,,Near North/University,39.99657,-83.00524,Entire home/apt,,30,0,,,16,0,0,2022-2171
1618195403154798157,The Scarlet and Gray Getaway | University District,509715789,1552999534958913026,Cam,,Near North/University,40.0026411,-82.99989529999999,Entire home/apt,175,1,3,2026-06-12,2.43,1,315,3,STRP26000211
1618323651825808437,Updated Grandview Area Apartment,394902452,1469821495289052540,Jennifer,,West Olentangy,39.98694606564217,-83.04972021184118,Entire home/apt,,30,0,,,2,300,0,Exempt
1619164499678062154,Private Room | 10 Minutes From Downtown,514131506,1472719918606702433,Joseph,,Far South,39.90191,-82.98654,Private room,37,30,0,,,5,332,0,
1619172512196743968,Private Room | 10 Minutes From Downtown,514131506,1472719918606702433,Joseph,,Far South,39.90061,-82.98661,Private room,37,30,0,,,5,265,0,
1619178687790357587,Private Room | 10 Minutes From Downtown,514131506,1472719918606702433,Joseph,,Far South,39.90174957879193,-82.98842581627505,Private room,38,30,2,2026-05-31,0.97,5,334,2,
1619181876705940300,Private Room | 10 Minutes From Downtown,514131506,1472719918606702433,Joseph,,Far South,39.902071141808236,-82.98706383206768,Private room,42,30,0,,,5,301,0,
1619675816111813560,North Columbus Home,745850700,1619675816797627988,Iris,,Northland,40.06306,-82.98855,Entire home/apt,92,3,19,2026-06-12,5.88,2,316,19,STRP26000251
1619805597123634626,Downtown Columbus | Luxury | Parking | Pets,710359377,1511803427796871007,Bradley,,Downtown,39.9563872,-82.9940843,Entire home/apt,113,1,23,2026-06-20,6.45,4,345,23,STRP26000062
1619810537551220542,Walk to Trolley District: Olde Towne East Retreat,456513928,1467695476215770400,Evolve,,Near East,39.95731,-82.95235,Entire home/apt,304,3,1,2026-04-26,0.46,9,364,1,STRP25000142
1619973076716682393,"Columbus Stay, 3BR w/Free St Parking + Fast WiFi",652059314,1470640054600894160,Josephine,,Near North/University,39.99077192876243,-82.99721067409861,Entire home/apt,108,30,0,,,6,360,0,
1620362768589998564,North Pearl Residencies 876,463267531,1470087400930393529,Grand Welcome Ohio Kentucky,,Near North/University,39.98056093932592,-83.00267343222723,Entire home/apt,260,1,10,2026-06-12,2.34,43,306,10,STRP25000105
1620368290268616587,Garden Manor Annex,57330981,1465937580996039690,Al,,Near East,39.96821,-82.97441,Entire home/apt,159,2,15,2026-06-28,3.72,2,357,15,STRP26000200
1621797927145221732,The Lilley - Unit B,315729151,1469595872435283272,Rachel,,Near South,39.94699,-82.95871,Entire home/apt,75,30,0,,,15,308,0,
1623245306250871617,Cozy Escape in Dublin,197032732,1469027248376766871,Claudia,,Northwest,40.08387,-83.1073,Entire home/apt,125,30,0,,,5,320,0,
1623331958097918479,1 Bed escape with local adventure access,358619880,1468116486378524809,Properties By Preston,,Far North,40.12995960236106,-83.02080439060983,Entire home/apt,82,30,1,2026-05-30,1,23,213,1,
1623332052801065552,Bright 1 Bed with comfy living space,358619880,1468116486378524809,Properties By Preston,,Far North,40.13127025126541,-83.02013187543344,Entire home/apt,75,30,0,,,23,212,0,
1623332273394876070,Modern 1 Bed near fitness & picnic area,358619880,1468116486378524809,Properties By Preston,,Far North,40.129781926976065,-83.02115006112201,Entire home/apt,94,30,0,,,23,228,0,
1623332441636485601,1 cozy bedroom near Columbus hot spots,358619880,1468116486378524809,Properties By Preston,,Far North,40.13168395593426,-83.0217656607504,Entire home/apt,75,30,0,,,23,85,0,
1623332655884697273,Spacious 1 Bed w/ updated finishes,358619880,1468116486378524809,Properties By Preston,,Far North,40.130977728489285,-83.02192651368672,Entire home/apt,75,30,0,,,23,203,0,
1623538785118510938,Bohemian 4BR w Pool Table | Large Yard | Sleeps 10,675529736,1470691035177647698,Anusha,,Northwest,40.08992,-83.10169,Entire home/apt,670,2,2,2026-05-16,0.74,2,335,2,STRP26000224
1624440490209273435,Updated 2-Bedroom with a pool and hot tub,453019578,1470038730828227920,Tom,,West Olentangy,39.98817,-83.03503,Entire home/apt,196,2,15,2026-06-25,3.85,63,146,15,2025-1564
1624440823939890516,Updated 2-Bedroom with a pool and hot tub,453019578,1470038730828227920,Tom,,West Olentangy,39.98641,-83.03486,Entire home/apt,147,2,14,2026-06-25,3.75,63,136,14,2025-1564
1624443428864435276,Updated 2-Bedroom with a pool and hot tub,453019578,1470038730828227920,Tom,,West Olentangy,39.98790302401649,-83.0352977502756,Entire home/apt,148,2,11,2026-06-23,2.73,63,121,11,2025-1564
1624857045040688220,Large Private Room | Work Desk |Minutes to OSU!,545268851,1470441267887541704,Kl,,Near East,39.975160742172456,-82.97988595323734,Private room,,30,0,,,4,208,0,
1624896619501541199,Private Room | Fast Wi-Fi | Minutes to OSU!,545268851,1470441267887541704,Kl,,Near East,39.97385,-82.97851,Private room,67,30,0,,,4,303,0,
1625639323217168468,East Market Columbus Modern Apartment,54606293,1462729337510781661,Nick,,Near East,39.962097,-82.95747829999999,Entire home/apt,145,1,7,2026-05-25,1.74,14,281,7,STRP26000115
1626924473520957245,Fresh Modern Columbus Escape by Franklin Park,54606293,1462729337510781661,Nick,,Near East,39.96329,-82.9567,Entire home/apt,156,1,10,2026-06-05,2.63,14,293,10,STRP26000119
1626924777240919457,Urban Oasis by Franklin Park: Walk to East Market!,54606293,1462729337510781661,Nick,,Near East,39.96308738987614,-82.95775079952988,Entire home/apt,225,1,10,2026-06-14,3.00,14,277,10,STRP26000118
1626925053100336497,Modern Oasis by Franklin Park: Walk to East Market,54606293,1462729337510781661,Nick,,Near East,39.96251423140635,-82.95744136934682,Entire home/apt,148,2,4,2026-06-13,2.35,14,300,4,STRP26000117
1626932460438698699,The Whittier Retreat - In Historic German Village,10620281,1462575061375127071,Robert,,Near South,39.94445839999999,-82.9933673,Entire home/apt,497,1,9,2026-05-18,3.21,7,133,9,STRP26000378
1626935808494169731,"Contemporary Comfort with 
with Rooftop Access",54606293,1462729337510781661,Nick,,Near East,39.96294,-82.95609,Entire home/apt,150,1,5,2026-06-14,2.83,14,283,5,STRP26000116
1627857348822676937,F&L comfort Homes in Blacklick w/huge backyard,747939574,1627857349540979521,Funmilayo,,Far East,39.9989295,-82.78327,Entire home/apt,388,1,3,2026-06-14,0.90,1,350,3,STRP26000318
1628501133191804074,Relaxing Family Getaway | Games & Outdoor Patio,345450411,1469683136499128718,Evan,,Near East,39.9681810668515,-82.97900303155762,Entire home/apt,803,2,0,,,12,324,0,STRP25000262
1629044343828540871,6 Mi to Downtown Columbus: Quiet Home w/ Yard,456513928,1467695476215770400,Evolve,,Far South,39.91465913840938,-82.95194552794732,Entire home/apt,290,3,0,,,9,358,0,STRP25000372
1629071765100934145,Comfortable and modern apartment in OSU campus,381908880,1629071765882968382,Casey,,Near North/University,40.0114424,-83.0107598,Entire home/apt,,30,1,2026-06-07,1,1,356,1,
1629141891069895994,Extended Stay Home | Garage | Workspace + Backyard,432234139,1467704638516686531,Sara,,Northwest,40.07499088253611,-83.09972298159575,Entire home/apt,140,30,0,,,71,281,0,
1629146414843735575,Raised Ranch |1-car garage | Near OSU,432234139,1467704638516686531,Sara,,Northwest,40.060352299214685,-83.0543568331704,Entire home/apt,,30,0,,,71,303,0,
1629767004111229522,Denney at the Quad- 2BR|1BA|North Campus|OSU,432234139,1467704638516686531,Sara,,Near North/University,40.00542,-82.99971,Entire home/apt,92,30,0,,,71,361,0,
1629906491778945895,Hidden Gem for Traveling Workers and Families,520747668,1470343128817001451,Taylor,,Near South,39.94703,-82.9751,Entire home/apt,257,2,4,2026-05-31,1.17,2,363,4,STRP26000195
1630036563895774709,Central + Theater + Arcade + Fenced Yard,338195933,1469657573469188339,Kyle,,Clintonville,40.0615316,-83.0034008,Entire home/apt,214,2,16,2026-06-14,5.58,5,337,16,STRP26000326
1630102162128867123,The Neff Nest - 1 BR Flat,496464688,1470234037205070583,Housepitality,,Near South,39.93440642747844,-82.99670950729812,Entire home/apt,99,30,0,,,25,365,0,
1630480405435372395,Cozy 1 Bedroom Apartment | 1 Block From High St!,259386526,1463322202987266368,Griffin,,Near North/University,40.0170906,-83.01072959999999,Entire home/apt,66,30,0,,,19,273,0,2026-2685
1630500892826365002,"Comfortable 1 Bed Apt | Walk to OSU, Food, & Bars!",259386526,1463322202987266368,Griffin,,Near North/University,40.0170906,-83.01072959999999,Entire home/apt,55,30,0,,,19,201,0,
1630502723917091580,Cozy 1 Bedroom Apartment Walkable to Ohio State!,259386526,1463322202987266368,Griffin,,Near North/University,40.0170906,-83.01072959999999,Entire home/apt,,30,1,2026-04-25,0.45,19,80,1,
1630505606506831337,Convenient Old North Apartment | Steps to High St!,259386526,1463322202987266368,Griffin,,Near North/University,40.0170906,-83.01072959999999,Entire home/apt,66,30,0,,,19,321,0,
1631448839896666518,Sweet And Cozy Cottage,32412198,1472454416759744045,Ally,,Near South,39.94428214810835,-82.99306757748127,Entire home/apt,346,1,7,2026-06-27,3.23,2,300,7,STRP26000336
1633382919086757204,Stylish & Cozy 2BR w/ Office + Fenced Yard,142703743,1468408490657491300,Brian,,Clintonville,40.022731959779875,-83.01057661166408,Entire home/apt,260,2,6,2026-06-15,2.81,1,250,6,STRP26000186
1633437632908794873,2BR/2BA Outside of German Village + Near Downtown,83760280,1467013395776998472,Luke,,Near South,39.9313355,-82.98153429999999,Entire home/apt,190,2,6,2026-05-29,1.73,8,345,6,STRP25000617
1633524072677113260,Apartment in Downtown Columbus,222054733,1469174945389247291,Bessie D,,Downtown,39.95731,-83.0007,Entire home/apt,84,30,0,,,1,303,0,
1634175535144545038,Hillard/Dublin Border - Indoor Pool & Fitness!,588315859,1470608304974280104,Home Street,,Hayden Run,40.05873589999999,-83.1591711,Entire home/apt,140,14,2,2026-05-03,0.81,1,61,2,Exempt
1634733874350991169,"Cozy Columbus 1BR w/Wrkspace, Full Kitchen & Wi-Fi",433650817,1469962687884398585,John,,Near East,39.96191539494647,-82.9709807134918,Entire home/apt,74,30,1,2026-06-06,1,3,327,1,
1634903852386586125,Luxury King 1BR Short North,224493353,1469191732960951699,Dom,,Near North/University,39.983182175361776,-83.00590742812133,Entire home/apt,185,2,12,2026-06-21,3.64,26,276,12,2026-2959
1634905223233734970,Luxe 1BR Near High St,224493353,1469191732960951699,Dom,,Near North/University,39.98550044248793,-83.00447250613712,Entire home/apt,181,2,10,2026-06-25,3.16,26,295,10,2026-4969
1634906042064744255,Urban Luxe 1BR + Workspace,224493353,1469191732960951699,Dom,,Near North/University,39.98496683429138,-83.00480675094359,Entire home/apt,95,2,14,2026-06-14,4.57,26,306,14,STRP26000912
1635027519016829471,Bright and Cozy 3BR Retreat Near Downtown Columbus,496464688,1470234037205070583,Housepitality,,Hilltop,39.94690655650155,-83.07227272145995,Entire home/apt,,30,0,,,25,352,0,
1635032878389440596,Private Bedroom B in Comfortable Shared Home.,749791425,1635032879164749632,Tracy,,South Linden,40.00288,-82.95878,Private room,43,30,0,,,3,358,0,
1635400372647863456,Elegant 1-Bedroom Luxury Unit with Pool Access,453019578,1470038730828227920,Tom,,West Olentangy,39.98631109741413,-83.03370738630446,Entire home/apt,180,2,1,2026-04-26,0.46,63,113,1,2023-4726
1636004637133708702,Bold 1922 Designer Home | 3BR Near German Village,152148715,1468493130382919164,Cody,,Near South,39.9470305,-82.9700778,Entire home/apt,167,2,4,2026-05-23,1.12,2,57,4,STRP26000390
1636290895698108952,Short North Double - Updated Historic Duplex,114135858,1468176973500495254,Payton,,Near North/University,39.9805643,-83.00292329999999,Entire home/apt,547,2,0,,,8,322,0,STRP25000395
1636331625550771983,Private Bedroom A in Comfortable Shared Home.,749791425,1635032879164749632,Tracy,,South Linden,40.00434793539394,-82.95731494440199,Private room,43,30,1,2026-06-10,1,3,365,1,
1636351104855953519,Private Bedroom C in Comfortable Shared Home,749791425,1635032879164749632,Tracy,,South Linden,40.00331100533772,-82.95932425978786,Private room,43,30,0,,,3,354,0,
1636365493506296168,Winnow Getaway,89119768,1467080681258526373,Sarah,,Eastland/Brice,39.918105679779664,-82.80855875340016,Entire home/apt,,15,1,2026-05-03,0.49,19,13,1,STRP26000271
1636581752358873975,Shasta 8,177553590,1468718490402485725,Chris,,Northland,40.08473,-82.9364,Private room,52,30,1,2026-06-12,1,12,178,1,
1637215871127373183,Exclusive Historic Condo w/ Cocktail Bar,28260936,1465417234773421619,Elvia,,Downtown,39.96452,-83.00016,Entire home/apt,133,31,0,,,1,363,0,
1639173348685976923,"Cozy, newly renovated 2-bedroom with EV charger.",750841029,1639173349513770280,Erik,,Near East,39.97779,-82.95249,Entire home/apt,98,30,1,2026-05-04,0.53,1,297,1,STRP00498657
1639316197756254918,Master bedroom in northeast Columbus,750889003,1639316198478660037,Hiromitsu,,Northland,40.09022,-82.93779,Private room,52,1,0,,,1,11,0,STRP26000670
1639970609638703570,Downtown Columbus | FREE Parking | Pet Friendly,710359377,1511803427796871007,Bradley,,Downtown,39.956908944295456,-82.9952777455473,Entire home/apt,205,2,28,2026-06-26,8.24,4,348,28,STRP26000064
1640889290452472367,The Champion Abode,519156832,1470336044328166601,Housepitality,,Near South,39.94337,-82.97039,Entire home/apt,378,2,2,2026-06-14,1.18,9,347,2,2024-3334
1641502495198167465,Columbus Comfort | Pet Friendly | Parking,710359377,1511803427796871007,Bradley,,Downtown,39.95700324823825,-82.9935629530617,Entire home/apt,186,1,19,2026-06-17,5.53,4,346,19,STRP26000065
1641548386052083094,The point,542323260,1470429706254597315,Islan,,South Linden,40.01277,-82.98871,Entire home/apt,262,1,12,2026-06-28,4.39,1,335,12,STRP26000439
1642176202241035580,Comfy 3-Story Gem | Downtown | 10 min to Airport,46015261,1584825429507357737,Gino,,Near East,39.96976,-82.97292,Entire home/apt,,1,10,2026-06-14,3.23,1,0,10,STRP26000437
1642906321162019507,Stylish 2BR Stay Minutes to Downtown & Nationwide!,408729979,1469866963556021527,Bill,,Near East,39.95556978230177,-82.97000073284867,Entire home/apt,83,30,0,,,2,329,0,
1642967162838809926,Luxury Urban 2BR | Easy Garage Parking | Elevator,27280979,1465402775111214573,Jesse,,Downtown,39.96281829155834,-82.99581797753645,Entire home/apt,205,30,0,,,22,354,0,
1643013055371959222,Cozy Room near Canal Winchester Pickerington,209749721,1469094332630301061,Racheal,,Eastland/Brice,39.91047,-82.83718,Private room,70,2,1,2026-06-21,1,2,358,1,STRP26000314
1643640335438411046,Lusso 1Bed-Luxury Historic Ital Vil-Gym/Pool/wPark,513191205,1608147794097904730,Annamaria,,Near North/University,39.98677,-82.99568,Entire home/apt,194,1,13,2026-06-21,4.19,3,106,13,STRP26000400
1643789639597418175,Lusso Premier & Short North Hub free Park/Gym/Pool,513191205,1608147794097904730,Annamaria,,South Linden,39.987233870618816,-82.99418015410005,Entire home/apt,194,1,17,2026-06-20,5.54,3,106,17,STRP26000401
1644172898638223307,Lusso Lux-Chic Stay in Italian Vil-Free Parking,513191205,1608147794097904730,Annamaria,,Near North/University,39.98599577720385,-82.99661781634734,Entire home/apt,181,1,12,2026-06-28,4.29,3,97,12,STRP26000402
1644376444643598652,"Cape Cod | Hot Tub, Fire Pit, 5BR + Guest Suite",338195933,1469657573469188339,Kyle,,Clintonville,40.07084,-83.01968,Entire home/apt,519,2,0,,,5,243,0,
1645719075181905263,Barbie Dream Stay< 3,284183973,1469488036110533150,Ana Torres,,Near North/University,39.9773854,-83.00478129999999,Entire home/apt,128,1,27,2026-06-24,8.10,4,332,27,2025-1932
1646494702743354519,Raised Ranch - Attached 2-Car Garage - Fenced Yard,432234139,1467704638516686531,Sara,,Far North,40.12323,-82.99261,Entire home/apt,176,30,0,,,71,59,0,
1648203803342929535,perfectly located condo,35331258,1465522002623755778,Matt,,Northwest,40.0569425,-83.0689599,Entire home/apt,91,30,0,,,1,160,0,
1649409509991350092,The Gabled House Near Downtown,490063470,1470206134299750654,Unified,,Near South,39.95035104544977,-82.9492788523514,Entire home/apt,388,1,1,2026-06-04,1,10,359,1,STRP26000452
1649459241678651744,Sleeps 11 | Near OSU + Short North | Spacious,698673644,1649459242478225245,Nabil,,Near North/University,39.9801198,-83.01028289999999,Entire home/apt,206,1,15,2026-06-28,5.42,2,289,15,STRP25000279
1650219127442156154,Cozy Readers Den Near OSU and Downtown Free Wi-Fi,16513590,1650219128241293381,Bernice,,Near North/University,39.98789,-83.00409,Entire home/apt,68,30,1,2026-06-25,1,4,333,1,
1650241801836573404,English Basement | Tons of Entertaining Amenities,57194369,1465934848211980378,Carson,,Near North/University,39.97956,-83.01237,Entire home/apt,214,1,4,2026-05-24,1.67,7,28,4,STRP26000031
1650317514387894416,Cozy Unit Near OSU Campus,453019578,1470038730828227920,Tom,,West Olentangy,40.025043895153914,-83.02893633801568,Entire home/apt,386,2,2,2026-06-14,0.65,63,32,2,STRP26000620
1650318886871226624,Cozy Unit Near OSU Campus,453019578,1470038730828227920,Tom,,West Olentangy,40.02351,-83.027,Entire home/apt,,2,1,2026-05-17,0.68,63,0,1,STRP26000621
1650873539651046420,Downtown Columbus | FREE Parking | Pets,710359377,1511803427796871007,Bradley,,Downtown,39.95694945145513,-82.9936994705795,Entire home/apt,103,2,21,2026-06-21,7.50,4,329,21,STRP26000063
1650952508693402096,Bright Studio | Walkable Olde Towne East | Parking,508106152,1470284064862256974,Benjamin Alan Dixon,,Near East,39.96454777343183,-82.98286737774677,Entire home/apt,62,30,0,,,23,337,0,
1650953422166630126,The Perfect Columbus Studio Steps from Downtown Pa,508106152,1470284064862256974,Benjamin Alan Dixon,,Near East,39.96316016996581,-82.98111988931068,Entire home/apt,,30,1,2026-05-20,0.73,23,333,1,
1651651852008108129,4 Bedrooms | Modern Interior | Spacious,390089294,1468722721823294155,Traverse,,Near North/University,40.01384,-83.00603,Entire home/apt,202,6,0,,,6,329,0,2021-3020
1652226135686564248,Historic German Village Home - Art & Plant Haus,86391653,1652226136543017570,Marisa,,Near South,39.94846,-82.99166,Entire home/apt,131,30,0,,,1,179,0,
1652247400043163333,Walkable German Village Haus/EZ Park/#1 Neighborhd,556748719,1470487116192703932,Ria,,Near South,39.93756688545474,-82.99493017821068,Entire home/apt,208,1,1,2026-06-22,1,3,275,1,STRP83140967
1652310971958449021,Spacious Master Suite/Private Bath+TV+Large Closet,405650348,1469856088838630575,Ricardo Sebastien,,Greenlawn/Frank Road,39.898200927014656,-83.03601443767548,Private room,148,1,0,,,4,363,0,Strp26000014
1652618629357619307,Lower-Level Suite,512588539,1470305252877037719,Atenafu,,Eastmoor/Walnut Ridge,39.9387014,-82.87100579999999,Private room,30,28,1,2026-05-02,0.51,5,179,1,STRP26000085
1652638361690206790,Family & Group Stay | Arcade + Hot Tub | Near OSU,754272422,1652638362419793074,Jeanne,,Near North/University,39.99198,-83.00254,Entire home/apt,535,1,3,2026-05-30,2.09,1,342,3,STRP26000141
1653312604112772014,Urban Townhome | Premium Workspace | 30+ Day Stay,120628756,1468227046270282963,Ed,,Near South,39.94274,-82.98611,Entire home/apt,288,30,0,,,2,333,0,
1653447301818193311,CozyPrivate Room/Lake View•Shared Home•FreeParking,405650348,1469856088838630575,Ricardo Sebastien,,Greenlawn/Frank Road,39.89794,-83.03635,Private room,90,1,1,2026-04-18,0.41,4,363,1,Strp26000014
1653804100394327421,Great 2 bedroom,453019578,1470038730828227920,Tom,,Near North/University,40.00271747350279,-83.00254311321261,Entire home/apt,172,1,12,2026-06-08,4.39,63,5,12,STRP26000350
1653807803757140658,2 Bedroom in Central Columbus,453019578,1470038730828227920,Tom,,Near North/University,40.00617567969509,-82.99781041068482,Entire home/apt,123,1,10,2026-06-12,4.17,63,5,10,STRP26000349
1653812195664673800,Centrally located 2 Bed,453019578,1470038730828227920,Tom,,Near North/University,40.005964479364586,-82.99788063193714,Entire home/apt,177,1,6,2026-06-21,2.20,63,2,6,STRP26000350
1653824047959795506,Perfect Entertainment Space near The Shoe,453019578,1470038730828227920,Tom,,Near North/University,40.00803674799074,-83.01506152959335,Entire home/apt,,1,3,2026-05-25,1.23,63,0,3,STRP26000417
1653825878126980652,Beautiful 1 Bedroom in the Heart of Short North,453019578,1470038730828227920,Tom,,Near North/University,39.98748158614057,-83.002951378624,Entire home/apt,149,1,2,2026-06-21,2,63,172,2,STRP26000341
1654358210704980525,Walkable Cozy Cottage in Heart of German Village,50731696,1465778553538837127,Dan And Casey,,Near South,39.946575,-82.9933496,Entire home/apt,167,1,15,2026-06-21,6.08,1,324,15,STRP25000739
1654373799237805474,Short-Term Living in Linden,424995054,1469927380481389052,Chastity,,North Linden,40.015451420629866,-82.96947252005339,Entire home/apt,111,30,0,,,1,346,0,
1654485964242693087,Howey Do It!,707161003,1470754668522947241,Joe,,North Linden,40.030063,-82.9829111,Entire home/apt,213,2,6,2026-06-14,2.28,2,329,6,STRP26000176
1655392716594323929,Downtown living,386873307,1469796608845072224,Roamin' Quarters LLC,,Downtown,39.96439,-83.00197,Entire home/apt,123,30,0,,,6,205,0,
1655935375077253869,The Sunshine Corner Loft—DOWNTOWN/SHORT NORTH,116400313,1468193597600247100,Nate,,Near North/University,39.9746755,-83.00346309999999,Entire home/apt,251,2,4,2026-05-18,1.85,26,237,4,STRP26000458
1656609552742350095,The After Dark *Adult-Only*,85507322,1656609553531452446,Mckenzie,,Near East,39.95788,-82.95662,Entire home/apt,364,1,10,2026-06-14,4.05,1,318,10,STRP26000433
1658120393443898835,Modern 3BR | 15m to Downtown & 20m to Mt Carmel,706837431,1470754133279193598,Prince,,Eastland/Brice,39.91802680306749,-82.8403063863516,Entire home/apt,116,30,0,,,1,301,0,
1658305177092841916,"Gorgeous House Close to Hospital- Mt, Rainer",664126239,1470666790966018881,Elizabeth,,Near North/University,39.99148,-83.00058,Private room,44,30,0,,,12,100,0,
1658350231584292826,The Northtowne Getaway,496464688,1470234037205070583,Housepitality,,Northland,40.06941,-82.96259,Entire home/apt,350,2,2,2026-05-26,1.54,25,346,2,2024-2336
1658753976744831662,The Village Chapel - Italian Village,194281106,1463106943901266179,Nicole,,Near North/University,39.9852977,-82.997344,Entire home/apt,131,2,14,2026-06-25,5.38,59,281,14,STRP26000652
1658756496533947959,The Historic Bethany Church- Italian Village,194281106,1463106943901266179,Nicole,,Near North/University,39.9852644,-82.99745469999999,Entire home/apt,,30,0,,,59,333,0,STRP26000651
1658816639332705634,Family Home Near Everything,499856740,1470248029396545098,Francisco,,Far East,39.99343,-82.79851,Entire home/apt,182,30,0,,,1,356,0,2026-3421
1659445194911540870,"Quiet farm house in the city, near Easton",222023386,1469174759188388155,Stephanie,,Rocky Fork-Blacklick,40.06836073531705,-82.89362697777098,Entire home/apt,233,1,16,2026-06-25,6.67,2,302,16,STRP26000546
1659653544469554707,"Upscale Stay Near Easton, Airport & OSU",756042748,1659653545245707117,Upscale Property Management,,Northeast,40.03313755721549,-82.92719285935163,Entire home/apt,306,30,0,,,1,239,0,
1659827229162282682,Spacious 2BR Home | Lake View + Free Parking,405650348,1469856088838630575,Ricardo Sebastien,,Greenlawn/Frank Road,39.89820100000001,-83.0360146,Private room,267,1,0,,,4,362,0,Strp26000014
1660306526269690910,Norton Hideaway,89119768,1467080681258526373,Sarah,,Westland,39.91797,-83.14221,Entire home/apt,244,1,8,2026-06-14,4.80,19,168,8,Strp26000554
1660335235340269684,3 Bedroom House with Fenced Backyard,135933770,1468354090520374077,Jake,,Near South,39.94586,-82.96364,Entire home/apt,97,31,0,,,4,302,0,2026-0000
1660362172999999428,Grove City Retreat,418771011,1469902600307654867,Dmitry,,Westland,39.9075407,-83.1003193,Entire home/apt,1550,30,0,,,1,333,0,
1661134335472750753,La Dolce Vita Penthouse | Short North,188952964,1468979365533274168,Luana,,Near North/University,39.97639,-83.00516,Entire home/apt,250,1,5,2026-06-18,2.27,7,352,5,STRP26000897
1661660501440393255,Resort-Style Columbus Getaway |Pool | Free Parking,742945673,1608478345213427784,Megan,,Near North/University,39.98438,-82.9967,Entire home/apt,260,,10,2026-06-28,4.55,2,0,10,STRP26000598
1661701420574250281,Elegant 2BR Columbus Stay | Near OSU & Short North,742945673,1608478345213427784,Megan,,Near North/University,39.98493,-82.99668,Entire home/apt,274,1,11,2026-06-24,5.08,2,312,11,Strp26000598
1663076503479549233,"Entire Home, Lg Backyard: 2 Bedrooms + 1.5 Bath",11325609,1462862279155643159,Michelle,,Near South,39.92823416650142,-82.99416793023131,Entire home/apt,87,30,0,,,2,345,0,
1663168304342446749,Cozy Pet Friendly Ranch W/ Yard + Garage,70852267,1663168305294265568,David,,Near East,39.9757995,-82.9637439,Entire home/apt,153,2,15,2026-06-25,6.34,1,331,15,STRP26000517
1663309779398714746,The Lens Loft,431615820,1469954234084195828,Kellie,,Far South,39.91343,-82.99255,Entire home/apt,200,1,8,2026-06-17,4.53,4,313,8,STRP26000214
1663323134809230277,Furnished 2BR House near OSU | Monthly Stay,503234149,1663323135579686748,Gyeongcheol,,West Olentangy,39.98516,-83.03503,Entire home/apt,72,30,0,,,1,64,0,
1663634803211237182,Spacious 3BR Home|Lake View• Free Parking•Backyard,405650348,1469856088838630575,Ricardo Sebastien,,Greenlawn/Frank Road,39.89861889724677,-83.03657396489241,Private room,145,1,1,2026-04-26,0.46,4,357,1,Strp26000014
1664517832791409844,Lux Studio,254584559,1469347928276891175,Suzanne,,South Linden,39.9865,-82.97188,Private room,31,30,1,2026-05-25,0.83,4,334,1,2019-1234
1665248311537601296,Cozy Villa 2,485716483,1470186467839667202,Aishia,,South Linden,40.013981051181204,-82.9889794637743,Entire home/apt,75,30,0,,,3,303,0,2022-2979
1666079494103286794,Grand North Retreat – 4BDR Stay,463267531,1470087400930393529,Grand Welcome Ohio Kentucky,,West Olentangy,40.02417945342601,-83.03372966250782,Entire home/apt,196,30,0,,,43,349,0,
1666100756903168846,The City Sanctuary - Italian Village,194281106,1463106943901266179,Nicole,,Near North/University,39.98537,-82.99745,Entire home/apt,131,2,13,2026-06-24,6.00,59,280,13,STRP26000650
1666124374961098911,Modern Retreat near Upper Arlington & OSU,418331756,1469900914233389855,Thomas,,Northwest,40.0555,-83.05763,Entire home/apt,110,9,1,2026-06-21,1,2,293,1,STRP26000664
1666832697265991463,OSU Downtown Hub | Hot Tub | Game Room | Fire Pit,716221421,1498704805042527485,Vlad,,Near East,39.968996683500464,-82.96651792386066,Entire home/apt,412,1,13,2026-06-26,6.00,2,341,13,STRP26000484
1666846145206046728,Cozy 2BR Townhouse | Near Downtown + Free Parking,3130228,1462619636113241720,Ray,,North Linden,40.0214013,-82.95727819999999,Entire home/apt,204,2,0,,,2,260,0,STRP26000262
1666861051557741120,"Central 2 Bed Townhouse Near OSU, Expo & Downtown",3130228,1462619636113241720,Ray,,North Linden,40.0214013,-82.95727819999999,Entire home/apt,117,2,5,2026-06-21,5,2,349,5,STRP26000261
1667602280475637841,"Backyard Oasis! Patio TV, Fire Pit, Pets, EV Ready",487020630,1463817950400730559,Sara Beth,,Clintonville,40.0203725,-82.9978459,Entire home/apt,228,1,8,2026-06-23,3.93,7,331,8,STRP26000592
1667661914511061468,Housepitality - The Mint Julep House,496464688,1470234037205070583,Housepitality,,Franklinton,39.95255546329555,-83.02337879028859,Entire home/apt,433,1,1,2026-05-18,0.70,25,301,1,2025-0556
1668105645222790207,Stylish 3BR Retreat Near OSU | Sauna & Fire pit,97405277,1467173375652989130,Darren,,Near North/University,39.99059,-82.99671,Entire home/apt,384,2,3,2026-05-18,1.70,18,9,3,STRP25000584
1668521101425200082,Bright New Studio  Walkable Olde Town East Parking,508106152,1470284064862256974,Benjamin Alan Dixon,,Near East,39.964216365780835,-82.98282999305138,Entire home/apt,,30,0,,,23,365,0,
1668545322022868727,New Columbus Studio Steps from Downtown,508106152,1470284064862256974,Benjamin Alan Dixon,,Near East,39.96271,-82.98255,Entire home/apt,74,30,0,,,23,333,0,
1668546443131370483,New Columbus Studio Steps from Downtown and OTE,508106152,1470284064862256974,Benjamin Alan Dixon,,Near East,39.96285,-82.98104,Entire home/apt,85,30,0,,,23,312,0,
1668797165516458915,The Oakwood!,104101488,1668797166287862188,Kay,,Near South,39.947136622603466,-82.96837331640702,Entire home/apt,536,2,0,,,1,254,0,STRP25000371
1668837523461007339,The Capital Loft: Work-Ready Long-Term Retreat,115836608,1462908128595617159,Erich,,Near East,39.9647754,-82.9745221,Entire home/apt,89,30,0,,,45,159,0,
1668903456908321845,Modern Executive Loft | Work-Ready Mezzanine,115836608,1462908128595617159,Erich,,Near East,39.9647754,-82.9745221,Entire home/apt,98,30,0,,,45,154,0,
1669013986460558752,East Side of Columbus Near Bexley Awaits #44,39662644,1462682190609064553,Paul,,Eastmoor/Walnut Ridge,39.95671947730018,-82.91602713113397,Entire home/apt,128,1,7,2026-06-21,3.23,15,315,7,Exempt
1669162561163204931,Rockin 1BD Between Campus and Short North,16513590,1650219128241293381,Bernice,,Near North/University,39.98895736011936,-83.00367862979273,Entire home/apt,65,30,1,2026-05-31,1,4,331,1,
1669226180408059542,Stunning and unique-Mt. Everest,664126239,1470666790966018881,Elizabeth,,Near North/University,39.9921,-83.00109,Private room,36,30,0,,,12,104,0,
1669596921143909712,Stylish and quiet- Denali,664126239,1470666790966018881,Elizabeth,,Near North/University,39.99110924245827,-83.00051066643138,Private room,37,30,0,,,12,134,0,
1669659679766075775,Sleeps 10 •4BR Home •Perfect for Groups & Families,1669659491565251122,1669659680473500071,Paragon Stays,,Franklinton,39.95668,-83.02853,Entire home/apt,248,1,6,2026-06-14,3.40,1,346,6,STRP26000290
1671798099335754375,The Wilson - 69 Side,315729151,1469595872435283272,Rachel,,Near South,39.94238,-82.96727,Entire home/apt,120,30,0,,,15,350,0,
1671819737996906254,Charming Apartment in Grandview Heights,54524833,1465888979735284875,Bonnie,,West Olentangy,39.991615852068826,-83.03444758418145,Entire home/apt,77,30,0,,,4,301,0,
1673549501065912048,Housepitality The Bungalow 2 BR 1BA,496464688,1470234037205070583,Housepitality,,North Linden,40.01882769423609,-82.99241181316184,Entire home/apt,335,1,1,2026-05-23,0.79,25,348,1,2025-2299
1674249028374433356,Near East Side Half-Duplex,69289743,1466856506872548585,Sarah,,Near East,39.9752312,-82.9675149,Entire home/apt,214,1,3,2026-06-12,2.00,4,328,3,STRP25000008
1674505507553678808,Cozy Studio Loft Near Downtown,1663157382506447935,1674505508357299827,Columbus Urban Retreats,,Near South,39.95233,-82.96581,Entire home/apt,126,1,0,,,7,362,0,STRP26000662
1674538227035952634,2BR Upper Near Downtown,1663157382506447935,1674505508357299827,Columbus Urban Retreats,,Near South,39.95208,-82.96399,Entire home/apt,193,1,2,2026-06-04,2,7,348,2,STRP26000662
1674640085793810629,Stylish-Close to Hospital- Mt. Blanc,664126239,1470666790966018881,Elizabeth,,Near North/University,39.9912,-83.00033,Private room,38,30,0,,,12,195,0,
1674676836201152093,"Linwood House | Rooftop, Hot Tub, Sleeps 15 |",115836608,1462908128595617159,Erich,,Near East,39.964616213481385,-82.96407633878461,Entire home/apt,605,2,2,2026-06-27,2,45,339,2,STRP26000665
1674761526170091302,Short Walk to East Market,65974158,1466815630905223414,Aunda,,Near East,39.958399191518055,-82.95867865146604,Entire home/apt,269,3,6,2026-06-21,3.60,2,318,6,STRP26000323
1675006562679077600,Lux Room-Kilimanjaro,664126239,1470666790966018881,Elizabeth,,Near North/University,39.99126883289124,-83.00030327485817,Private room,38,30,0,,,12,238,0,
1675016973547496278,Beautiful-Close to Hospital-K2,664126239,1470666790966018881,Elizabeth,,Near North/University,39.99056391391403,-83.00055676524295,Private room,37,30,0,,,12,302,0,
1675274514633564900,2BR Urban Hideaway Near Downtown Columbus,1663157382506447935,1674505508357299827,Columbus Urban Retreats,,Near South,39.95204763357495,-82.96505292621536,Entire home/apt,133,1,4,2026-06-14,4,7,364,4,STRP26000661
1675328902354250131,2BR Cozy Retreat Near Short North,1663157382506447935,1674505508357299827,Columbus Urban Retreats,,South Linden,39.98809420032394,-82.98372739127383,Entire home/apt,232,1,2,2026-05-27,1.36,7,359,2,STRP25000341
1675403422706076513,2BR Modern Home Near Short North,1663157382506447935,1674505508357299827,Columbus Urban Retreats,,South Linden,39.987227742682514,-82.9836127702015,Entire home/apt,132,1,0,,,7,359,0,STRP26000821
1675411217198549612,2BR Sunny Haven Near Short North,1663157382506447935,1674505508357299827,Columbus Urban Retreats,,South Linden,39.98842565522139,-82.98391339326493,Entire home/apt,127,1,1,2026-06-11,1,7,363,1,STRP26000823
1675427152250927442,2BR Stylish Home Near Short North,1663157382506447935,1674505508357299827,Columbus Urban Retreats,,South Linden,39.9869229206297,-82.98566570797321,Entire home/apt,138,1,1,2026-06-19,1,7,363,1,STRP25000341
1675470576564466948,Sleeps 10 | Near Downtown | Luxury Real Estate,698673644,1649459242478225245,Nabil,,Near East,39.96143,-82.98147,Entire home/apt,220,1,3,2026-06-13,1.73,2,282,3,STRP25000406
1675659388598808911,New Albany Luxury Living Second Floor,386873307,1469796608845072224,Roamin' Quarters LLC,,Rocky Fork-Blacklick,40.06536662085581,-82.84748576582378,Entire home/apt,125,30,0,,,6,303,0,
1676055808798550821,Modern 3 bd 2 fb Escape w/ Game Room and Huge Yard,67826667,1466838151405291597,Jordan,,West Scioto,39.98149,-83.08696,Entire home/apt,285,2,7,2026-06-18,4.20,8,319,7,STRP26000481
1676325088176680264,"Cinema House - Theatre Room, Pool Table",731930649,1566769127411556433,Midwest Haven Escapes,,Near South,39.9458286,-82.9736985,Entire home/apt,469,2,2,2026-05-31,1.40,2,333,2,STRP25000419
1677654877237977652,30+ Days | Bright & Comfortable | 3BR Home,120989543,1468229836971229285,Evan,,Near East,39.95483,-82.97924,Entire home/apt,332,30,0,,,17,362,0,
1677699797162713970,"Cozy Columbus 1BR w/Wrkspace, Full Kitchen & Wi-Fi",433650817,1469962687884398585,John,,Near East,39.96306,-82.97145,Entire home/apt,79,30,0,,,3,316,0,
1678465853682298615,"Big Group Getaway Near OSU | 4BR, 6 Beds, Parking",97405277,1467173375652989130,Darren,,Near North/University,39.999707,-82.9957966,Entire home/apt,585,2,2,2026-05-25,1.40,18,356,2,STRP26000158
1679036942261454575,Modern Ranch Home w/ Garage|Large Yard |Columbus,432234139,1467704638516686531,Sara,,Far West,39.9825,-83.12095,Entire home/apt,153,30,0,,,71,295,0,
1679037049483869345,Modern Family Retreat | Backyard | Parking,432234139,1467704638516686531,Sara,,Eastland/Brice,39.92363897348403,-82.80687377796653,Entire home/apt,147,30,1,2026-06-12,1,71,245,1,
1679149579577100797,Trendy Historic Apt by Downtown and Franklin Park,32538824,1465477430079269126,Mimi,,Near East,39.96591975851661,-82.96331579691075,Entire home/apt,133,2,1,2026-05-21,0.75,6,133,1,2024-3155
1679163215188650515,30+ Short North | Walkable | Spacious and Cozy,345450411,1469683136499128718,Evan,,Near North/University,39.9820428836544,-83.01018703403169,Entire home/apt,144,30,0,,,12,351,0,STRP26000603
1679163299120687500,30+ Garage - Fenced in Yard - Walkable to High St,345450411,1469683136499128718,Evan,,Near North/University,39.98156145850132,-83.0114954499113,Entire home/apt,173,30,0,,,12,167,0,
1679278971081418955,Apartment Just Outside Downtown,224493353,1469191732960951699,Dom,,Franklinton,39.957096412655396,-83.01242516650983,Entire home/apt,197,2,2,2026-06-14,2,26,314,2,2026-3956
1679392443670943570,Vibrant 2BR Escape + Pool Access for 4!,37340708,1462674924464455782,Jessie,,West Olentangy,40.04894,-83.04633,Entire home/apt,126,30,0,,,11,353,0,
1679847509922260897,Pool-HotTub-GameRoom-FirePit-Gym-Sauna-Playground,721818645,1522505116383160197,HomeHop PM,,West Olentangy,40.0274275,-83.04339259999999,Entire home/apt,1886,1,0,,,3,356,0,STRP26000762
1680050248491017700,5 Bedroom 3 Full Bath on Blake!,89119768,1467080681258526373,Sarah,,Near North/University,40.01278,-83.01321,Entire home/apt,399,1,0,,,19,180,0,strp26000927
1680259900835381687,Getaway Glen Walkable,463267531,1470087400930393529,Grand Welcome Ohio Kentucky,,Clintonville,40.02882,-82.99963,Entire home/apt,321,1,5,2026-06-14,3.13,43,346,5,STRP26000278
1680478457114259202,"Modern half-duplex 
2BR 1bath Midterm Rental",177060065,1468714668508305406,Jason,,Near East,39.955380983006016,-82.9630247878802,Entire home/apt,116,3,0,,,2,241,0,STRP26000768
1680571221513623728,House in Old North Columbus near OSU.,554291170,1680571222308161649,Leslie,,Near North/University,40.01365908287955,-83.00325861779099,Entire home/apt,102,2,8,2026-06-28,8,1,245,8,STRP26000431
1680604133733986574,Sunny house,1680603862338603495,1680604134468767846,Mikyoung,,Near South,39.93460885933668,-82.9925021866293,Entire home/apt,390,1,5,2026-06-28,5,1,90,5,STRP26000593
1681234926505821914,Cozy Studio Walkable OTE and Downtown w/ Parking,508106152,1470284064862256974,Benjamin Alan Dixon,,Near East,39.964454320954424,-82.98266185745952,Entire home/apt,79,30,0,,,23,277,0,
1681246966365699347,Modern Studio | Luxury finishes |Steps to Downtown,508106152,1470284064862256974,Benjamin Alan Dixon,,Near East,39.9627648329372,-82.98263676314363,Entire home/apt,89,30,0,,,23,364,0,
1681387098721765215,Westworld Columbus Ranch Pond/Theatre/Sauna/BBQ,90062227,1467090237542466069,Sam,,Northland,40.06534,-82.98809,Entire home/apt,2500,1,1,2026-05-18,0.70,19,241,1,STRP26000754
1681818944940831991,Jade's Haus-Historic German Village 3BR Home,6473080,1462707308197913262,Samuel,,Near South,39.952621,-82.99548159999999,Entire home/apt,133,30,0,,,4,364,0,
1682215819522306633,The Carriage House,280163775,1682215820291767029,John,,Hilltop,39.96012210046856,-83.0789480718098,Entire home/apt,339,1,2,2026-06-14,2,1,223,2,STRP25000615
1682984453662363628,"Oak & Echo | Rooftop Sauna, Hot tub, Cinema, Games",1682984338113379127,1682984454456157591,Smita & Sameer,,South Linden,39.98526372024908,-82.98053436545057,Entire home/apt,422,1,8,2026-06-27,5.22,1,339,8,STRP26000534
1683502758295178513,Remodeled 4BR Home Deck Fenced Yard Near Columbus,498509260,1470242369503230465,Benjamin,,Far East,39.96171340972184,-82.82639990126158,Entire home/apt,579,1,1,2026-06-09,1,11,356,1,STRP26000600
1683619950188165078,Ultimate Work From Home - Relax while you Work!,519443040,1470337278875216471,Houspitality,,Near South,39.94492311327155,-82.95137412300234,Entire home/apt,,30,0,,,7,241,0,2026-0589
1683983502558776623,Luxury meet peace room 2,483640056,1470177572716821921,Taiwo,,Eastland/Brice,39.90917,-82.8366,Private room,64,2,2,2026-06-14,1.71,11,357,2,STRP26000188
1684503743548067028,Cozy German Village Retreat | Parking| Laundry,498509260,1470242369503230465,Benjamin,,Near South,39.94722051198809,-82.98317352921563,Entire home/apt,102,30,0,,,11,326,0,
1685043911765680934,NEW! The Garden on Eastmoor | Sleek Modern Cottage,49126022,1465747803532465538,Bryan,,Eastmoor/Walnut Ridge,39.95798818449941,-82.9182629754631,Entire home/apt,487,1,0,,,1,329,0,STRP26000785
1685186862046132261,"Perfect 1 bedroom, 2 queen beds apt in Short North",228223872,1469215646116156331,Eric,,Near North/University,39.98214,-83.01258,Entire home/apt,145,1,0,,,14,89,0,2025-4532
1685697261149802775,The Tranquil Walk Up - Comfort in 4 Beds!,519156832,1470336044328166601,Housepitality,,Near East,39.95510641677505,-82.95309283065615,Entire home/apt,136,30,0,,,9,363,0,2062-0273
1685706120903501842,Chateau in the Village - Luxury New Build 3BD/5BA,97405277,1467173375652989130,Darren,,Near South,39.93956,-82.98871,Entire home/apt,273,30,1,2026-05-24,0.81,18,327,1,2025-1709
1685749257629374716,Luxury Mansion with Fireplaces,57194369,1465934848211980378,Carson,,Near North/University,39.97994,-83.01136,Entire home/apt,1413,1,0,,,7,148,0,STRP26000031
1685815338415127959,3 bedroom in Short North!,228223872,1469215646116156331,Eric,,Near North/University,39.97876,-83.00622,Entire home/apt,218,30,0,,,14,365,0,2026-2822
1685874809315572510,LUX Newly Renovated Home | Walk to German Village,229929335,1469225651348079460,Naman,,Near South,39.935,-82.99572,Entire home/apt,175,1,3,2026-06-21,3,1,245,3,STRP26000770
1686042182133986195,Perfect Studio in the short north!,228223872,1469215646116156331,Eric,,Near North/University,39.98396,-83.01154,Entire home/apt,101,1,0,,,14,90,0,2025-5029
1686348238011577113,Room in East Columbus,37853441,1465566431372072356,Azar,,Near East,39.9750004,-82.9571484,Private room,59,6,0,,,15,266,0,STRP26000547
1686362270398598891,1 bedroom in the Heart of the Short North,228223872,1469215646116156331,Eric,,Near North/University,39.98262,-83.01183,Entire home/apt,102,30,0,,,14,90,0,2026-4445
1686362807810111727,4 bedroom 3 bath with parking in Short North,228223872,1469215646116156331,Eric,,Near North/University,39.98076,-83.00463,Entire home/apt,457,1,0,,,14,90,0,STRP26000549
1686444587154561747,Luxury Cozy Retreat,728777184,1686444313734242304,Mitra,,Far Northwest,40.134785752620715,-83.0739220145121,Entire home/apt,457,2,3,2026-06-14,3,1,331,3,STRP26000774
1686563643537082836,The Wilson - 67 Side,315729151,1469595872435283272,Rachel,,Near South,39.94154750000001,-82.9682601,Entire home/apt,126,30,0,,,15,302,0,
1686568510137115244,Bright East Columbus Room,37853441,1465566431372072356,Azar,,Near East,39.974733576250166,-82.95776070556248,Private room,51,7,0,,,15,258,0,STRP26000547
1687042472589454917,Spacious Room near Downtown,37853441,1465566431372072356,Azar,,Near East,39.97549,-82.95647,Private room,52,10,2,2026-05-31,1.54,15,258,2,STRP26000547
1688653153846939981,The Southwestern 4BD/2BA,519156832,1470336044328166601,Housepitality,,Franklinton,39.95688,-83.02729,Entire home/apt,309,30,0,,,9,157,0,2026-0325
1689231612976613236,The Stella-The Star of the Short North!,167652397,1674876518309769973,"Bougie Home Furnishings, LLC",,Near North/University,39.985394055671755,-83.00427797267496,Entire home/apt,514,2,1,2026-06-15,1,1,172,1,STRP26000260
1689862138433375337,Luxury Escape 4BR Oasis in Old Towne East,97405277,1467173375652989130,Darren,,Near East,39.96622,-82.96309,Entire home/apt,382,30,0,,,18,364,0,2025-1710
1689862532644926979,Luxury 4BR/3.5BA Oasis in Historic Old Towne East,97405277,1467173375652989130,Darren,,Near East,39.963934106788216,-82.9632028495682,Entire home/apt,366,1,0,,,18,358,0,STRP26000174
1689884154896922257,4 Luxury Ensuite Bedrooms in Merion Village,97405277,1467173375652989130,Darren,,Near South,39.93363,-82.99338,Entire home/apt,919,1,2,2026-06-14,2,18,339,2,STRP26000156
1690258847564494383,Resort Style Renovated Home in Columbus/ExpoCenter,25768531,1465350102775461350,Tatiana,,South Linden,39.99840229477068,-82.97954622656107,Entire home/apt,346,2,0,,,1,331,0,STRP26000807
1691454376029370921,Buckeye Themed Home with Epic Game Room | Sleeps 8,736968941,1587851009493401405,Noah,,Near East,39.95654,-82.96758,Entire home/apt,278,1,1,2026-06-19,1,2,328,1,STRP25000641
1692093916151274124,Stylish 2 Bed Condo in Vibrant Franklinton,286980818,1469497793353894873,Cheryl,,Franklinton,39.9572941,-83.0144758,Entire home/apt,80,30,0,,,48,300,0,
1692231163491955298,"Near Airport, 5 mins to Mall, Great Value",590057867,1668585669883884320,Liping,,Eastmoor/Walnut Ridge,39.9535626,-82.9092938,Private room,37,30,0,,,4,365,0,2025-1818
1692253680478930051,Private room - Budget Friendly Near Airport,590057867,1668585669883884320,Liping,,Eastmoor/Walnut Ridge,39.9535626,-82.9092938,Private room,41,30,0,,,4,359,0,2025-1818
1692276454365776559,Private Room Near Airport - Stylish Home Shared,590057867,1668585669883884320,Liping,,Eastmoor/Walnut Ridge,39.9659931,-82.9143704,Private room,40,30,4,2026-06-12,3.53,4,358,4,2026-1818
1693459619127029639,Hartney House,315729151,1469595872435283272,Rachel,,Eastland/Brice,39.9217502,-82.8250595,Entire home/apt,,30,0,,,15,320,0,
1694348245931012844,"Spacious 4BR Near OSU | Sleeps 8-10, Office+Wi-Fi",527935855,1694348246674867335,Nathan,,Near North/University,39.9971408,-82.99657599999999,Entire home/apt,438,1,3,2026-06-14,3,1,149,3,STRP26000674
1694390831370833293,Bright and Sunny TownHouse Close to Downtown,453711433,1470041421803682612,Goose Fox LLC,,Near East,39.95578,-82.95803,Entire home/apt,264,2,0,,,18,359,0,STRP26000454
1694579485976053761,Modern and Bright Townhouse near Downtown,453711433,1470041421803682612,Goose Fox LLC,,Near East,39.95464,-82.95808,Entire home/apt,236,2,0,,,18,328,0,STRP26000455
1695623969669966378,Spacious & Modern Townhouse W/ Fenced Yard,432234139,1467704638516686531,Sara,,Northland,40.09109,-82.95978,Entire home/apt,,30,0,,,71,254,0,
1695898526835050177,Stunning unit with great amenities,453019578,1470038730828227920,Tom,,West Olentangy,39.989014463391314,-83.03156214638231,Entire home/apt,138,2,1,2026-06-14,1,63,145,1,STRP26000356
1695899191156129394,Luxury unit with great amenities,453019578,1470038730828227920,Tom,,West Olentangy,39.98757,-83.03364,Entire home/apt,473,2,0,,,63,138,0,STRP26000355
1696668144968040851,Spacious Retreat - 3 BR + Parking- German Village,519443040,1470337278875216471,Houspitality,,Near South,39.95030495412858,-82.98373613322438,Entire home/apt,221,2,0,,,7,356,0,2023-3829
1696871666063789120,"Southern Orch Calm-1 Gig WiFi, Full Kitchen, Quiet",89119768,1467080681258526373,Sarah,,Near South,39.9451484,-82.9817691,Entire home/apt,168,2,1,2026-06-24,1,19,169,1,STRP26000904
1697243953913895082,Stunning Studio Apartment Just Steps from OSU,453019578,1470038730828227920,Tom,,Near North/University,40.00347141131446,-83.00897406011507,Entire home/apt,142,2,0,,,63,126,0,2025-2331
1697303775870207229,"Your Cozy Columbus Base
Ideal for Work & Travel",1677262086418366904,1677262713599715767,Josepher,,South Linden,39.99454780650855,-82.98917402233019,Private room,172,1,2,2026-06-08,2,1,233,2,Strp26000820
1697334345918278142,Bright Spacious 5BR Perfect for Groups or Family,26958698,1462639286756387417,Benjamin,,Near North/University,40.00896042821569,-82.99987311810726,Entire home/apt,318,2,0,,,6,362,0,2052-0092
1697478587217405155,1-Bedroom Luxury Unit with Pool Access,453019578,1470038730828227920,Tom,,West Olentangy,39.98738600015484,-83.03396686356788,Entire home/apt,272,2,2,2026-06-14,2,63,135,2,STRP26000413
1697479457220617896,Gorgeous Apartment in Grandview,453019578,1470038730828227920,Tom,,West Olentangy,39.98604,-83.03333,Entire home/apt,154,2,1,2026-06-13,1,63,87,1,STRP26000410
1698168072516806110,Cozy apartment with restaurants nearby.,69829917,1698168073485792152,Jacob,,Near East,39.96236188555724,-82.9596085091057,Entire home/apt,81,30,0,,,1,365,0,
1698795456533585102,Cozy Cottonwood Cottage| Clintonville 3BR Near OSU,106331251,1467289489992793260,Doc,,North Linden,40.04128559999999,-82.9819827,Entire home/apt,255,1,4,2026-06-19,4,1,353,4,STRP25000453
1699487681703984713,Mid-Century Inspired 1BD Near High St.,16513590,1650219128241293381,Bernice,,Near North/University,39.98728226772593,-83.00414110702826,Entire home/apt,62,30,0,,,4,326,0,
1699489019504083713,Spacious 3 BR | Perfect for longer stays,496464688,1470234037205070583,Housepitality,,Near South,39.94073908912695,-82.96911645788838,Entire home/apt,242,30,0,,,25,313,0,STRP25001154
1700170211602787091,Relaxing Private Room - CMH and Easton Shared Home,590057867,1668585669883884320,Liping,,Eastmoor/Walnut Ridge,39.9659931,-82.9143704,Private room,39,30,2,2026-06-13,2,4,338,2,2025-1818
1701038488703599184,The Welch Wonderland,519156832,1470336044328166601,Housepitality,,Near South,39.93067,-82.98717,Entire home/apt,446,2,0,,,9,321,0,2026-0163
1701053207305663438,Modern Boho Condo | Walk to Downtown Columbus,498509260,1470242369503230465,Benjamin,,Near South,39.949827192710885,-82.98277772969047,Entire home/apt,256,1,1,2026-06-10,1,11,359,1,2025-0134
1701677289215250729,1 Gbps WiFi | 5BR Nationwide Children's | Hot Tub,585847344,1470601877880036994,Evan,,Near South,39.9471830575657,-82.96533159308238,Entire home/apt,396,30,0,,,1,196,0,
1702651135867706119,Cozy 3BR | King | Garage | Firepit | OSU + Easton,465176614,1470096547849294326,Tina,,North Linden,40.0539953188391,-82.95704902336462,Entire home/apt,198,2,1,2026-06-15,1,3,352,1,STRP25000295
1703625249930698115,Draft 673 S Champion draft,11697746,1462870954274874859,One Fine BnB,,Near South,39.9516083,-82.9701637,Entire home/apt,,30,0,,,1,365,0,2024-2967
1703781709832096446,"Stylish 2BR Near Bexley, Capital & Main St",462623546,1470084173204732755,Brandon,,Eastmoor/Walnut Ridge,39.95592,-82.92298679999999,Entire home/apt,175,2,0,,,5,355,0,STRP26000796
1703841673434657098,Comfortable 2BR Double in the Linden Area,286980818,1469497793353894873,Cheryl,,South Linden,39.9983107,-82.9747294,Entire home/apt,57,30,0,,,48,323,0,
1704418850137345686,Home Away From Home Getaway,1695371461687729442,1704418850961714611,Cia,,Northeast,39.98523744613816,-82.93263352261914,Entire home/apt,142,30,0,,,3,353,0,2026-7532
1704562596004910712,A-GermanVillage Boho Studio FreePark PetsAllowed,519156832,1470336044328166601,Housepitality,,Near South,39.951421305292115,-82.99424835899435,Entire home/apt,90,30,0,,,9,269,0,2026-0338
1704579315841681683,Cleveland Ave Extended Stay | Near Downtown & OSU,104032520,1467248938308172976,Zari,,South Linden,39.9977717,-82.9777417,Entire home/apt,86,30,0,,,11,332,0,
1704585374738387575,Modern 4BR with Private Parking Near OSU,462623546,1470084173204732755,Brandon,,Near North/University,40.0155361,-83.00369119999999,Entire home/apt,263,2,1,2026-06-21,1,5,358,1,STRP26000788
1704734369554877618,Charming 4BR/5-Bed Home | Patio & Big Yard BBQ,462623546,1470084173204732755,Brandon,,Westland,39.9286496,-83.154271,Entire home/apt,362,2,3,2026-06-17,3,5,345,3,STRP26000783
1705039462669811535,"Olde Towne East Loft | Brick, Workspace, Laundry",115836608,1462908128595617159,Erich,,Near East,39.9626512,-82.9669747,Entire home/apt,91,30,0,,,45,352,0,
1705146647650789465,The Luxe House | Mini Gym + Movie Room,1695371461687729442,1704418850961714611,Cia,,Northland,40.09231313559428,-82.95477261344178,Entire home/apt,116,30,0,,,3,335,0,2026-2077
1705585896672561581,The Towne House/Lower Flat/ Near Downtown Columbus,303029574,1469552986172757299,Kimberly,,Near East,39.9592747,-82.97631229999999,Entire home/apt,112,30,0,,,5,301,0,
1705603675715214188,The Towne House/Upper Loft/ Near Downtown Columbus,303029574,1469552986172757299,Kimberly,,Near East,39.95952936067514,-82.97736199953394,Entire home/apt,202,30,0,,,5,301,0,
1705613183829008462,The Towne House Residence/ Olde Towne East,303029574,1469552986172757299,Kimberly,,Near East,39.95811888219302,-82.97675369382561,Entire home/apt,310,30,0,,,5,180,0,
1706027358555023103,Housepitality - The City View Suite,496464688,1470234037205070583,Housepitality,,Near South,39.95171065894179,-82.99555666866968,Entire home/apt,209,1,0,,,25,365,0,STRP26000810
1706027465719918518,The Neuschwanstein Flat- Walkable,496464688,1470234037205070583,Housepitality,,Near South,39.95212160119704,-82.99413068069535,Entire home/apt,215,1,0,,,25,362,0,STRP26000812
1706028577623178841,Housepitality - The Lilley Pad - Near Downtown,496464688,1470234037205070583,Housepitality,,Near East,39.9560383505071,-82.95851535636388,Entire home/apt,177,30,0,,,25,365,0,2024-0743
1706505549146457615,Brewery District Gem | 2BR with Historic Charm,97405277,1467173375652989130,Darren,,Near South,39.9453756,-82.99899239999999,Entire home/apt,272,1,0,,,18,360,0,STRP26000901
1706829163774143660,Perfect 5BR stay for families & Biz travelers,394069823,1706829164489867063,Miriam,,Westland,39.93305,-83.15167,Entire home/apt,405,2,1,2026-06-21,1,1,339,1,STRP26000695
1706851680951329428,North Columbus Ohio Home,745850700,1619675816797627988,Iris,,Northland,40.06197,-82.98875,Private room,59,30,0,,,2,333,0,
1706874923415585411,Updated 3 bedroom 2 bath in the Short North!,228223872,1469215646116156331,Eric,,Near North/University,39.979369562476975,-83.01126849058211,Entire home/apt,288,30,1,2026-06-17,1,14,90,1,2025-2789
1707036244495546786,Renovated 3 bed/2 bath home in the Short North,228223872,1469215646116156331,Eric,,Near North/University,39.97923417561268,-83.01085607321264,Entire home/apt,396,30,0,,,14,90,0,2025-2542
1708911067123749869,Tri-Level Home | Fenced Yard | Columbus,432234139,1467704638516686531,Sara,,Far East,39.96105,-82.82528,Entire home/apt,161,30,0,,,71,337,0,
1708920417580499238,Spruce House - Renovated 5BR/2BA w Private Balcony,175883174,1468705028249288964,Michael,,Near North/University,40.012,-82.99844,Entire home/apt,173,1,0,,,8,28,0,STRP25000492
1708922330149064144,Cedar House | Designer 5BR/2BA w Private Balcony,175883174,1468705028249288964,Michael,,Near North/University,40.01357034421097,-82.99733397690378,Entire home/apt,160,1,0,,,8,26,0,STRP25000491
1709612887931293716,Short North Retreat w/Parking | Sleeps up to 5.,228223872,1469215646116156331,Eric,,Near North/University,39.97896,-83.004,Entire home/apt,123,1,0,,,14,89,0,STRP25000420
1709621447543165962,Short North Hotspot |Sleeps 8 Parking|OSU|CONV CTR,228223872,1469215646116156331,Eric,,Near North/University,39.97956039338162,-83.00486790683635,Entire home/apt,140,1,0,,,14,87,0,STRP25000420
1710277576838633030,The Ladder Loft at Capital,115836608,1462908128595617159,Erich,,Near East,39.9647753,-82.9745221,Entire home/apt,81,30,0,,,45,338,0,
1710294258221616649,Luxe on Rich/ Luxury Stay near Downtown,303029574,1469552986172757299,Kimberly,,Near East,39.95910629999999,-82.96751689999999,Entire home/apt,271,30,0,,,5,336,0,
1710823927108255326,Completely renovated everything is new!,65974158,1466815630905223414,Aunda,,Near East,39.95902188473233,-82.95923064520812,Entire home/apt,108,3,1,2026-06-25,1,2,317,1,STRP26000777
1710871646158918243,Comfy 1 Bed Apt Near Downtown & Short North,16513590,1650219128241293381,Bernice,,Near North/University,39.98844,-83.00313,Entire home/apt,62,30,0,,,4,306,0,
1711785059201701527,Spacious Family Home - 15 Min To Downtown Columbus,524674198,1711785059889095456,Rupali,,Westland,39.9413653,-83.14740929999999,Entire home/apt,306,1,3,2026-06-28,3,1,353,3,STRP26000243
1711806187917062836,OSU & Medical District Townhome,29603551,1465435635338168017,Hanna,,Northwest,40.056909,-83.068951,Entire home/apt,142,30,0,,,2,329,0,
1711823355671644079,Olde Towne East Townhouse | Minutes to Downtown,498509260,1470242369503230465,Benjamin,,Near East,39.95747,-82.97835,Entire home/apt,347,1,0,,,11,361,0,STRP26000742
1711830438799182407,Cozy & Quiet Columbus Getaway Near Downtown,496464688,1470234037205070583,Housepitality,,Near South,39.93334946923852,-82.9960995011205,Entire home/apt,101,30,0,,,25,365,0,
1714129720032703335,1 Bed Apartment Close to Ohio State and Downtown,259386526,1463322202987266368,Griffin,,Near North/University,40.0147354,-83.00873399999999,Entire home/apt,48,30,0,,,19,293,0,2026-0000
1714144221772788760,Ohio State Apartment - Great for Work or School!,259386526,1463322202987266368,Griffin,,Near North/University,40.0147354,-83.00873399999999,Entire home/apt,59,30,0,,,19,334,0,
1714147665883327489,Apartment w/ Comfortable Bed & Smart TV - Near OSU,259386526,1463322202987266368,Griffin,,Near North/University,40.0157984,-83.01126339999999,Entire home/apt,66,30,0,,,19,365,0,
1714166828455429663,Great Mid-Term Rental for Living Near Ohio State!,259386526,1463322202987266368,Griffin,,Near North/University,40.0158061,-83.0111981,Entire home/apt,66,30,0,,,19,336,0,
1714170536550588506,Apartment by Ohio State University | Pet-Friendly,259386526,1463322202987266368,Griffin,,Near North/University,40.0157927,-83.0111129,Entire home/apt,66,30,0,,,19,335,0,
1714398171795529126,"Cozy Columbus 1BR w/Wrkspace, Full Kitchen & Wi-Fi",433650817,1469962687884398585,John,,Near East,39.9620118,-82.9710053,Entire home/apt,64,30,0,,,3,365,0,
1714443618201190732,Modern Crew House Near Downtown | 2-Car Garage,105433925,1462883895103631402,Fitumi,,Near East,39.9542922,-82.9657421,Entire home/apt,488,2,0,,,5,158,0,STRP26000756
1714788043826773799,"Parkfront Home, Private Yard & Workspace",552434649,1470469185186004337,Rashed,,Near East,39.9599564,-82.96500429999999,Entire home/apt,149,2,0,,,5,353,0,2024-2486
1714794995511789942,The Orchard Oasis,26958698,1462639286756387417,Benjamin,,Clintonville,40.03458958723244,-83.01970066635823,Entire home/apt,303,1,0,,,6,332,0,2025-0361
1715583853069867792,Luxury Retreat w/ Hot Tub & Fire Pit Near Downtown,500021778,1463845771054078580,Keira,,Near East,39.9679943,-82.96216969999999,Entire home/apt,167,30,0,,,4,363,0,
1715721637388565698,Modern Luxe Stay | Movie Room | Family Friendly,1695371461687729442,1704418850961714611,Cia,,Northland,40.093713,-82.93574989999999,Entire home/apt,187,30,0,,,3,363,0,
1716046938727104718,Cozy Private Room in Charming Home,365342731,1469735420220813057,Bibi,,Near South,39.93494,-82.97042,Private room,85,30,0,,,1,270,0,
1716060402620606357,Kall,686722533,1470714054993628366,Jale,,Eastmoor/Walnut Ridge,39.95079,-82.88636,Private room,43,2,0,,,3,361,0,Exempt
1716908716658576628,"Mound Pub - Hot Tub, Arcades, Shuffleboard & Patio",188952964,1468979365533274168,Luana,,Near East,39.9568742,-82.9792361,Entire home/apt,600,1,0,,,7,358,0,STRP26000763
